ts_code,ann_date,end_date,holder_name,hold_ratio,holder_type
000027.SZ,20260417,20251231,三峡资本控股有限责任公司,0.5692,一般企业
000027.SZ,20260417,20251231,中国农业银行股份有限公司-中证500交易型开放式指数证券投资基金,0.442,其他金融产品
000027.SZ,20260417,20251231,倪晶,0.1761,自然人
000027.SZ,20260417,20251231,华能国际,25.0156,一般企业
000027.SZ,20260417,20251231,华能国际电力股份有限公司,25.0156,一般企业
000027.SZ,20260417,20251231,广东电力发展股份有限公司,0.3178,一般企业
000027.SZ,20260417,20251231,深圳市人民政府国有资产监督管理委员会,43.9076,国资局
000027.SZ,20260417,20251231,深圳市亿鑫投资有限公司,1.1258,投资公司
000027.SZ,20260417,20251231,深圳市国资委,43.9076,一般企业
000027.SZ,20260417,20251231,深圳市资本运营集团有限公司,4.8299,资产管理公司
000027.SZ,20260417,20251231,王斌,0.2082,自然人
000027.SZ,20260417,20251231,香港中央结算有限公司,0.375,一般企业
000037.SZ,20260415,20251231,BOCISECURITIESLIMITED,0.7151,一般企业
000037.SZ,20260415,20251231,BOCISECURITIESLIMITED,0.7151,一般企业
000037.SZ,20260415,20251231,GUOTAIJUNANSECURITIES(HONGKONG)LIMITED,0.8925,一般企业
000037.SZ,20260415,20251231,GUOTAIJUNANSECURITIES(HONGKONG)LIMITED,0.8925,一般企业
000037.SZ,20260415,20251231,LISHERYNZHANMING,0.6908,自然人
000037.SZ,20260415,20251231,LISHERYNZHANMING,0.6908,自然人
000037.SZ,20260415,20251231,张月香,0.5475,自然人
000037.SZ,20260415,20251231,张月香,0.5475,自然人
000037.SZ,20260415,20251231,招商证券(香港)有限公司,0.9062,金融机构—证券公司
000037.SZ,20260415,20251231,招商证券(香港)有限公司,0.9062,金融机构—证券公司
000037.SZ,20260415,20251231,曾颖,1.1878,自然人
000037.SZ,20260415,20251231,曾颖,1.1878,自然人
000037.SZ,20260415,20251231,深圳市能源集团有限公司,10.8013,一般企业
000037.SZ,20260415,20251231,深圳市能源集团有限公司,10.8013,一般企业
000037.SZ,20260415,20251231,深圳广聚实业有限公司,12.2215,一般企业
000037.SZ,20260415,20251231,深圳广聚实业有限公司,12.2215,一般企业
000037.SZ,20260415,20251231,香港南海洋行(国际)有限公司,15.2835,一般企业
000037.SZ,20260415,20251231,香港南海洋行(国际)有限公司,15.2835,一般企业
000037.SZ,20260415,20251231,黄以龙,0.6415,自然人
000037.SZ,20260415,20251231,黄以龙,0.6415,自然人
000155.SZ,20260410,20251231,东方电气股份有限公司,4.7215,一般企业
000155.SZ,20260410,20251231,中国农业银行股份有限公司-中证500交易型开放式指数证券投资基金,1.011,其他金融产品
000155.SZ,20260410,20251231,中央企业乡村产业投资基金股份有限公司,2.0813,风险投资公司
000155.SZ,20260410,20251231,四川化工集团有限责任公司,7.7729,一般企业
000155.SZ,20260410,20251231,四川发展引领资本管理有限公司,2.8192,资产管理公司
000155.SZ,20260410,20251231,四川省能源投资集团有限责任公司,30.426,投资公司
000155.SZ,20260410,20251231,四川能投资本控股有限公司,1.2621,投资公司
000155.SZ,20260410,20251231,徐功荣,0.5697,自然人
000155.SZ,20260410,20251231,成都明永投资有限公司,3.2454,投资公司
000155.SZ,20260410,20251231,香港中央结算有限公司,0.8724,一般企业
000507.SZ,20260429,20251231,中央企业乡村产业投资基金股份有限公司,1.0366,风险投资公司
000507.SZ,20260429,20251231,中央企业乡村产业投资基金股份有限公司,1.0366,风险投资公司
000507.SZ,20260429,20251231,周伟成,0.3418,自然人
000507.SZ,20260429,20251231,周伟成,0.3418,自然人
000507.SZ,20260429,20251231,庄晓虹,0.3878,自然人
000507.SZ,20260429,20251231,庄晓虹,0.3878,自然人
000507.SZ,20260429,20251231,张沐城,2.1745,自然人
000507.SZ,20260429,20251231,张沐城,2.1745,自然人
000507.SZ,20260429,20251231,施皓天,0.3371,自然人
000507.SZ,20260429,20251231,施皓天,0.3371,自然人
000507.SZ,20260429,20251231,施韶东,0.3717,自然人
000507.SZ,20260429,20251231,施韶东,0.3717,自然人
000507.SZ,20260429,20251231,珠海华金领创基金管理有限公司-珠海华金创盈六号股权投资基金合伙企业(有限合伙),3.5268,风险投资公司
000507.SZ,20260429,20251231,珠海华金领创基金管理有限公司-珠海华金创盈六号股权投资基金合伙企业(有限合伙),3.5268,风险投资公司
000507.SZ,20260429,20251231,珠海市财信企业管理咨询有限公司,1.55,投资公司
000507.SZ,20260429,20251231,珠海市财信企业管理咨询有限公司,1.55,投资公司
000507.SZ,20260429,20251231,珠海港控股集团有限公司,29.9812,一般企业
000507.SZ,20260429,20251231,珠海港控股集团有限公司,29.9812,一般企业
000507.SZ,20260429,20251231,香港中央结算有限公司,0.5951,一般企业
000507.SZ,20260429,20251231,香港中央结算有限公司,0.5951,一般企业
000531.SZ,20260410,20251231,中国银行-招商量化精选股票型发起式证券投资基金,0.4878,其他金融产品
000531.SZ,20260410,20251231,中国银行-招商量化精选股票型发起式证券投资基金,0.4878,其他金融产品
000531.SZ,20260410,20251231,卢文星,1.2809,自然人
000531.SZ,20260410,20251231,卢文星,1.2809,自然人
000531.SZ,20260410,20251231,广州发展电力企业有限公司,14.4847,一般企业
000531.SZ,20260410,20251231,广州发展电力企业有限公司,14.4847,一般企业
000531.SZ,20260410,20251231,广州恒运控股集团有限公司,43.8942,一般企业
000531.SZ,20260410,20251231,广州恒运控股集团有限公司,43.8942,一般企业
000531.SZ,20260410,20251231,广州港股份有限公司,1.3017,一般企业
000531.SZ,20260410,20251231,广州港股份有限公司,1.3017,一般企业
000531.SZ,20260410,20251231,广州黄电投资有限公司,2.7635,投资公司
000531.SZ,20260410,20251231,广州黄电投资有限公司,2.7635,投资公司
000531.SZ,20260410,20251231,张武,2.4006,自然人
000531.SZ,20260410,20251231,张武,2.4006,自然人
000531.SZ,20260410,20251231,王廷伟,0.5515,自然人
000531.SZ,20260410,20251231,王廷伟,0.5515,自然人
000531.SZ,20260410,20251231,邱小连,0.3745,自然人
000531.SZ,20260410,20251231,邱小连,0.3745,自然人
000531.SZ,20260410,20251231,香港中央结算有限公司,0.8092,一般企业
000531.SZ,20260410,20251231,香港中央结算有限公司,0.8092,一般企业
000537.SZ,20260428,20251231,三峡资本控股有限责任公司,0.5708,一般企业
000537.SZ,20260428,20251231,中国农业银行股份有限公司-中证500交易型开放式指数证券投资基金,0.5893,其他金融产品
000537.SZ,20260428,20251231,国联信托股份有限公司-国联信托·惠越24008号集合资金信托计划,0.384,其他金融产品
000537.SZ,20260428,20251231,天津融创私募股权投资基金管理有限公司-天津海河融创津京冀智能产业基金合伙企业(有限合伙),0.3421,风险投资公司
000537.SZ,20260428,20251231,李卓,0.5538,自然人
000537.SZ,20260428,20251231,李栋梁,0.4122,自然人
000537.SZ,20260428,20251231,肇庆市泓力房地产发展有限公司,0.4573,一般企业
000537.SZ,20260428,20251231,贝国浩,0.3787,自然人
000537.SZ,20260428,20251231,香港中央结算有限公司,0.6331,一般企业
000537.SZ,20260428,20251231,鲁能集团有限公司,68.6107,一般企业
000539.SZ,20260331,20251231,CHINAINTERNATIONALCAPITALCORPORATIONHONGKONGSECURITIESLTD,0.2898,一般企业
000539.SZ,20260331,20251231,NOMURASINGAPORELIMITED,0.24,一般企业
000539.SZ,20260331,20251231,VANGUARDTOTALINTERNATIONALSTOCKINDEXFUND,0.2785,其他金融产品
000539.SZ,20260331,20251231,中国农业银行股份有限公司-中证500交易型开放式指数证券投资基金,0.2513,其他金融产品
000539.SZ,20260331,20251231,周峥,0.2059,自然人
000539.SZ,20260331,20251231,广东省电力开发公司,1.7974,一般企业
000539.SZ,20260331,20251231,广东省能源集团有限公司,67.3891,一般企业
000539.SZ,20260331,20251231,广州发展集团股份有限公司,2.2226,一般企业
000539.SZ,20260331,20251231,超康投资有限公司,0.222,投资公司
000539.SZ,20260331,20251231,郑建祥,0.5116,自然人
000543.SZ,20260424,20251231,中国太平洋人寿保险股份有限公司-传统保险高分红股票管理组合,2.5216,保险投资组合
000543.SZ,20260424,20251231,中国太平洋人寿保险股份有限公司-分红-个人分红,0.7764,保险投资组合
000543.SZ,20260424,20251231,中国太平洋财产保险-传统-普通保险产品-013C-CT001深,0.4075,保险投资组合
000543.SZ,20260424,20251231,安徽省皖能能源物资有限公司,1.8096,一般企业
000543.SZ,20260424,20251231,安徽省皖能资本投资有限公司,0.9138,投资公司
000543.SZ,20260424,20251231,安徽省能源集团有限公司,54.9309,一般企业
000543.SZ,20260424,20251231,招商银行股份有限公司-南方中证1000交易型开放式指数证券投资基金,0.4571,其他金融产品
000543.SZ,20260424,20251231,招商银行股份有限公司-工银瑞信可转债债券型证券投资基金,0.7178,其他金融产品
000543.SZ,20260424,20251231,香港中央结算有限公司,0.9774,一般企业
000543.SZ,20260424,20251231,黄国权,0.3008,自然人
000591.SZ,20260424,20251231,中信建投证券股份有限公司-天弘中证光伏产业指数型发起式证券投资基金,0.5094,其他金融产品
000591.SZ,20260424,20251231,中国农业银行股份有限公司-中证500交易型开放式指数证券投资基金,1.0323,其他金融产品
000591.SZ,20260424,20251231,中国节能环保集团有限公司,31.168,一般企业
000591.SZ,20260424,20251231,中国银行股份有限公司-华泰柏瑞中证光伏产业交易型开放式指数证券投资基金,0.6863,其他金融产品
000591.SZ,20260424,20251231,中新互联互通投资基金管理有限公司-重庆吉曜私募股权投资基金合伙企业(有限合伙),0.69,风险投资公司
000591.SZ,20260424,20251231,中节能资本控股有限公司,3.4187,一般企业
000591.SZ,20260424,20251231,俞正福,0.4306,自然人
000591.SZ,20260424,20251231,常州东方锦鸿建设发展有限公司,0.7544,一般企业
000591.SZ,20260424,20251231,重庆太极实业(集团)股份有限公司,0.3929,一般企业
000591.SZ,20260424,20251231,香港中央结算有限公司,1.5028,一般企业
000595.SZ,20260418,20251231,宁夏优势西证新能源合伙企业(有限合伙),3.5129,一般企业
000595.SZ,20260418,20251231,宁夏优势西证新能源合伙企业(有限合伙),3.5129,一般企业
000595.SZ,20260418,20251231,宁夏国有资本运营集团有限责任公司,29.3328,国资局
000595.SZ,20260418,20251231,宁夏国有资本运营集团有限责任公司,29.3328,国资局
000595.SZ,20260418,20251231,宝塔实业股份有限公司破产企业财产处置专用账户,1.3588,其他金融产品
000595.SZ,20260418,20251231,宝塔实业股份有限公司破产企业财产处置专用账户,1.3588,其他金融产品
000595.SZ,20260418,20251231,宝塔石化集团有限公司,24.8904,一般企业
000595.SZ,20260418,20251231,宝塔石化集团有限公司,24.8904,一般企业
000595.SZ,20260418,20251231,彭旭,0.2633,自然人
000595.SZ,20260418,20251231,彭旭,0.2633,自然人
000595.SZ,20260418,20251231,毛瓯越,0.8782,自然人
000595.SZ,20260418,20251231,毛瓯越,0.8782,自然人
000595.SZ,20260418,20251231,江苏东方宏达电力发展有限公司,1.7565,一般企业
000595.SZ,20260418,20251231,江苏东方宏达电力发展有限公司,1.7565,一般企业
000595.SZ,20260418,20251231,浙江永正锂电股份有限公司,0.4405,一般企业
000595.SZ,20260418,20251231,浙江永正锂电股份有限公司,0.4405,一般企业
000595.SZ,20260418,20251231,胡祖平,1.7214,自然人
000595.SZ,20260418,20251231,胡祖平,1.7214,自然人
000595.SZ,20260418,20251231,钟革,3.5129,自然人
000595.SZ,20260418,20251231,钟革,3.5129,自然人
000600.SZ,20260429,20251231,中国建设银行-华夏红利混合型开放式证券投资基金,0.3069,其他金融产品
000600.SZ,20260429,20251231,中国银行股份有限公司-招商量化精选股票型发起式证券投资基金,0.4517,其他金融产品
000600.SZ,20260429,20251231,中央汇金资产管理有限责任公司,1.3084,资产管理公司
000600.SZ,20260429,20251231,全国社保基金四一二组合,0.311,社保基金、社保机构
000600.SZ,20260429,20251231,兴业银行股份有限公司-汇添富品质价值混合型证券投资基金,0.8873,其他金融产品
000600.SZ,20260429,20251231,国寿养老策略4号股票型养老金产品-中国工商银行股份有限公司,0.226,其他金融产品
000600.SZ,20260429,20251231,招商银行股份有限公司-华夏中证1000交易型开放式指数证券投资基金,0.2319,其他金融产品
000600.SZ,20260429,20251231,招商银行股份有限公司-南方中证1000交易型开放式指数证券投资基金,0.3656,其他金融产品
000600.SZ,20260429,20251231,河北建设投资集团有限责任公司,65.2109,投资公司
000600.SZ,20260429,20251231,香港中央结算有限公司,1.7967,一般企业
000601.SZ,20260424,20251231,刘佳欣,1.5989,自然人
000601.SZ,20260424,20251231,刘佳欣,1.5989,自然人
000601.SZ,20260424,20251231,刘军,0.8378,自然人
000601.SZ,20260424,20251231,刘军,0.8378,自然人
000601.SZ,20260424,20251231,深圳兆伟恒发能源有限公司,7.3967,一般企业
000601.SZ,20260424,20251231,深圳兆伟恒发能源有限公司,7.3967,一般企业
000601.SZ,20260424,20251231,深圳日昇创沅资产管理有限公司,7.1762,资产管理公司
000601.SZ,20260424,20251231,深圳日昇创沅资产管理有限公司,7.1762,资产管理公司
000601.SZ,20260424,20251231,深圳能源集团股份有限公司,1.5624,一般企业
000601.SZ,20260424,20251231,深圳能源集团股份有限公司,1.5624,一般企业
000601.SZ,20260424,20251231,肖文清,1.1682,自然人
000601.SZ,20260424,20251231,肖文清,1.1682,自然人
000601.SZ,20260424,20251231,胡国华,0.8456,自然人
000601.SZ,20260424,20251231,胡国华,0.8456,自然人
000601.SZ,20260424,20251231,葛万来,0.6196,自然人
000601.SZ,20260424,20251231,葛万来,0.6196,自然人
000601.SZ,20260424,20251231,韶关市工业资产经营有限公司,14.6522,资产管理公司
000601.SZ,20260424,20251231,韶关市工业资产经营有限公司,14.6522,资产管理公司
000601.SZ,20260424,20251231,香港中央结算有限公司,3.1657,一般企业
000601.SZ,20260424,20251231,香港中央结算有限公司,3.1657,一般企业
000631.SZ,20260331,20251231,万向集团公司,62.2822,一般企业
000631.SZ,20260331,20251231,万向集团公司,62.2822,一般企业
000631.SZ,20260331,20251231,中央汇金资产管理有限责任公司,1.3314,资产管理公司
000631.SZ,20260331,20251231,中央汇金资产管理有限责任公司,1.3314,资产管理公司
000631.SZ,20260331,20251231,杨伦嗨,0.2183,自然人
000631.SZ,20260331,20251231,杨伦嗨,0.2183,自然人
000631.SZ,20260331,20251231,祁堃,3.3399,自然人
000631.SZ,20260331,20251231,祁堃,3.3399,自然人
000631.SZ,20260331,20251231,钱立强,0.2195,自然人
000631.SZ,20260331,20251231,钱立强,0.2195,自然人
000631.SZ,20260331,20251231,长春高新光电发展有限公司,0.2949,一般企业
000631.SZ,20260331,20251231,长春高新光电发展有限公司,0.2949,一般企业
000631.SZ,20260331,20251231,顺发恒能股份公司-2024年员工持股计划,6.2623,其他金融产品
000631.SZ,20260331,20251231,顺发恒能股份公司-2024年员工持股计划,6.2623,其他金融产品
000631.SZ,20260331,20251231,顺发恒能股份公司-2025年员工持股计划,2.3092,其他金融产品
000631.SZ,20260331,20251231,顺发恒能股份公司-2025年员工持股计划,2.3092,其他金融产品
000631.SZ,20260331,20251231,颜飙,0.353,自然人
000631.SZ,20260331,20251231,颜飙,0.353,自然人
000631.SZ,20260331,20251231,香港中央结算有限公司,0.5616,一般企业
000631.SZ,20260331,20251231,香港中央结算有限公司,0.5616,一般企业
000690.SZ,20260421,20251231,中国建设银行股份有限公司-前海开源公用事业行业股票型证券投资基金,0.9785,其他金融产品
000690.SZ,20260421,20251231,华夏基金管理有限公司-社保基金四二二组合,2.0376,社保基金、社保机构
000690.SZ,20260421,20251231,广东宝丽华新能源股份有限公司-第七期员工持股计划,0.8355,其他金融产品
000690.SZ,20260421,20251231,广东宝丽华集团有限公司,17.7328,一般企业
000690.SZ,20260421,20251231,张惠强,2.1578,自然人
000690.SZ,20260421,20251231,戴毅,0.7223,自然人
000690.SZ,20260421,20251231,招商银行股份有限公司-南方中证1000交易型开放式指数证券投资基金,0.9179,其他金融产品
000690.SZ,20260421,20251231,招商银行股份有限公司-工银瑞信红利优享灵活配置混合型证券投资基金,0.7111,其他金融产品
000690.SZ,20260421,20251231,李卫萍,1.0553,自然人
000690.SZ,20260421,20251231,香港中央结算有限公司,1.4359,一般企业
000692.SZ,20260429,20251231,丁桂珠,0.4504,自然人
000692.SZ,20260429,20251231,丁桂珠,0.4504,自然人
000692.SZ,20260429,20251231,吉敏,0.5309,自然人
000692.SZ,20260429,20251231,吉敏,0.5309,自然人
000692.SZ,20260429,20251231,杨宝锐,0.5106,自然人
000692.SZ,20260429,20251231,杨宝锐,0.5106,自然人
000692.SZ,20260429,20251231,杨英,0.9403,自然人
000692.SZ,20260429,20251231,杨英,0.9403,自然人
000692.SZ,20260429,20251231,段新华,0.3831,自然人
000692.SZ,20260429,20251231,段新华,0.3831,自然人
000692.SZ,20260429,20251231,沈阳润电热力有限公司,29.99,一般企业
000692.SZ,20260429,20251231,沈阳润电热力有限公司,29.99,一般企业
000692.SZ,20260429,20251231,潘海华,0.4069,自然人
000692.SZ,20260429,20251231,潘海华,0.4069,自然人
000692.SZ,20260429,20251231,田建江,0.7436,自然人
000692.SZ,20260429,20251231,田建江,0.7436,自然人
000692.SZ,20260429,20251231,迟强,0.3854,自然人
000692.SZ,20260429,20251231,迟强,0.3854,自然人
000692.SZ,20260429,20251231,钟正浩,0.563,自然人
000692.SZ,20260429,20251231,钟正浩,0.563,自然人
000722.SZ,20260404,20251231,佘振清,0.2553,自然人
000722.SZ,20260404,20251231,周科文,0.4877,自然人
000722.SZ,20260404,20251231,朱恺,0.2878,自然人
000722.SZ,20260404,20251231,湖南能源集团有限公司,51.5316,一般企业
000722.SZ,20260404,20251231,蔡金生,0.616,自然人
000722.SZ,20260404,20251231,衡阳市供销合作总社,1.7236,一般企业
000722.SZ,20260404,20251231,衡阳市天雄社有资产经营有限公司,0.3038,资产管理公司
000722.SZ,20260404,20251231,衡阳弘湘国有投资(控股)集团有限公司,0.5405,投资公司
000722.SZ,20260404,20251231,陈奕忠,0.241,自然人
000722.SZ,20260404,20251231,香港中央结算有限公司,0.3949,一般企业
000767.SZ,20260423,20251231,上海泽西海企业管理咨询合伙企业(有限合伙),3.12,投资公司
000767.SZ,20260423,20251231,上海瀚晓企业管理咨询合伙企业(有限合伙),2.3282,投资公司
000767.SZ,20260423,20251231,中投知本汇(北京)资产管理有限公司-晋商1号私募投资基金,1.9377,其他金融产品
000767.SZ,20260423,20251231,中投知本汇(北京)资产管理有限公司-晋商2号私募投资基金,1.7615,其他金融产品
000767.SZ,20260423,20251231,华安未来资产-工商银行-中航信托-天顺(2016)322号华安未来定增投资单一资金信托,1.0202,其他金融产品
000767.SZ,20260423,20251231,国电投华泽(天津)能源投资有限公司,5.0,投资公司
000767.SZ,20260423,20251231,山西晋信汇承企业管理咨询合伙企业(有限合伙),3.4889,投资公司
000767.SZ,20260423,20251231,山西省人民政府国有资产监督管理委员会,9.7217,国资局
000767.SZ,20260423,20251231,晋能控股煤业集团有限公司,29.4336,一般企业
000767.SZ,20260423,20251231,香港中央结算有限公司,0.7298,一般企业
000791.SZ,20260328,20251231,中国国有企业结构调整基金二期股份有限公司,1.6311,一般企业
000791.SZ,20260328,20251231,中国长江电力股份有限公司,12.544,一般企业
000791.SZ,20260328,20251231,叶飞,0.5044,自然人
000791.SZ,20260328,20251231,招商银行股份有限公司-工银瑞信红利优享灵活配置混合型证券投资基金,0.4252,其他金融产品
000791.SZ,20260328,20251231,杭州钱唐汇鑫私募基金管理有限公司-钱唐鑫成大海1号私募证券投资基金,0.299,其他金融产品
000791.SZ,20260328,20251231,湖北省铁路发展基金有限责任公司,1.6311,一般企业
000791.SZ,20260328,20251231,甘肃省电力投资集团有限责任公司,63.228,投资公司
000791.SZ,20260328,20251231,重庆市城市建设投资(集团)有限公司,0.3555,投资公司
000791.SZ,20260328,20251231,长电投资管理有限责任公司,0.5306,投资公司
000791.SZ,20260328,20251231,香港中央结算有限公司,0.3622,一般企业
000803.SZ,20260429,20251231,中国建设银行股份有限公司-汇丰晋信中小盘股票型证券投资基金,4.9645,其他金融产品
000803.SZ,20260429,20251231,中国建设银行股份有限公司-汇丰晋信中小盘股票型证券投资基金,4.9645,其他金融产品
000803.SZ,20260429,20251231,交通银行股份有限公司-汇丰晋信龙腾混合型证券投资基金,1.2138,其他金融产品
000803.SZ,20260429,20251231,交通银行股份有限公司-汇丰晋信龙腾混合型证券投资基金,1.2138,其他金融产品
000803.SZ,20260429,20251231,兴业银行股份有限公司-天弘永利债券型证券投资基金,1.8471,其他金融产品
000803.SZ,20260429,20251231,兴业银行股份有限公司-天弘永利债券型证券投资基金,1.8471,其他金融产品
000803.SZ,20260429,20251231,前海人寿保险股份有限公司-分红保险产品华泰组合,1.4958,保险投资组合
000803.SZ,20260429,20251231,前海人寿保险股份有限公司-分红保险产品华泰组合,1.4958,保险投资组合
000803.SZ,20260429,20251231,北京日信嘉锐投资管理有限公司-日信嘉锐红牛壹号私募股权投资基金,4.3212,其他金融产品
000803.SZ,20260429,20251231,北京日信嘉锐投资管理有限公司-日信嘉锐红牛壹号私募股权投资基金,4.3212,其他金融产品
000803.SZ,20260429,20251231,南充产业发展集团有限公司,6.5187,一般企业
000803.SZ,20260429,20251231,南充产业发展集团有限公司,6.5187,一般企业
000803.SZ,20260429,20251231,山高光伏电力发展有限公司,16.5849,一般企业
000803.SZ,20260429,20251231,山高光伏电力发展有限公司,16.5849,一般企业
000803.SZ,20260429,20251231,甘海南,1.2421,自然人
000803.SZ,20260429,20251231,甘海南,1.2421,自然人
000803.SZ,20260429,20251231,福州山高禹阳创业投资合伙企业(有限合伙),3.2729,风险投资公司
000803.SZ,20260429,20251231,福州山高禹阳创业投资合伙企业(有限合伙),3.2729,风险投资公司
000803.SZ,20260429,20251231,香港金融管理局-自有资金,1.2559,一般企业
000803.SZ,20260429,20251231,香港金融管理局-自有资金,1.2559,一般企业
000862.SZ,20260326,20251231,中央企业乡村产业投资基金股份有限公司,6.7454,风险投资公司
000862.SZ,20260326,20251231,中央企业乡村产业投资基金股份有限公司,6.7454,风险投资公司
000862.SZ,20260326,20251231,中铝宁夏能源集团有限公司,41.232,一般企业
000862.SZ,20260326,20251231,中铝宁夏能源集团有限公司,41.232,一般企业
000862.SZ,20260326,20251231,云南能投资本投资有限公司,0.3802,投资公司
000862.SZ,20260326,20251231,云南能投资本投资有限公司,0.3802,投资公司
000862.SZ,20260326,20251231,山东国惠基金管理有限公司-济南国惠鲁银产业投资基金合伙企业(有限合伙),0.9658,风险投资公司
000862.SZ,20260326,20251231,山东国惠基金管理有限公司-济南国惠鲁银产业投资基金合伙企业(有限合伙),0.9658,风险投资公司
000862.SZ,20260326,20251231,新华资管-农业银行-新华资产-低碳新经济产业优选资产管理产品,0.8589,其他金融产品
000862.SZ,20260326,20251231,新华资管-农业银行-新华资产-低碳新经济产业优选资产管理产品,0.8589,其他金融产品
000862.SZ,20260326,20251231,茅安庆,0.3837,自然人
000862.SZ,20260326,20251231,茅安庆,0.3837,自然人
000862.SZ,20260326,20251231,银川市产业基金管理有限公司,0.3567,一般企业
000862.SZ,20260326,20251231,银川市产业基金管理有限公司,0.3567,一般企业
000862.SZ,20260326,20251231,阿拉丁能源集团有限公司,1.6842,一般企业
000862.SZ,20260326,20251231,阿拉丁能源集团有限公司,1.6842,一般企业
000862.SZ,20260326,20251231,陈宣炳,0.619,自然人
000862.SZ,20260326,20251231,陈宣炳,0.619,自然人
000862.SZ,20260326,20251231,香港中央结算有限公司,0.813,一般企业
000862.SZ,20260326,20251231,香港中央结算有限公司,0.813,一般企业
000875.SZ,20260421,20251231,中交资本控股有限公司,3.0023,一般企业
000875.SZ,20260421,20251231,中国银行股份有限公司-华泰柏瑞中证光伏产业交易型开放式指数证券投资基金,0.6862,其他金融产品
000875.SZ,20260421,20251231,吉林省投资集团有限公司,0.9373,投资公司
000875.SZ,20260421,20251231,国家电力投资集团有限公司,4.3803,投资公司
000875.SZ,20260421,20251231,国家电投集团创新投资有限公司,1.0678,投资公司
000875.SZ,20260421,20251231,国家电投集团吉林能源投资有限公司,29.6197,投资公司
000875.SZ,20260421,20251231,易米基金-日照钢铁控股集团有限公司-易米基金元启一号单一资产管理计划,1.5935,基金专户理财
000875.SZ,20260421,20251231,易米基金-日照钢铁控股集团有限公司-易米基金元启二号单一资产管理计划,1.5333,基金专户理财
000875.SZ,20260421,20251231,王琴英,0.8468,自然人
000875.SZ,20260421,20251231,香港中央结算有限公司,0.7331,一般企业
000883.SZ,20260429,20251231,三环集团有限公司,1.1356,一般企业
000883.SZ,20260429,20251231,中国农业银行股份有限公司-中证500交易型开放式指数证券投资基金,0.4378,其他金融产品
000883.SZ,20260429,20251231,中国长江三峡集团有限公司,22.8697,一般企业
000883.SZ,20260429,20251231,中国长江电力股份有限公司,24.2287,一般企业
000883.SZ,20260429,20251231,中央汇金资产管理有限责任公司,0.6529,资产管理公司
000883.SZ,20260429,20251231,国家能源投资集团有限责任公司,2.9957,投资公司
000883.SZ,20260429,20251231,湖北宏泰集团有限公司,25.7405,一般企业
000883.SZ,20260429,20251231,长电宜昌能源投资有限公司,2.9992,投资公司
000883.SZ,20260429,20251231,长电投资管理有限责任公司,0.7049,投资公司
000883.SZ,20260429,20251231,陕西煤业化工集团有限责任公司,2.8629,一般企业
000899.SZ,20260418,20251231,国投电力控股股份有限公司,33.2202,一般企业
000899.SZ,20260418,20251231,徐钦山,0.5113,自然人
000899.SZ,20260418,20251231,招商银行股份有限公司-南方中证1000交易型开放式指数证券投资基金,0.2747,其他金融产品
000899.SZ,20260418,20251231,施建根,0.1969,自然人
000899.SZ,20260418,20251231,江西省投资集团有限公司,37.7758,投资公司
000899.SZ,20260418,20251231,渤海银行股份有限公司-中欧价值精选混合型证券投资基金,0.2519,其他金融产品
000899.SZ,20260418,20251231,袁斌,0.2601,自然人
000899.SZ,20260418,20251231,赵红武,0.1951,自然人
000899.SZ,20260418,20251231,赵荣,0.1932,自然人
000899.SZ,20260418,20251231,香港中央结算有限公司,1.4474,一般企业
000958.SZ,20260424,20251231,中信证券股份有限公司,0.0783,金融机构—证券公司
000958.SZ,20260424,20251231,中国人寿保险股份有限公司,25.3935,金融机构—保险公司
000958.SZ,20260424,20251231,中国农业银行股份有限公司-中证500交易型开放式指数证券投资基金,0.1369,其他金融产品
000958.SZ,20260424,20251231,中国长江三峡集团有限公司,1.502,一般企业
000958.SZ,20260424,20251231,云南能投资本投资有限公司,2.7526,投资公司
000958.SZ,20260424,20251231,南方电网产融控股集团有限公司,3.6964,一般企业
000958.SZ,20260424,20251231,国家核电技术有限公司,43.6194,一般企业
000958.SZ,20260424,20251231,国家电力投资集团有限公司,15.4184,投资公司
000958.SZ,20260424,20251231,国家电投集团河北电力有限公司,0.399,一般企业
000958.SZ,20260424,20251231,香港中央结算有限公司,0.1142,一般企业
000966.SZ,20260424,20251231,中国能源建设集团有限公司,2.9685,一般企业
000966.SZ,20260424,20251231,国家能源投资集团有限责任公司,59.6182,投资公司
000966.SZ,20260424,20251231,国调创新(北京)私募基金管理有限公司-国调创新私募股权投资基金(南昌)合伙企业(有限合伙),0.5202,风险投资公司
000966.SZ,20260424,20251231,招商银行股份有限公司-南方中证1000交易型开放式指数证券投资基金,0.3665,其他金融产品
000966.SZ,20260424,20251231,李光宇,0.3644,自然人
000966.SZ,20260424,20251231,深圳市达晨财智创业投资管理有限公司-江西赣江新区财投晨源股权投资中心(有限合伙),0.3328,风险投资公司
000966.SZ,20260424,20251231,湖北省铁路发展基金有限责任公司,2.102,一般企业
000966.SZ,20260424,20251231,湖北能源集团股份有限公司,1.1824,一般企业
000966.SZ,20260424,20251231,王梓煜,0.7424,自然人
000966.SZ,20260424,20251231,瑞众人寿保险有限责任公司-自有资金,0.7007,金融机构—保险公司
000993.SZ,20260331,20251231,UBSAG,0.2537,一般企业
000993.SZ,20260331,20251231,UBSAG,0.2537,一般企业
000993.SZ,20260331,20251231,上海卡悦私募基金管理有限公司-卡悦君盛1号私募证券投资基金,2.3073,其他金融产品
000993.SZ,20260331,20251231,上海卡悦私募基金管理有限公司-卡悦君盛1号私募证券投资基金,2.3073,其他金融产品
000993.SZ,20260331,20251231,上海卡悦私募基金管理有限公司-卡悦君盛2号私募证券投资基金,0.8542,其他金融产品
000993.SZ,20260331,20251231,上海卡悦私募基金管理有限公司-卡悦君盛2号私募证券投资基金,0.8542,其他金融产品
000993.SZ,20260331,20251231,佘小红,0.2173,自然人
000993.SZ,20260331,20251231,佘小红,0.2173,自然人
000993.SZ,20260331,20251231,周文,0.2281,自然人
000993.SZ,20260331,20251231,周文,0.2281,自然人
000993.SZ,20260331,20251231,周欢,0.3635,自然人
000993.SZ,20260331,20251231,周欢,0.3635,自然人
000993.SZ,20260331,20251231,宁德市国有资产投资经营有限公司,47.3137,投资公司
000993.SZ,20260331,20251231,宁德市国有资产投资经营有限公司,47.3137,投资公司
000993.SZ,20260331,20251231,福建省投资开发集团有限责任公司,5.1974,投资公司
000993.SZ,20260331,20251231,福建省投资开发集团有限责任公司,5.1974,投资公司
000993.SZ,20260331,20251231,香港中央结算有限公司,1.3193,一般企业
000993.SZ,20260331,20251231,香港中央结算有限公司,1.3193,一般企业
000993.SZ,20260331,20251231,高盛公司有限责任公司,0.3328,一般企业
000993.SZ,20260331,20251231,高盛公司有限责任公司,0.3328,一般企业
001210.SZ,20260317,20251231,丁琦,6.5113,自然人
001210.SZ,20260317,20251231,丁琦,6.5113,自然人
001210.SZ,20260317,20251231,付英,8.8878,自然人
001210.SZ,20260317,20251231,付英,8.8878,自然人
001210.SZ,20260317,20251231,华泰金融控股(香港)有限公司-客户资金,2.31,其他金融产品
001210.SZ,20260317,20251231,华泰金融控股(香港)有限公司-客户资金,2.31,其他金融产品
001210.SZ,20260317,20251231,孙毅,2.232,自然人
001210.SZ,20260317,20251231,孙毅,2.232,自然人
001210.SZ,20260317,20251231,杨建勋,26.3277,自然人
001210.SZ,20260317,20251231,杨建勋,26.3277,自然人
001210.SZ,20260317,20251231,深圳市领誉基石股权投资合伙企业(有限合伙),3.3386,风险投资公司
001210.SZ,20260317,20251231,深圳市领誉基石股权投资合伙企业(有限合伙),3.3386,风险投资公司
001210.SZ,20260317,20251231,王牧晨,2.1693,自然人
001210.SZ,20260317,20251231,王牧晨,2.1693,自然人
001210.SZ,20260317,20251231,邵璇,1.0082,自然人
001210.SZ,20260317,20251231,邵璇,1.0082,自然人
001210.SZ,20260317,20251231,魏澄,10.5736,自然人
001210.SZ,20260317,20251231,魏澄,10.5736,自然人
001210.SZ,20260317,20251231,黄红,2.2178,自然人
001210.SZ,20260317,20251231,黄红,2.2178,自然人
001258.SZ,20260423,20251231,万玉梅,0.2893,自然人
001258.SZ,20260423,20251231,井冈山和风管理咨询合伙企业(有限合伙),0.4638,投资公司
001258.SZ,20260423,20251231,刘柳军,0.3182,自然人
001258.SZ,20260423,20251231,山东电力建设第三工程有限公司,5.6813,一般企业
001258.SZ,20260423,20251231,新疆国有资本产业投资基金有限合伙企业,6.0073,风险投资公司
001258.SZ,20260423,20251231,新疆维吾尔自治区哈密市国有资产投资经营有限公司,7.6424,国资局
001258.SZ,20260423,20251231,新疆能源(集团)有限责任公司,47.3787,一般企业
001258.SZ,20260423,20251231,渤海银行股份有限公司-中欧价值精选混合型证券投资基金,0.245,其他金融产品
001258.SZ,20260423,20251231,连云港筑力管理咨询合伙企业(有限合伙),0.9383,投资公司
001258.SZ,20260423,20251231,香港中央结算有限公司,1.0512,一般企业
001286.SZ,20260421,20251231,中国农业银行股份有限公司-中证500交易型开放式指数证券投资基金,0.2958,其他金融产品
001286.SZ,20260421,20251231,中国农业银行股份有限公司-南方标普中国A股大盘红利低波50交易型开放式指数证券投资基金,0.9974,其他金融产品
001286.SZ,20260421,20251231,中粮期货有限公司,0.1233,金融机构—期货公司
001286.SZ,20260421,20251231,交通银行股份有限公司-景顺长城中证红利低波动100交易型开放式指数证券投资基金,0.1738,其他金融产品
001286.SZ,20260421,20251231,国泰海通证券股份有限公司-天弘中证红利低波动100交易型开放式指数证券投资基金,0.1523,其他金融产品
001286.SZ,20260421,20251231,李润荣,0.2891,自然人
001286.SZ,20260421,20251231,长安汇通集团有限责任公司,8.0,一般企业
001286.SZ,20260421,20251231,陕西投资集团有限公司,64.3111,投资公司
001286.SZ,20260421,20251231,陕西榆林能源集团汇森投资管理有限公司,9.476,投资公司
001286.SZ,20260421,20251231,香港中央结算有限公司,0.7553,一般企业
001289.SZ,20260401,20251231,HKSCCNOMINEESLIMITED,39.623,一般企业
001289.SZ,20260401,20251231,万振华,0.0115,自然人
001289.SZ,20260401,20251231,中国国际金融股份有限公司,0.012,金融机构—证券公司
001289.SZ,20260401,20251231,内蒙古平庄煤业(集团)有限责任公司,2.5388,一般企业
001289.SZ,20260401,20251231,国家能源投资集团有限责任公司,55.0542,投资公司
001289.SZ,20260401,20251231,国家能源集团辽宁电力有限公司,1.1236,一般企业
001289.SZ,20260401,20251231,深圳前海华强金融控股有限公司,0.0215,一般企业
001289.SZ,20260401,20251231,阿布达比投资局,0.0108,投资公司
001289.SZ,20260401,20251231,陈伟,0.026,自然人
001289.SZ,20260401,20251231,香港中央结算有限公司,0.0424,一般企业
001376.SZ,20260428,20251231,全国社保基金五零三组合,1.5188,社保基金、社保机构
001376.SZ,20260428,20251231,全国社保基金五零三组合,1.5188,社保基金、社保机构
001376.SZ,20260428,20251231,北京百通衡宇科技有限公司,7.9672,一般企业
001376.SZ,20260428,20251231,北京百通衡宇科技有限公司,7.9672,一般企业
001376.SZ,20260428,20251231,南昌百通环保科技有限公司,19.527,一般企业
001376.SZ,20260428,20251231,南昌百通环保科技有限公司,19.527,一般企业
001376.SZ,20260428,20251231,南昌金开资本管理有限公司,0.9764,资产管理公司
001376.SZ,20260428,20251231,南昌金开资本管理有限公司,0.9764,资产管理公司
001376.SZ,20260428,20251231,宁波九格股权投资管理合伙企业(有限合伙)-芜湖隆华汇二期股权投资合伙企业(有限合伙),0.6925,风险投资公司
001376.SZ,20260428,20251231,宁波九格股权投资管理合伙企业(有限合伙)-芜湖隆华汇二期股权投资合伙企业(有限合伙),0.6925,风险投资公司
001376.SZ,20260428,20251231,张春泉,10.1872,自然人
001376.SZ,20260428,20251231,张春泉,10.1872,自然人
001376.SZ,20260428,20251231,张春龙,11.7162,自然人
001376.SZ,20260428,20251231,张春龙,11.7162,自然人
001376.SZ,20260428,20251231,赵柏元,0.926,自然人
001376.SZ,20260428,20251231,赵柏元,0.926,自然人
001376.SZ,20260428,20251231,饶俊铭,2.6036,自然人
001376.SZ,20260428,20251231,饶俊铭,2.6036,自然人
001376.SZ,20260428,20251231,香港中央结算有限公司,1.0662,一般企业
001376.SZ,20260428,20251231,香港中央结算有限公司,1.0662,一般企业
001896.SZ,20260331,20251231,J.P.MorganSecuritiesPLC-自有资金,0.1774,一般企业
001896.SZ,20260331,20251231,刘志红,0.2306,自然人
001896.SZ,20260331,20251231,樊虎,0.2359,自然人
001896.SZ,20260331,20251231,河南投资集团有限公司,61.8503,投资公司
001896.SZ,20260331,20251231,渤海银行股份有限公司-中欧价值精选混合型证券投资基金,0.2277,其他金融产品
001896.SZ,20260331,20251231,王秀英,0.1967,自然人
001896.SZ,20260331,20251231,秦晓义,0.1975,自然人
001896.SZ,20260331,20251231,肖爱培,0.2057,自然人
001896.SZ,20260331,20251231,陈光,0.2819,自然人
001896.SZ,20260331,20251231,香港中央结算有限公司,1.5103,一般企业
002015.SZ,20260428,20251231,上海其辰企业管理有限公司,22.0681,一般企业
002015.SZ,20260428,20251231,上海协鑫创展企业管理有限公司,5.3103,一般企业
002015.SZ,20260428,20251231,上海靖戈私募基金管理合伙企业(有限合伙)-靖戈共赢尊享十一号私募证券投资基金,2.4669,其他金融产品
002015.SZ,20260428,20251231,上海靖戈私募基金管理合伙企业(有限合伙)-靖戈共赢尊享十二号私募证券投资基金,2.099,其他金融产品
002015.SZ,20260428,20251231,招商银行股份有限公司-南方中证1000交易型开放式指数证券投资基金,0.5513,其他金融产品
002015.SZ,20260428,20251231,李梦珠,1.0011,自然人
002015.SZ,20260428,20251231,杭州鑫瑀企业管理有限公司,20.6475,一般企业
002015.SZ,20260428,20251231,诸暨秉颐清洁能源合伙企业(有限合伙),1.6448,一般企业
002015.SZ,20260428,20251231,陈维立,1.4113,自然人
002015.SZ,20260428,20251231,香港中央结算有限公司,0.863,一般企业
002039.SZ,20260403,20251231,中国华电集团产融控股有限公司,1.4306,一般企业
002039.SZ,20260403,20251231,中国华电集团有限公司,15.8932,一般企业
002039.SZ,20260403,20251231,吴天德,1.2328,自然人
002039.SZ,20260403,20251231,基本养老保险基金一零零三组合,0.9618,基本养老保险基金
002039.SZ,20260403,20251231,王佩华,1.478,自然人
002039.SZ,20260403,20251231,谢竹林,1.5098,自然人
002039.SZ,20260403,20251231,贵州乌江水电开发有限责任公司,12.3994,一般企业
002039.SZ,20260403,20251231,贵州乌江能源投资有限公司,3.2744,投资公司
002039.SZ,20260403,20251231,重庆乌江电力有限公司,9.9813,一般企业
002039.SZ,20260403,20251231,香港中央结算有限公司,3.6803,一般企业
002053.SZ,20260327,20251231,中央汇金资产管理有限责任公司,0.5729,资产管理公司
002053.SZ,20260327,20251231,云南省能源投资集团有限公司,32.645,投资公司
002053.SZ,20260327,20251231,云南能投新能源投资开发有限公司,22.0096,投资公司
002053.SZ,20260327,20251231,云天化集团有限责任公司,18.7334,一般企业
002053.SZ,20260327,20251231,刘大鹏,0.3584,自然人
002053.SZ,20260327,20251231,吴丽慧,0.3706,自然人
002053.SZ,20260327,20251231,张耀坤,0.3483,自然人
002053.SZ,20260327,20251231,段学东,0.6357,自然人
002053.SZ,20260327,20251231,郝诗瑾,0.4563,自然人
002053.SZ,20260327,20251231,香港中央结算有限公司,0.6029,一般企业
002218.SZ,20260423,20251231,UBSAG,0.4078,一般企业
002218.SZ,20260423,20251231,UBSAG,0.4078,一般企业
002218.SZ,20260423,20251231,一重集团融创科技发展有限公司,0.7424,一般企业
002218.SZ,20260423,20251231,一重集团融创科技发展有限公司,0.7424,一般企业
002218.SZ,20260423,20251231,孙言云,0.5076,自然人
002218.SZ,20260423,20251231,孙言云,0.5076,自然人
002218.SZ,20260423,20251231,深圳市东方和鑫科技有限公司,9.0998,一般企业
002218.SZ,20260423,20251231,深圳市东方和鑫科技有限公司,9.0998,一般企业
002218.SZ,20260423,20251231,深圳市奥欣投资发展有限公司,28.1376,投资公司
002218.SZ,20260423,20251231,深圳市奥欣投资发展有限公司,28.1376,投资公司
002218.SZ,20260423,20251231,长治市南烨实业集团有限公司,1.84,一般企业
002218.SZ,20260423,20251231,长治市南烨实业集团有限公司,1.84,一般企业
002218.SZ,20260423,20251231,陈五奎,1.9169,自然人
002218.SZ,20260423,20251231,陈五奎,1.9169,自然人
002218.SZ,20260423,20251231,陈远明,0.5702,自然人
002218.SZ,20260423,20251231,陈远明,0.5702,自然人
002218.SZ,20260423,20251231,香港中央结算有限公司,1.2793,一般企业
002218.SZ,20260423,20251231,香港中央结算有限公司,1.2793,一般企业
002218.SZ,20260423,20251231,高盛国际-自有资金,0.3436,一般企业
002218.SZ,20260423,20251231,高盛国际-自有资金,0.3436,一般企业
002256.SZ,20260415,20251231,MORGANSTANLEY&CO.INTERNATIONALPLC.,0.3129,一般企业
002256.SZ,20260415,20251231,MORGANSTANLEY&CO.INTERNATIONALPLC.,0.3129,一般企业
002256.SZ,20260415,20251231,中信信托有限责任公司-恒丰银行信托组合投资项目1702期,24.3742,信托公司集合信托计划
002256.SZ,20260415,20251231,中信信托有限责任公司-恒丰银行信托组合投资项目1702期,24.3742,信托公司集合信托计划
002256.SZ,20260415,20251231,前海人寿保险股份有限公司-分红保险产品华泰组合,0.5015,保险投资组合
002256.SZ,20260415,20251231,前海人寿保险股份有限公司-分红保险产品华泰组合,0.5015,保险投资组合
002256.SZ,20260415,20251231,宋文谦,0.4811,自然人
002256.SZ,20260415,20251231,宋文谦,0.4811,自然人
002256.SZ,20260415,20251231,康素琴,0.4388,自然人
002256.SZ,20260415,20251231,康素琴,0.4388,自然人
002256.SZ,20260415,20251231,李传婷,0.4493,自然人
002256.SZ,20260415,20251231,李传婷,0.4493,自然人
002256.SZ,20260415,20251231,李明军,0.3867,自然人
002256.SZ,20260415,20251231,李明军,0.3867,自然人
002256.SZ,20260415,20251231,杨晓东,0.4695,自然人
002256.SZ,20260415,20251231,杨晓东,0.4695,自然人
002256.SZ,20260415,20251231,深圳市兆新能源股份有限公司-第二期员工持股计划,0.9803,其他金融产品
002256.SZ,20260415,20251231,深圳市兆新能源股份有限公司-第二期员工持股计划,0.9803,其他金融产品
002256.SZ,20260415,20251231,香港中央结算有限公司,0.3442,一般企业
002256.SZ,20260415,20251231,香港中央结算有限公司,0.3442,一般企业
002310.SZ,20260430,20251231,允能新开投资管理(天津)有限公司-天津允新安赢新能源股权投资合伙企业(有限合伙),2.099,风险投资公司
002310.SZ,20260430,20251231,允能新开投资管理(天津)有限公司-天津允新远赢新能源股权投资合伙企业(有限合伙),1.4816,风险投资公司
002310.SZ,20260430,20251231,北京东方园林环境股份有限公司破产企业财产处置专用账户,11.0372,其他金融产品
002310.SZ,20260430,20251231,北京朝投发投资管理有限公司-北京市盈润汇民基金管理中心(有限合伙),2.4668,投资公司
002310.SZ,20260430,20251231,北京朝汇鑫企业管理有限公司,2.2381,一般企业
002310.SZ,20260430,20251231,北京朝阳国有资本运营管理有限公司,9.7168,国资局
002310.SZ,20260430,20251231,北京朝阳环境集团有限公司,1.6669,一般企业
002310.SZ,20260430,20251231,北京润宇和实企业管理有限公司,2.0397,一般企业
002310.SZ,20260430,20251231,国联产业投资基金管理(北京)有限公司-北京国朝东方绿能股权投资基金合伙企业(有限合伙),13.3348,风险投资公司
002310.SZ,20260430,20251231,天津物诚赢茂企业管理咨询合伙企业(有限合伙),3.63,投资公司
002479.SZ,20260415,20251231,华思存,0.478,自然人
002479.SZ,20260415,20251231,华思存,0.478,自然人
002479.SZ,20260415,20251231,南昌市政公用集团有限公司,20.4905,一般企业
002479.SZ,20260415,20251231,南昌市政公用集团有限公司,20.4905,一般企业
002479.SZ,20260415,20251231,夏重阳,0.5457,自然人
002479.SZ,20260415,20251231,夏重阳,0.5457,自然人
002479.SZ,20260415,20251231,孙佳,0.4642,自然人
002479.SZ,20260415,20251231,孙佳,0.4642,自然人
002479.SZ,20260415,20251231,宁波富兴电力燃料有限公司,3.1843,一般企业
002479.SZ,20260415,20251231,宁波富兴电力燃料有限公司,3.1843,一般企业
002479.SZ,20260415,20251231,梅金娟,0.5896,自然人
002479.SZ,20260415,20251231,梅金娟,0.5896,自然人
002479.SZ,20260415,20251231,浙江富春江通信集团有限公司,14.4962,一般企业
002479.SZ,20260415,20251231,浙江富春江通信集团有限公司,14.4962,一般企业
002479.SZ,20260415,20251231,浙江省经纬工业技术发展有限公司,1.1895,一般企业
002479.SZ,20260415,20251231,浙江省经纬工业技术发展有限公司,1.1895,一般企业
002479.SZ,20260415,20251231,深圳招华城市发展股权投资基金合伙企业(有限合伙),1.1561,风险投资公司
002479.SZ,20260415,20251231,深圳招华城市发展股权投资基金合伙企业(有限合伙),1.1561,风险投资公司
002479.SZ,20260415,20251231,陈美夏,0.4715,自然人
002479.SZ,20260415,20251231,陈美夏,0.4715,自然人
002480.SZ,20260417,20251231,四川发展(控股)有限责任公司,5.0,一般企业
002480.SZ,20260417,20251231,四川发展(控股)有限责任公司,5.0,一般企业
002480.SZ,20260417,20251231,四川发展轨道交通产业投资有限公司,15.9046,风险投资公司
002480.SZ,20260417,20251231,四川发展轨道交通产业投资有限公司,15.9046,风险投资公司
002480.SZ,20260417,20251231,孙菊芬,0.5499,自然人
002480.SZ,20260417,20251231,孙菊芬,0.5499,自然人
002480.SZ,20260417,20251231,广州广日股份有限公司,4.1952,一般企业
002480.SZ,20260417,20251231,广州广日股份有限公司,4.1952,一般企业
002480.SZ,20260417,20251231,成都市通用工程技术有限责任公司,1.1802,一般企业
002480.SZ,20260417,20251231,成都市通用工程技术有限责任公司,1.1802,一般企业
002480.SZ,20260417,20251231,新津聚英科技发展有限公司,1.2423,一般企业
002480.SZ,20260417,20251231,新津聚英科技发展有限公司,1.2423,一般企业
002480.SZ,20260417,20251231,新筑投资集团有限公司,4.4928,投资公司
002480.SZ,20260417,20251231,新筑投资集团有限公司,4.4928,投资公司
002480.SZ,20260417,20251231,曾作斌,0.8327,自然人
002480.SZ,20260417,20251231,曾作斌,0.8327,自然人
002480.SZ,20260417,20251231,杨立,0.5512,自然人
002480.SZ,20260417,20251231,杨立,0.5512,自然人
002480.SZ,20260417,20251231,蜀道投资集团有限责任公司,8.5955,投资公司
002480.SZ,20260417,20251231,蜀道投资集团有限责任公司,8.5955,投资公司
002608.SZ,20260421,20251231,中国农业银行股份有限公司-中证500交易型开放式指数证券投资基金,0.2955,其他金融产品
002608.SZ,20260421,20251231,中国江苏国际经济技术合作集团有限公司,0.3421,一般企业
002608.SZ,20260421,20251231,中国进出口银行江苏省分行,0.569,金融机构—银行
002608.SZ,20260421,20251231,中国银行股份有限公司江苏省分行,0.2466,金融机构—银行
002608.SZ,20260421,20251231,南京银行股份有限公司,1.7709,金融机构—银行
002608.SZ,20260421,20251231,江苏省国信集团有限公司,73.8231,一般企业
002608.SZ,20260421,20251231,江苏舜天船舶股份有限公司破产企业财产处置专用账户,1.004,其他金融产品
002608.SZ,20260421,20251231,江苏银行股份有限公司,0.7385,金融机构—银行
002608.SZ,20260421,20251231,苏州苏新聚力科技发展有限公司,7.36,一般企业
002608.SZ,20260421,20251231,香港中央结算有限公司,0.205,一般企业
002616.SZ,20260331,20251231,中国建设银行股份有限公司-广发量化多因子灵活配置混合型证券投资基金,0.3706,其他金融产品
002616.SZ,20260331,20251231,中国建设银行股份有限公司-广发量化多因子灵活配置混合型证券投资基金,0.3706,其他金融产品
002616.SZ,20260331,20251231,中山市长青新产业有限公司,10.335,一般企业
002616.SZ,20260331,20251231,中山市长青新产业有限公司,10.335,一般企业
002616.SZ,20260331,20251231,何启强,22.2544,自然人
002616.SZ,20260331,20251231,何启强,22.2544,自然人
002616.SZ,20260331,20251231,崔晓宁,0.7682,自然人
002616.SZ,20260331,20251231,崔晓宁,0.7682,自然人
002616.SZ,20260331,20251231,张蓐意,1.6013,自然人
002616.SZ,20260331,20251231,张蓐意,1.6013,自然人
002616.SZ,20260331,20251231,彭皓喆,0.4734,自然人
002616.SZ,20260331,20251231,彭皓喆,0.4734,自然人
002616.SZ,20260331,20251231,郭三凤,0.6313,自然人
002616.SZ,20260331,20251231,郭三凤,0.6313,自然人
002616.SZ,20260331,20251231,郭妙波,1.3805,自然人
002616.SZ,20260331,20251231,郭妙波,1.3805,自然人
002616.SZ,20260331,20251231,麦正辉,19.9136,自然人
002616.SZ,20260331,20251231,麦正辉,19.9136,自然人
002616.SZ,20260331,20251231,黄旺萍,1.4063,自然人
002616.SZ,20260331,20251231,黄旺萍,1.4063,自然人
002617.SZ,20260429,20251231,上海蓝墨投资管理有限公司-蓝墨专享6号私募证券投资基金,0.8632,其他金融产品
002617.SZ,20260429,20251231,上海蓝墨投资管理有限公司-蓝墨曜文1私募投资基金,0.8944,其他金融产品
002617.SZ,20260429,20251231,中国银行股份有限公司-华泰柏瑞中证光伏产业交易型开放式指数证券投资基金,0.9806,其他金融产品
002617.SZ,20260429,20251231,招商银行股份有限公司-南方中证1000交易型开放式指数证券投资基金,0.9181,其他金融产品
002617.SZ,20260429,20251231,深圳东方创业投资有限公司,4.9995,风险投资公司
002617.SZ,20260429,20251231,翟伟,0.9106,自然人
002617.SZ,20260429,20251231,露笑科技股份有限公司-2024年员工持股计划,0.8406,其他金融产品
002617.SZ,20260429,20251231,露笑集团有限公司,5.0336,一般企业
002617.SZ,20260429,20251231,鲁小均,2.7894,自然人
002617.SZ,20260429,20251231,鲁永,2.1877,自然人
002893.SZ,20260429,20251231,中国建设银行股份有限公司-富国低碳新经济混合型证券投资基金,0.4508,其他金融产品
002893.SZ,20260429,20251231,中国建设银行股份有限公司-富国低碳新经济混合型证券投资基金,0.4508,其他金融产品
002893.SZ,20260429,20251231,中山通用科技创业投资中心(有限合伙),1.9633,风险投资公司
002893.SZ,20260429,20251231,中山通用科技创业投资中心(有限合伙),1.9633,风险投资公司
002893.SZ,20260429,20251231,于文胜,0.2787,自然人
002893.SZ,20260429,20251231,于文胜,0.2787,自然人
002893.SZ,20260429,20251231,北京能源集团有限责任公司,28.4615,一般企业
002893.SZ,20260429,20251231,北京能源集团有限责任公司,28.4615,一般企业
002893.SZ,20260429,20251231,单明川,0.3793,自然人
002893.SZ,20260429,20251231,单明川,0.3793,自然人
002893.SZ,20260429,20251231,张瑞,0.3281,自然人
002893.SZ,20260429,20251231,张瑞,0.3281,自然人
002893.SZ,20260429,20251231,翟育豹,0.2354,自然人
002893.SZ,20260429,20251231,翟育豹,0.2354,自然人
002893.SZ,20260429,20251231,赵一波,12.7325,自然人
002893.SZ,20260429,20251231,赵一波,12.7325,自然人
002893.SZ,20260429,20251231,郭玉龙,0.3679,自然人
002893.SZ,20260429,20251231,郭玉龙,0.3679,自然人
002893.SZ,20260429,20251231,陈秀明,3.4161,自然人
002893.SZ,20260429,20251231,陈秀明,3.4161,自然人
003035.SZ,20260328,20251231,中国农业银行股份有限公司-中证500交易型开放式指数证券投资基金,0.4461,其他金融产品
003035.SZ,20260328,20251231,中国南方电网有限责任公司,40.392,一般企业
003035.SZ,20260328,20251231,中国银行股份有限公司-华泰柏瑞中证光伏产业交易型开放式指数证券投资基金,0.2946,其他金融产品
003035.SZ,20260328,20251231,南方电网产融控股集团有限公司,0.8708,一般企业
003035.SZ,20260328,20251231,南网建鑫基金管理有限公司-绿色能源混改股权投资基金(广州)合伙企业(有限合伙),16.416,风险投资公司
003035.SZ,20260328,20251231,广东省环保集团有限公司,5.816,一般企业
003035.SZ,20260328,20251231,广东省能源集团有限公司,10.56,一般企业
003035.SZ,20260328,20251231,特变电工股份有限公司,2.9962,一般企业
003035.SZ,20260328,20251231,邓丽君,0.2773,自然人
003035.SZ,20260328,20251231,香港中央结算有限公司,0.4632,一般企业
003816.SZ,20260326,20251231,"BlackRock,Inc.",1.6171,一般企业
003816.SZ,20260326,20251231,"Citigroup,Inc.",1.6604,一般企业
003816.SZ,20260326,20251231,中信证券股份有限公司,4.0869,金融机构—证券公司
003816.SZ,20260326,20251231,中国工商银行股份有限公司-华泰柏瑞沪深300交易型开放式指数证券投资基金,0.2587,其他金融产品
003816.SZ,20260326,20251231,中国广核集团有限公司,58.8865,一般企业
003816.SZ,20260326,20251231,中国建设银行股份有限公司-易方达沪深300交易型开放式指数发起式证券投资基金,0.1835,其他金融产品
003816.SZ,20260326,20251231,中国核工业集团有限公司,3.3268,一般企业
003816.SZ,20260326,20251231,平安资管-工商银行-平安资产夏荷21号资产管理产品,0.5297,其他金融产品
003816.SZ,20260326,20251231,广东恒健投资控股有限公司,6.7893,投资公司
003816.SZ,20260326,20251231,香港中央结算有限公司,14.1531,一般企业
300040.SZ,20260427,20251231,中国建设银行股份有限公司-广发量化多因子灵活配置混合型证券投资基金,0.6338,其他金融产品
300040.SZ,20260427,20251231,中国建设银行股份有限公司-广发量化多因子灵活配置混合型证券投资基金,0.6338,其他金融产品
300040.SZ,20260427,20251231,刁守荣,0.405,自然人
300040.SZ,20260427,20251231,刁守荣,0.405,自然人
300040.SZ,20260427,20251231,哈尔滨九洲集团股份有限公司回购专用证券账户,0.3534,其他金融产品
300040.SZ,20260427,20251231,哈尔滨九洲集团股份有限公司回购专用证券账户,0.3534,其他金融产品
300040.SZ,20260427,20251231,姜美玉,0.6285,自然人
300040.SZ,20260427,20251231,姜美玉,0.6285,自然人
300040.SZ,20260427,20251231,李寅,13.5895,自然人
300040.SZ,20260427,20251231,李寅,13.5895,自然人
300040.SZ,20260427,20251231,杜向权,0.2533,自然人
300040.SZ,20260427,20251231,杜向权,0.2533,自然人
300040.SZ,20260427,20251231,王红军,0.4618,自然人
300040.SZ,20260427,20251231,王红军,0.4618,自然人
300040.SZ,20260427,20251231,赵晓红,11.7861,自然人
300040.SZ,20260427,20251231,赵晓红,11.7861,自然人
300040.SZ,20260427,20251231,钱阿凤,0.4119,自然人
300040.SZ,20260427,20251231,钱阿凤,0.4119,自然人
300040.SZ,20260427,20251231,高杰,0.4484,自然人
300040.SZ,20260427,20251231,高杰,0.4484,自然人
300125.SZ,20260331,20251231,云南国际信托有限公司-云南信托-金瑞512号单一资金信托,4.8059,其他金融产品
300125.SZ,20260331,20251231,云南国际信托有限公司-云南信托-金瑞512号单一资金信托,4.8059,其他金融产品
300125.SZ,20260331,20251231,北京盈澄信息咨询服务中心(有限合伙),2.3579,投资公司
300125.SZ,20260331,20251231,北京盈澄信息咨询服务中心(有限合伙),2.3579,投资公司
300125.SZ,20260331,20251231,安徽省金福智慧能源有限公司,5.2564,一般企业
300125.SZ,20260331,20251231,安徽省金福智慧能源有限公司,5.2564,一般企业
300125.SZ,20260331,20251231,杭州光恒昱企业管理合伙企业(有限合伙),3.4888,一般企业
300125.SZ,20260331,20251231,杭州光恒昱企业管理合伙企业(有限合伙),3.4888,一般企业
300125.SZ,20260331,20251231,武汉佰数千识企业管理合伙企业(有限合伙),3.7546,一般企业
300125.SZ,20260331,20251231,武汉佰数千识企业管理合伙企业(有限合伙),3.7546,一般企业
300125.SZ,20260331,20251231,海南凌科云启管理咨询合伙企业(有限合伙),4.7185,投资公司
300125.SZ,20260331,20251231,海南凌科云启管理咨询合伙企业(有限合伙),4.7185,投资公司
300125.SZ,20260331,20251231,海南星帆智航投资合伙企业(有限合伙),4.5055,投资公司
300125.SZ,20260331,20251231,海南星帆智航投资合伙企业(有限合伙),4.5055,投资公司
300125.SZ,20260331,20251231,聆达集团股份有限公司破产企业财产处置专用账户,27.9402,其他金融产品
300125.SZ,20260331,20251231,聆达集团股份有限公司破产企业财产处置专用账户,27.9402,其他金融产品
300125.SZ,20260331,20251231,铜陵嘉悦同盛新能源合伙企业(有限合伙),5.267,一般企业
300125.SZ,20260331,20251231,铜陵嘉悦同盛新能源合伙企业(有限合伙),5.267,一般企业
300125.SZ,20260331,20251231,长沙昕和企业管理合伙企业(有限合伙),3.0037,一般企业
300125.SZ,20260331,20251231,长沙昕和企业管理合伙企业(有限合伙),3.0037,一般企业
300317.SZ,20260425,20251231,上海储阳光伏电力有限公司,6.136,一般企业
300317.SZ,20260425,20251231,上海储阳光伏电力有限公司,6.136,一般企业
300317.SZ,20260425,20251231,奇盛控股有限公司,6.3738,一般企业
300317.SZ,20260425,20251231,奇盛控股有限公司,6.3738,一般企业
300317.SZ,20260425,20251231,庄卫,0.8222,自然人
300317.SZ,20260425,20251231,庄卫,0.8222,自然人
300317.SZ,20260425,20251231,张韶力,0.3583,自然人
300317.SZ,20260425,20251231,张韶力,0.3583,自然人
300317.SZ,20260425,20251231,振发能源集团有限公司,1.1385,一般企业
300317.SZ,20260425,20251231,振发能源集团有限公司,1.1385,一般企业
300317.SZ,20260425,20251231,王增强,0.4513,自然人
300317.SZ,20260425,20251231,王增强,0.4513,自然人
300317.SZ,20260425,20251231,王莹,0.3894,自然人
300317.SZ,20260425,20251231,王莹,0.3894,自然人
300317.SZ,20260425,20251231,白亮,0.4163,自然人
300317.SZ,20260425,20251231,白亮,0.4163,自然人
300317.SZ,20260425,20251231,腾名有限公司,6.1562,一般企业
300317.SZ,20260425,20251231,腾名有限公司,6.1562,一般企业
300317.SZ,20260425,20251231,阿拉山口市灏轩股权投资有限公司,5.9703,风险投资公司
300317.SZ,20260425,20251231,阿拉山口市灏轩股权投资有限公司,5.9703,风险投资公司
300335.SZ,20260417,20251231,CHANGYUANZHENG,1.0324,自然人
300335.SZ,20260417,20251231,CHANGYUANZHENG,1.0324,自然人
300335.SZ,20260417,20251231,常厚春,10.6747,自然人
300335.SZ,20260417,20251231,常厚春,10.6747,自然人
300335.SZ,20260417,20251231,徐平,0.587,自然人
300335.SZ,20260417,20251231,徐平,0.587,自然人
300335.SZ,20260417,20251231,朱咏梅,0.7213,自然人
300335.SZ,20260417,20251231,朱咏梅,0.7213,自然人
300335.SZ,20260417,20251231,李光宇,1.4852,自然人
300335.SZ,20260417,20251231,李光宇,1.4852,自然人
300335.SZ,20260417,20251231,李祖芹,8.3662,自然人
300335.SZ,20260417,20251231,李祖芹,8.3662,自然人
300335.SZ,20260417,20251231,李胜军,1.904,自然人
300335.SZ,20260417,20251231,李胜军,1.904,自然人
300335.SZ,20260417,20251231,王洪伟,0.6394,自然人
300335.SZ,20260417,20251231,王洪伟,0.6394,自然人
300335.SZ,20260417,20251231,郭庆利,0.6359,自然人
300335.SZ,20260417,20251231,郭庆利,0.6359,自然人
300335.SZ,20260417,20251231,马革,5.8783,自然人
300335.SZ,20260417,20251231,马革,5.8783,自然人
600011.SH,20260325,20251231,中国华能集团有限公司,9.9065,一般企业
600011.SH,20260325,20251231,中国华能集团香港有限公司,3.0067,一般企业
600011.SH,20260325,20251231,中国证券金融股份有限公司,2.9746,金融机构—证券公司
600011.SH,20260325,20251231,华能国际电力开发公司,32.2757,一般企业
600011.SH,20260325,20251231,大连市国有资本管理运营有限公司,1.6913,国资局
600011.SH,20260325,20251231,江苏省国信集团有限公司,1.6464,一般企业
600011.SH,20260325,20251231,河北建设投资集团有限责任公司,3.1425,投资公司
600011.SH,20260325,20251231,辽宁能源投资(集团)有限责任公司,1.5556,投资公司
600011.SH,20260325,20251231,香港中央结算(代理人)有限公司,26.7787,一般企业
600011.SH,20260325,20251231,香港中央结算有限公司,0.951,一般企业
600021.SH,20260414,20251231,上海纳奥姜澜管理咨询中心(有限合伙),0.3136,投资公司
600021.SH,20260414,20251231,中国农业银行股份有限公司-中证500交易型开放式指数证券投资基金,0.7388,其他金融产品
600021.SH,20260414,20251231,中国电力国际发展有限公司,12.8771,一般企业
600021.SH,20260414,20251231,中央汇金资产管理有限责任公司,1.2007,资产管理公司
600021.SH,20260414,20251231,国家电力投资集团有限公司,44.3631,投资公司
600021.SH,20260414,20251231,张毅,0.3084,自然人
600021.SH,20260414,20251231,新疆疆纳矿业有限公司,0.4088,一般企业
600021.SH,20260414,20251231,深圳信德华昌投资有限公司,0.3208,投资公司
600021.SH,20260414,20251231,韩世冰,0.3115,自然人
600021.SH,20260414,20251231,香港中央结算有限公司,1.1497,一般企业
600023.SH,20260428,20251231,中国华能集团有限公司,4.2742,一般企业
600023.SH,20260428,20251231,中国太平洋人寿保险股份有限公司-传统保险高分红股票管理组合,1.4473,保险投资组合
600023.SH,20260428,20251231,中国工商银行股份有限公司-华泰柏瑞沪深300交易型开放式指数证券投资基金,0.4978,其他金融产品
600023.SH,20260428,20251231,博时基金-农业银行-博时中证金融资产管理计划,0.5127,其他金融产品
600023.SH,20260428,20251231,大成基金-农业银行-大成中证金融资产管理计划,0.5675,其他金融产品
600023.SH,20260428,20251231,工银瑞信基金-农业银行-工银瑞信中证金融资产管理计划,0.5182,其他金融产品
600023.SH,20260428,20251231,河北港口集团有限公司,0.9529,一般企业
600023.SH,20260428,20251231,浙江浙能兴源节能科技有限公司,3.7326,一般企业
600023.SH,20260428,20251231,浙江省能源集团有限公司,69.4523,一般企业
600023.SH,20260428,20251231,香港中央结算有限公司,0.8506,一般企业
600025.SH,20260429,20251231,中国华能集团有限公司,48.6928,一般企业
600025.SH,20260429,20251231,云南合和(集团)股份有限公司,11.7357,一般企业
600025.SH,20260429,20251231,云南省能源投资集团有限公司,21.9354,投资公司
600025.SH,20260429,20251231,云南融聚发展投资有限公司,1.1049,投资公司
600025.SH,20260429,20251231,北京大地远通(集团)有限公司,0.6597,一般企业
600025.SH,20260429,20251231,北京远通鑫海商贸有限公司,0.7675,一般企业
600025.SH,20260429,20251231,昆明云能产业有限公司,1.5029,一般企业
600025.SH,20260429,20251231,昆明云能产融有限公司,3.8645,一般企业
600025.SH,20260429,20251231,李海清,0.3067,自然人
600025.SH,20260429,20251231,李福清,0.3848,自然人
600027.SH,20260327,20251231,中国华电集团有限公司,45.6341,一般企业
600027.SH,20260327,20251231,中国国有企业结构调整基金二期股份有限公司,0.886,一般企业
600027.SH,20260327,20251231,中国工商银行股份有限公司-华泰柏瑞沪深300交易型开放式指数证券投资基金,0.5636,其他金融产品
600027.SH,20260327,20251231,中国工艺集团有限公司,0.6011,一般企业
600027.SH,20260327,20251231,中国证券金融股份有限公司,2.1047,金融机构—证券公司
600027.SH,20260327,20251231,中央汇金资产管理有限责任公司,0.6567,资产管理公司
600027.SH,20260327,20251231,太平人寿保险有限公司-传统-普通保险产品-022L-CT001沪,0.833,保险投资组合
600027.SH,20260327,20251231,山东发展投资控股集团有限公司,6.3021,投资公司
600027.SH,20260327,20251231,申能股份有限公司,1.0205,一般企业
600027.SH,20260327,20251231,香港中央结算有限公司,15.4713,一般企业
600032.SH,20260428,20251231,中国农业银行股份有限公司-中证500交易型开放式指数证券投资基金,0.4415,其他金融产品
600032.SH,20260428,20251231,中国长江电力股份有限公司,4.2756,一般企业
600032.SH,20260428,20251231,丽水市富处股权投资合伙企业(有限合伙),0.4051,风险投资公司
600032.SH,20260428,20251231,国新国同(杭州)股权投资有限公司-杭州微同股权投资合伙企业(有限合伙),0.4501,风险投资公司
600032.SH,20260428,20251231,广发基金-南方电网资本控股有限公司-广发基金新起点88号单一资产管理计划,0.4068,基金专户理财
600032.SH,20260428,20251231,浙江广杰投资管理有限公司,0.4501,投资公司
600032.SH,20260428,20251231,浙江新能能源发展有限公司,17.965,一般企业
600032.SH,20260428,20251231,浙江省能源集团有限公司,59.8833,一般企业
600032.SH,20260428,20251231,浙江空港资本控股有限公司,0.4051,一般企业
600032.SH,20260428,20251231,香港中央结算有限公司,0.5138,一般企业
600052.SH,20260428,20251231,东阳复创信息技术有限公司,7.0,一般企业
600052.SH,20260428,20251231,东阳复创信息技术有限公司,7.0,一般企业
600052.SH,20260428,20251231,东阳市东科数字科技有限公司,26.554,一般企业
600052.SH,20260428,20251231,东阳市东科数字科技有限公司,26.554,一般企业
600052.SH,20260428,20251231,东阳市新岭科技有限公司,4.3392,一般企业
600052.SH,20260428,20251231,东阳市新岭科技有限公司,4.3392,一般企业
600052.SH,20260428,20251231,广厦建设集团有限责任公司,3.6439,一般企业
600052.SH,20260428,20251231,广厦建设集团有限责任公司,3.6439,一般企业
600052.SH,20260428,20251231,张丽,0.5115,自然人
600052.SH,20260428,20251231,张丽,0.5115,自然人
600052.SH,20260428,20251231,张鹏,0.6507,自然人
600052.SH,20260428,20251231,张鹏,0.6507,自然人
600052.SH,20260428,20251231,方三明,1.3566,自然人
600052.SH,20260428,20251231,方三明,1.3566,自然人
600052.SH,20260428,20251231,楼忠福,1.7284,自然人
600052.SH,20260428,20251231,楼忠福,1.7284,自然人
600052.SH,20260428,20251231,王娟娟,0.8485,自然人
600052.SH,20260428,20251231,王娟娟,0.8485,自然人
600052.SH,20260428,20251231,王辉,0.5473,自然人
600052.SH,20260428,20251231,王辉,0.5473,自然人
600098.SH,20260415,20251231,东莞市新越股权投资有限公司-东莞市能投一号股权投资合伙企业(有限合伙),0.4436,风险投资公司
600098.SH,20260415,20251231,中国农业银行股份有限公司-中证500交易型开放式指数证券投资基金,0.4412,其他金融产品
600098.SH,20260415,20251231,中国建设银行股份有限公司-东方红中证东方红红利低波动指数证券投资基金,0.3859,其他金融产品
600098.SH,20260415,20251231,中国长江电力股份有限公司,13.9795,一般企业
600098.SH,20260415,20251231,广州产业投资控股集团有限公司,57.9498,风险投资公司
600098.SH,20260415,20251231,招商证券股份有限公司,0.5818,金融机构—证券公司
600098.SH,20260415,20251231,西藏亿纬控股有限公司,0.5323,一般企业
600098.SH,20260415,20251231,长电宜昌能源投资有限公司,1.5403,投资公司
600098.SH,20260415,20251231,靳阳,0.6328,自然人
600098.SH,20260415,20251231,香港中央结算有限公司,0.5185,一般企业
600101.SH,20260327,20251231,J.P.MorganSecuritiesPLC-自有资金,0.2948,一般企业
600101.SH,20260327,20251231,J.P.MorganSecuritiesPLC-自有资金,0.2948,一般企业
600101.SH,20260327,20251231,中国建设银行股份有限公司-广发中证全指电力公用事业交易型开放式指数证券投资基金,0.3034,其他金融产品
600101.SH,20260327,20251231,中国建设银行股份有限公司-广发中证全指电力公用事业交易型开放式指数证券投资基金,0.3034,其他金融产品
600101.SH,20260327,20251231,叶守定,0.4417,自然人
600101.SH,20260327,20251231,叶守定,0.4417,自然人
600101.SH,20260327,20251231,国网四川省电力公司,20.0723,一般企业
600101.SH,20260327,20251231,国网四川省电力公司,20.0723,一般企业
600101.SH,20260327,20251231,崔伟,0.3221,自然人
600101.SH,20260327,20251231,崔伟,0.3221,自然人
600101.SH,20260327,20251231,庄俊顺,0.7573,自然人
600101.SH,20260327,20251231,庄俊顺,0.7573,自然人
600101.SH,20260327,20251231,王学才,0.4883,自然人
600101.SH,20260327,20251231,王学才,0.4883,自然人
600101.SH,20260327,20251231,遂宁兴业投资集团有限公司,5.7026,投资公司
600101.SH,20260327,20251231,遂宁兴业投资集团有限公司,5.7026,投资公司
600101.SH,20260327,20251231,遂宁市瑞隆企业管理有限公司,5.649,一般企业
600101.SH,20260327,20251231,遂宁市瑞隆企业管理有限公司,5.649,一般企业
600101.SH,20260327,20251231,香港中央结算有限公司,0.6872,一般企业
600101.SH,20260327,20251231,香港中央结算有限公司,0.6872,一般企业
600116.SH,20260423,20251231,三峡电能有限公司,2.5091,一般企业
600116.SH,20260423,20251231,三峡资本控股有限责任公司,2.1197,一般企业
600116.SH,20260423,20251231,中国长江电力股份有限公司,15.5891,一般企业
600116.SH,20260423,20251231,中央企业乡村产业投资基金股份有限公司,2.3916,风险投资公司
600116.SH,20260423,20251231,新华水利控股集团有限公司,5.805,一般企业
600116.SH,20260423,20251231,水利部综合开发管理中心,5.136,一般企业
600116.SH,20260423,20251231,重庆两江新区开发投资集团有限公司,6.3336,投资公司
600116.SH,20260423,20251231,重庆发展资产经营有限公司,5.7527,资产管理公司
600116.SH,20260423,20251231,重庆涪陵能源实业集团有限公司,8.0354,一般企业
600116.SH,20260423,20251231,长电宜昌能源投资有限公司,2.256,投资公司
600149.SH,20260418,20251231,代学荣,0.4151,自然人
600149.SH,20260418,20251231,代学荣,0.4151,自然人
600149.SH,20260418,20251231,何宇波,0.4044,自然人
600149.SH,20260418,20251231,何宇波,0.4044,自然人
600149.SH,20260418,20251231,廊坊市投资控股集团有限公司,15.3024,投资公司
600149.SH,20260418,20251231,廊坊市投资控股集团有限公司,15.3024,投资公司
600149.SH,20260418,20251231,恒大地产集团有限公司,20.0,一般企业
600149.SH,20260418,20251231,恒大地产集团有限公司,20.0,一般企业
600149.SH,20260418,20251231,李世伟,0.3904,自然人
600149.SH,20260418,20251231,李世伟,0.3904,自然人
600149.SH,20260418,20251231,潘智楠,1.355,自然人
600149.SH,20260418,20251231,潘智楠,1.355,自然人
600149.SH,20260418,20251231,盛四凤,0.4284,自然人
600149.SH,20260418,20251231,盛四凤,0.4284,自然人
600149.SH,20260418,20251231,陆宏娣,0.5379,自然人
600149.SH,20260418,20251231,陆宏娣,0.5379,自然人
600149.SH,20260418,20251231,陈复兴,0.48,自然人
600149.SH,20260418,20251231,陈复兴,0.48,自然人
600149.SH,20260418,20251231,黎东,1.108,自然人
600149.SH,20260418,20251231,黎东,1.108,自然人
600157.SH,20260423,20251231,中国东方资产管理股份有限公司江西省分公司,1.3547,资产管理公司
600157.SH,20260423,20251231,中国信托业保障基金有限责任公司-新华信托华悦系列·丰惠1号投资单一资金信托,0.3254,其他金融产品
600157.SH,20260423,20251231,中国农业银行股份有限公司-中证500交易型开放式指数证券投资基金,1.4555,其他金融产品
600157.SH,20260423,20251231,中国建设银行股份有限公司-广发中证全指电力公用事业交易型开放式指数证券投资基金,0.4327,其他金融产品
600157.SH,20260423,20251231,吉林省信托有限责任公司-吉信·九兴能源信托贷款单一资金信托计划,0.4865,信托公司单一证券信托
600157.SH,20260423,20251231,嘉兴民安投资合伙企业(有限合伙),0.8813,投资公司
600157.SH,20260423,20251231,永泰集团有限公司,18.4588,一般企业
600157.SH,20260423,20251231,泰达宏利基金-工商银行-泰达宏利新毅3号资产管理计划,0.4761,其他金融产品
600157.SH,20260423,20251231,陕西省国际信托股份有限公司-陕国投·唐兴8号证券投资集合资金信托计划,0.4992,其他金融产品
600157.SH,20260423,20251231,香港中央结算有限公司,0.9994,一般企业
600163.SH,20260429,20251231,中国工商银行股份有限公司-东方红新动力灵活配置混合型证券投资基金,0.6792,其他金融产品
600163.SH,20260429,20251231,云南能投资本投资有限公司,0.6128,投资公司
600163.SH,20260429,20251231,招商银行股份有限公司-东方红京东大数据灵活配置混合型证券投资基金,0.4492,其他金融产品
600163.SH,20260429,20251231,招商银行股份有限公司-南方中证1000交易型开放式指数证券投资基金,0.3687,其他金融产品
600163.SH,20260429,20251231,招商银行股份有限公司-工银瑞信红利优享灵活配置混合型证券投资基金,2.5705,其他金融产品
600163.SH,20260429,20251231,段京佩,0.7391,自然人
600163.SH,20260429,20251231,福建华兴创业投资有限公司,0.9796,风险投资公司
600163.SH,20260429,20251231,福建省投资开发集团有限责任公司,64.1382,投资公司
600163.SH,20260429,20251231,福建省铁路投资有限责任公司,0.8461,投资公司
600163.SH,20260429,20251231,香港中央结算有限公司,0.5369,一般企业
600167.SH,20260429,20251231,上海美季信息科技有限公司,1.1002,一般企业
600167.SH,20260429,20251231,周泽亮,2.4804,自然人
600167.SH,20260429,20251231,拉萨和泰装修有限公司,4.9127,一般企业
600167.SH,20260429,20251231,江洁,0.7088,自然人
600167.SH,20260429,20251231,沈阳茵芙诺德科技有限公司,1.6077,一般企业
600167.SH,20260429,20251231,深圳鼎呈投资管理有限公司-鼎呈顶志私募证券投资基金,1.2887,其他金融产品
600167.SH,20260429,20251231,深圳鼎呈投资管理有限公司-鼎呈鼎盛20号私募证券投资基金,1.1654,其他金融产品
600167.SH,20260429,20251231,联众新能源有限公司,52.9784,一般企业
600167.SH,20260429,20251231,联美集团有限公司,17.2332,一般企业
600167.SH,20260429,20251231,香港中央结算有限公司,0.5037,一般企业
600226.SH,20260421,20251231,中信证券资产管理(香港)有限公司-客户资金,0.5914,其他金融产品
600226.SH,20260421,20251231,亨通集团有限公司,16.9499,一般企业
600226.SH,20260421,20251231,华泰金融控股(香港)有限公司-客户资金,2.0629,其他金融产品
600226.SH,20260421,20251231,张家港市朴鑫企业管理咨询合伙企业(有限合伙),5.2403,投资公司
600226.SH,20260421,20251231,济南泰翔投资合伙企业(有限合伙),5.2367,投资公司
600226.SH,20260421,20251231,浙江亨通控股股份有限公司-2024年员工持股计划,1.0086,其他金融产品
600226.SH,20260421,20251231,王新蕾,0.7236,自然人
600226.SH,20260421,20251231,苏州亨通永旭创业投资企业(有限合伙),10.8336,风险投资公司
600226.SH,20260421,20251231,陆利斌,2.9738,自然人
600226.SH,20260421,20251231,香港中央结算有限公司,0.8184,一般企业
600236.SH,20260331,20251231,中国大唐集团有限公司,51.5515,一般企业
600236.SH,20260331,20251231,中国建设银行股份有限公司企业年金计划-中国工商银行股份有限公司,0.1315,企业年金
600236.SH,20260331,20251231,中国长江电力股份有限公司,11.664,一般企业
600236.SH,20260331,20251231,国新博远投资(北京)有限公司,4.3077,投资公司
600236.SH,20260331,20251231,广西大化金达实业开发有限公司,0.1708,一般企业
600236.SH,20260331,20251231,广西投资集团有限公司,22.3087,投资公司
600236.SH,20260331,20251231,招商银行股份有限公司-工银瑞信红利优享灵活配置混合型证券投资基金,0.1974,其他金融产品
600236.SH,20260331,20251231,贵州乌江能源投资有限公司,3.1195,投资公司
600236.SH,20260331,20251231,长电投资管理有限责任公司,1.3583,投资公司
600236.SH,20260331,20251231,香港中央结算有限公司,0.161,一般企业
600292.SH,20260417,20251231,中国电力国际发展有限公司,46.0434,一般企业
600292.SH,20260417,20251231,国家电力投资集团有限公司,7.7972,投资公司
600292.SH,20260417,20251231,国家电投集团广西电力有限公司,9.0902,一般企业
600292.SH,20260417,20251231,崔建国,0.0814,自然人
600292.SH,20260417,20251231,招商银行股份有限公司-南方中证1000交易型开放式指数证券投资基金,0.083,其他金融产品
600292.SH,20260417,20251231,李秋香,0.0776,自然人
600292.SH,20260417,20251231,湖南湘投国际投资有限公司,27.0405,投资公司
600292.SH,20260417,20251231,重庆市城市建设投资(集团)有限公司,1.5292,投资公司
600292.SH,20260417,20251231,阿拉丁环保集团有限公司,0.1392,一般企业
600292.SH,20260417,20251231,香港中央结算有限公司,0.1144,一般企业
600310.SH,20260327,20251231,付前军,0.5663,自然人
600310.SH,20260327,20251231,付前军,0.5663,自然人
600310.SH,20260327,20251231,付崑,0.3181,自然人
600310.SH,20260327,20251231,付崑,0.3181,自然人
600310.SH,20260327,20251231,广西广投正润发展集团有限公司,32.4742,一般企业
600310.SH,20260327,20251231,广西广投正润发展集团有限公司,32.4742,一般企业
600310.SH,20260327,20251231,广西能源集团有限公司,18.5153,一般企业
600310.SH,20260327,20251231,广西能源集团有限公司,18.5153,一般企业
600310.SH,20260327,20251231,王强,0.2797,自然人
600310.SH,20260327,20251231,王强,0.2797,自然人
600310.SH,20260327,20251231,谢润芳,0.5929,自然人
600310.SH,20260327,20251231,谢润芳,0.5929,自然人
600310.SH,20260327,20251231,贺州市城市运营投资管理有限公司,0.873,投资公司
600310.SH,20260327,20251231,贺州市城市运营投资管理有限公司,0.873,投资公司
600310.SH,20260327,20251231,赵欣,0.6155,自然人
600310.SH,20260327,20251231,赵欣,0.6155,自然人
600310.SH,20260327,20251231,香港中央结算有限公司,0.4061,一般企业
600310.SH,20260327,20251231,香港中央结算有限公司,0.4061,一般企业
600310.SH,20260327,20251231,高虹,0.3411,自然人
600310.SH,20260327,20251231,高虹,0.3411,自然人
600396.SH,20260430,20251231,中国华电集团有限公司,20.9181,一般企业
600396.SH,20260430,20251231,刘彩云,0.166,自然人
600396.SH,20260430,20251231,华电辽宁能源有限公司,17.5769,一般企业
600396.SH,20260430,20251231,姚洪燕,0.2221,自然人
600396.SH,20260430,20251231,李岩岩,0.5093,自然人
600396.SH,20260430,20251231,沙禹先,0.2054,自然人
600396.SH,20260430,20251231,深圳市联信投资有限公司,3.9,投资公司
600396.SH,20260430,20251231,王国洲,0.1692,自然人
600396.SH,20260430,20251231,辽宁能源投资(集团)有限责任公司,16.5996,投资公司
600396.SH,20260430,20251231,高同裕,0.2568,自然人
600452.SH,20260417,20251231,中信证券股份有限公司,0.6649,金融机构—证券公司
600452.SH,20260417,20251231,全国社保基金一零三组合,4.5557,社保基金、社保机构
600452.SH,20260417,20251231,冯锦刚,0.6513,自然人
600452.SH,20260417,20251231,刘长羽,2.7846,自然人
600452.SH,20260417,20251231,周信义,0.548,自然人
600452.SH,20260417,20251231,招商银行股份有限公司-南方中证1000交易型开放式指数证券投资基金,0.5506,其他金融产品
600452.SH,20260417,20251231,罗明光,1.6761,自然人
600452.SH,20260417,20251231,蒋超,1.6483,自然人
600452.SH,20260417,20251231,重庆川东电力集团有限责任公司,41.6482,一般企业
600452.SH,20260417,20251231,香港中央结算有限公司,1.249,一般企业
600475.SH,20260429,20251231,中国国有企业结构调整基金二期股份有限公司,14.4285,一般企业
600475.SH,20260429,20251231,中国银河证券股份有限公司,0.3191,金融机构—证券公司
600475.SH,20260429,20251231,招商银行股份有限公司-南方中证1000交易型开放式指数证券投资基金,0.3666,其他金融产品
600475.SH,20260429,20251231,无锡华光环保能源集团股份有限公司回购专用证券账户,1.0451,其他金融产品
600475.SH,20260429,20251231,无锡国联金融投资集团有限公司,1.2263,投资公司
600475.SH,20260429,20251231,无锡市国联发展(集团)有限公司,51.9502,一般企业
600475.SH,20260429,20251231,深圳市弘洛私募证券基金管理有限公司-弘洛弘道4号私募证券投资基金,0.3138,其他金融产品
600475.SH,20260429,20251231,紫金财产保险股份有限公司,4.9369,金融机构—保险公司
600475.SH,20260429,20251231,陈勇,0.3265,自然人
600475.SH,20260429,20251231,香港中央结算有限公司,1.5312,一般企业
600483.SH,20260423,20251231,三峡资本控股有限责任公司,9.8798,一般企业
600483.SH,20260423,20251231,中国农业银行股份有限公司-中证500交易型开放式指数证券投资基金,0.5897,其他金融产品
600483.SH,20260423,20251231,中国太平洋人寿保险股份有限公司-传统保险高分红股票管理组合,1.3273,保险投资组合
600483.SH,20260423,20251231,全国社保基金一一零组合,0.7458,社保基金、社保机构
600483.SH,20260423,20251231,招商银行股份有限公司-工银瑞信红利优享灵活配置混合型证券投资基金,0.9473,其他金融产品
600483.SH,20260423,20251231,方正富邦基金-包商银行-紫金亿丰(北京)投资管理有限公司,0.9497,基金专户理财
600483.SH,20260423,20251231,福州港务集团有限公司,0.5392,一般企业
600483.SH,20260423,20251231,福建省能源集团有限责任公司,55.575,一般企业
600483.SH,20260423,20251231,福建长源纺织有限公司,0.6078,一般企业
600483.SH,20260423,20251231,香港中央结算有限公司,0.5896,一般企业
600505.SH,20260423,20251231,J.P.MorganSecuritiesPLC-自有资金,0.268,一般企业
600505.SH,20260423,20251231,J.P.MorganSecuritiesPLC-自有资金,0.268,一般企业
600505.SH,20260423,20251231,凉山州发展(控股)集团有限责任公司,16.8908,一般企业
600505.SH,20260423,20251231,凉山州发展(控股)集团有限责任公司,16.8908,一般企业
600505.SH,20260423,20251231,四川昭觉电力有限责任公司,0.4937,一般企业
600505.SH,20260423,20251231,四川昭觉电力有限责任公司,0.4937,一般企业
600505.SH,20260423,20251231,四川省水电投资经营集团有限公司,18.3151,投资公司
600505.SH,20260423,20251231,四川省水电投资经营集团有限公司,18.3151,投资公司
600505.SH,20260423,20251231,国网四川省电力公司,20.1469,一般企业
600505.SH,20260423,20251231,国网四川省电力公司,20.1469,一般企业
600505.SH,20260423,20251231,朱强,0.4917,自然人
600505.SH,20260423,20251231,朱强,0.4917,自然人
600505.SH,20260423,20251231,罗明光,0.5292,自然人
600505.SH,20260423,20251231,罗明光,0.5292,自然人
600505.SH,20260423,20251231,郭锦荣,0.2265,自然人
600505.SH,20260423,20251231,郭锦荣,0.2265,自然人
600505.SH,20260423,20251231,香港中央结算有限公司,0.2298,一般企业
600505.SH,20260423,20251231,香港中央结算有限公司,0.2298,一般企业
600505.SH,20260423,20251231,高盛国际-自有资金,0.2021,一般企业
600505.SH,20260423,20251231,高盛国际-自有资金,0.2021,一般企业
600509.SH,20260422,20251231,中国工商银行股份有限公司-广发中证1000交易型开放式指数证券投资基金,0.2907,其他金融产品
600509.SH,20260422,20251231,中国建设银行股份有限公司-广发中证全指电力公用事业交易型开放式指数证券投资基金,0.3029,其他金融产品
600509.SH,20260422,20251231,中新建电力集团有限责任公司,33.5984,一般企业
600509.SH,20260422,20251231,招商银行股份有限公司-华夏中证1000交易型开放式指数证券投资基金,0.4056,其他金融产品
600509.SH,20260422,20251231,招商银行股份有限公司-南方中证1000交易型开放式指数证券投资基金,0.6407,其他金融产品
600509.SH,20260422,20251231,新疆天富集团有限责任公司,0.8367,一般企业
600509.SH,20260422,20251231,新疆生产建设兵团投资有限责任公司,0.7757,投资公司
600509.SH,20260422,20251231,珠海回声资产管理有限公司-回声1号私募基金,0.4581,其他金融产品
600509.SH,20260422,20251231,黄华荣,0.3929,自然人
600509.SH,20260422,20251231,龚炯,0.4832,自然人
600575.SH,20260328,20251231,上海淮矿资产管理有限公司,3.6122,资产管理公司
600575.SH,20260328,20251231,中国建设银行-华夏红利混合型开放式证券投资基金,0.1392,其他金融产品
600575.SH,20260328,20251231,于秀平,0.1709,自然人
600575.SH,20260328,20251231,全国社保基金一一二组合,0.1395,社保基金、社保机构
600575.SH,20260328,20251231,冯春保,0.8842,自然人
600575.SH,20260328,20251231,国元证券-淮北皖淮投资有限公司-国元证券皖淮3号单一资产管理计划,0.158,券商集合资产管理计划
600575.SH,20260328,20251231,招商银行股份有限公司-华夏中证1000交易型开放式指数证券投资基金,0.1257,其他金融产品
600575.SH,20260328,20251231,招商银行股份有限公司-南方中证1000交易型开放式指数证券投资基金,0.1838,其他金融产品
600575.SH,20260328,20251231,淮南矿业(集团)有限责任公司,76.4725,一般企业
600575.SH,20260328,20251231,香港中央结算有限公司,0.3557,一般企业
600578.SH,20260425,20251231,中国人寿保险股份有限公司-传统-普通保险产品-005L-CT001沪,4.4751,保险投资组合
600578.SH,20260425,20251231,中国人寿保险股份有限公司-分红-个人分红-005L-FH002沪,6.4445,保险投资组合
600578.SH,20260425,20251231,中国农业银行股份有限公司-中证500交易型开放式指数证券投资基金,0.4419,其他金融产品
600578.SH,20260425,20251231,中国建设银行-华夏红利混合型开放式证券投资基金,0.275,其他金融产品
600578.SH,20260425,20251231,中央汇金资产管理有限责任公司,0.3893,资产管理公司
600578.SH,20260425,20251231,北京能源集团有限责任公司,66.7327,一般企业
600578.SH,20260425,20251231,华泰证券股份有限公司,0.1472,金融机构—证券公司
600578.SH,20260425,20251231,哈尔滨市道里区慈善基金会,0.316,公益基金
600578.SH,20260425,20251231,山西国际电力集团有限公司,6.3437,一般企业
600578.SH,20260425,20251231,香港中央结算有限公司,0.6753,一般企业
600642.SH,20260427,20251231,上海久事(集团)有限公司,0.5802,一般企业
600642.SH,20260427,20251231,中国农业银行股份有限公司-中证500交易型开放式指数证券投资基金,0.5757,其他金融产品
600642.SH,20260427,20251231,中国农业银行股份有限公司-南方标普中国A股大盘红利低波50交易型开放式指数证券投资基金,0.9266,其他金融产品
600642.SH,20260427,20251231,中国长江电力股份有限公司,9.3832,一般企业
600642.SH,20260427,20251231,中央汇金资产管理有限责任公司,1.0226,资产管理公司
600642.SH,20260427,20251231,利安人寿保险股份有限公司-利安禧年金保险(分红型),0.8162,其他金融产品
600642.SH,20260427,20251231,广东电力发展股份有限公司,1.1347,一般企业
600642.SH,20260427,20251231,申能(集团)有限公司,53.6678,一般企业
600642.SH,20260427,20251231,长电投资管理有限责任公司,2.2063,投资公司
600642.SH,20260427,20251231,香港中央结算有限公司,1.5086,一般企业
600644.SH,20260418,20251231,BARCLAYSBANKPLC,0.1778,一般企业
600644.SH,20260418,20251231,BARCLAYSBANKPLC,0.1778,一般企业
600644.SH,20260418,20251231,MORGANSTANLEY&CO.INTERNATIONALPLC.,0.3027,一般企业
600644.SH,20260418,20251231,MORGANSTANLEY&CO.INTERNATIONALPLC.,0.3027,一般企业
600644.SH,20260418,20251231,UBSAG,0.5289,一般企业
600644.SH,20260418,20251231,UBSAG,0.5289,一般企业
600644.SH,20260418,20251231,中国建设银行股份有限公司-广发中证全指电力公用事业交易型开放式指数证券投资基金,0.2162,其他金融产品
600644.SH,20260418,20251231,中国建设银行股份有限公司-广发中证全指电力公用事业交易型开放式指数证券投资基金,0.2162,其他金融产品
600644.SH,20260418,20251231,乐山国有资产投资运营(集团)有限公司,17.9154,国资局
600644.SH,20260418,20251231,乐山国有资产投资运营(集团)有限公司,17.9154,国资局
600644.SH,20260418,20251231,国网四川省电力公司,13.5132,一般企业
600644.SH,20260418,20251231,国网四川省电力公司,13.5132,一般企业
600644.SH,20260418,20251231,天津中环信息产业集团有限公司,12.7415,一般企业
600644.SH,20260418,20251231,天津中环信息产业集团有限公司,12.7415,一般企业
600644.SH,20260418,20251231,天津渤海信息产业结构调整股权投资基金有限公司,1.5562,风险投资公司
600644.SH,20260418,20251231,天津渤海信息产业结构调整股权投资基金有限公司,1.5562,风险投资公司
600644.SH,20260418,20251231,胡德明,0.1671,自然人
600644.SH,20260418,20251231,胡德明,0.1671,自然人
600644.SH,20260418,20251231,香港中央结算有限公司,0.2827,一般企业
600644.SH,20260418,20251231,香港中央结算有限公司,0.2827,一般企业
600674.SH,20260418,20251231,中国工商银行股份有限公司-华泰柏瑞沪深300交易型开放式指数证券投资基金,0.6605,其他金融产品
600674.SH,20260418,20251231,中国证券金融股份有限公司,2.3543,金融机构—证券公司
600674.SH,20260418,20251231,中国长江电力股份有限公司,9.945,一般企业
600674.SH,20260418,20251231,中央汇金资产管理有限责任公司,0.9511,资产管理公司
600674.SH,20260418,20251231,北京大地远通(集团)有限公司,4.1288,一般企业
600674.SH,20260418,20251231,北京远通鑫海商贸有限公司,1.4614,一般企业
600674.SH,20260418,20251231,四川川投峨眉铁合金(集团)有限责任公司,0.8136,一般企业
600674.SH,20260418,20251231,四川省投资集团有限责任公司,50.2356,投资公司
600674.SH,20260418,20251231,河北远通矿业有限公司,0.5641,一般企业
600674.SH,20260418,20251231,香港中央结算有限公司,1.9132,一般企业
600719.SH,20260327,20251231,刘显凯,0.477,自然人
600719.SH,20260327,20251231,刘显凯,0.477,自然人
600719.SH,20260327,20251231,大连万林进出口有限公司,0.3089,一般企业
600719.SH,20260327,20251231,大连万林进出口有限公司,0.3089,一般企业
600719.SH,20260327,20251231,大连洁净能源集团有限公司,32.9051,一般企业
600719.SH,20260327,20251231,大连洁净能源集团有限公司,32.9051,一般企业
600719.SH,20260327,20251231,张文岚,0.3327,自然人
600719.SH,20260327,20251231,张文岚,0.3327,自然人
600719.SH,20260327,20251231,张锡良,0.4953,自然人
600719.SH,20260327,20251231,张锡良,0.4953,自然人
600719.SH,20260327,20251231,朱友法,0.5025,自然人
600719.SH,20260327,20251231,朱友法,0.5025,自然人
600719.SH,20260327,20251231,李汉忠,0.2966,自然人
600719.SH,20260327,20251231,李汉忠,0.2966,自然人
600719.SH,20260327,20251231,赵秀华,0.4307,自然人
600719.SH,20260327,20251231,赵秀华,0.4307,自然人
600719.SH,20260327,20251231,骆申涛,0.6093,自然人
600719.SH,20260327,20251231,骆申涛,0.6093,自然人
600719.SH,20260327,20251231,高盛国际-自有资金,0.3356,一般企业
600719.SH,20260327,20251231,高盛国际-自有资金,0.3356,一般企业
600726.SH,20260423,20251231,中国中信金融资产管理股份有限公司,0.6957,资产管理公司
600726.SH,20260423,20251231,中国华电集团有限公司,21.5064,一般企业
600726.SH,20260423,20251231,中国工商银行股份有限公司-国泰中证煤炭交易型开放式指数证券投资基金,0.4245,其他金融产品
600726.SH,20260423,20251231,中国银行股份有限公司-招商中证煤炭等权指数分级证券投资基金,0.2174,其他金融产品
600726.SH,20260423,20251231,华电煤业集团有限公司,59.7925,一般企业
600726.SH,20260423,20251231,招商银行股份有限公司-南方中证1000交易型开放式指数证券投资基金,0.1295,其他金融产品
600726.SH,20260423,20251231,李革,0.1336,自然人
600726.SH,20260423,20251231,赵睿,0.162,自然人
600726.SH,20260423,20251231,郑元然,0.1605,自然人
600726.SH,20260423,20251231,香港中央结算有限公司,0.1137,一般企业
600744.SH,20260423,20251231,中国大唐集团有限公司,29.9733,一般企业
600744.SH,20260423,20251231,中国工商银行股份有限公司-广发中证1000交易型开放式指数证券投资基金,0.2077,其他金融产品
600744.SH,20260423,20251231,中国建设银行股份有限公司-广发中证全指电力公用事业交易型开放式指数证券投资基金,0.2165,其他金融产品
600744.SH,20260423,20251231,刘佳,0.1671,自然人
600744.SH,20260423,20251231,大唐耒阳电力有限责任公司,16.9707,一般企业
600744.SH,20260423,20251231,张玉云,0.1981,自然人
600744.SH,20260423,20251231,招商银行股份有限公司-华夏中证1000交易型开放式指数证券投资基金,0.2899,其他金融产品
600744.SH,20260423,20251231,招商银行股份有限公司-南方中证1000交易型开放式指数证券投资基金,0.4561,其他金融产品
600744.SH,20260423,20251231,湖南能源集团有限公司,8.1955,一般企业
600744.SH,20260423,20251231,香港中央结算有限公司,0.5642,一般企业
600780.SH,20260425,20251231,中央汇金资产管理有限责任公司,0.7707,资产管理公司
600780.SH,20260425,20251231,中央汇金资产管理有限责任公司,0.7707,资产管理公司
600780.SH,20260425,20251231,北京默名资产管理有限公司-默名融智阳光12期基金,0.4681,其他金融产品
600780.SH,20260425,20251231,北京默名资产管理有限公司-默名融智阳光12期基金,0.4681,其他金融产品
600780.SH,20260425,20251231,华阳新材料科技集团有限公司,0.4476,一般企业
600780.SH,20260425,20251231,华阳新材料科技集团有限公司,0.4476,一般企业
600780.SH,20260425,20251231,厦门市信实资产管理有限公司-信实2号私募证券投资基金,0.4623,其他金融产品
600780.SH,20260425,20251231,厦门市信实资产管理有限公司-信实2号私募证券投资基金,0.4623,其他金融产品
600780.SH,20260425,20251231,太原钢铁(集团)有限公司,3.1279,一般企业
600780.SH,20260425,20251231,太原钢铁(集团)有限公司,3.1279,一般企业
600780.SH,20260425,20251231,孙明,0.9897,自然人
600780.SH,20260425,20251231,孙明,0.9897,自然人
600780.SH,20260425,20251231,山西国际电力集团有限公司,57.332,一般企业
600780.SH,20260425,20251231,山西国际电力集团有限公司,57.332,一般企业
600780.SH,20260425,20251231,山西统配煤炭经销有限公司,1.0444,一般企业
600780.SH,20260425,20251231,山西统配煤炭经销有限公司,1.0444,一般企业
600780.SH,20260425,20251231,陈波,0.3935,自然人
600780.SH,20260425,20251231,陈波,0.3935,自然人
600780.SH,20260425,20251231,香港中央结算有限公司,1.307,一般企业
600780.SH,20260425,20251231,香港中央结算有限公司,1.307,一般企业
600795.SH,20260415,20251231,上海电气控股集团有限公司,1.1214,一般企业
600795.SH,20260415,20251231,中国人寿保险股份有限公司-传统-普通保险产品-005L-CT001沪,3.6395,保险投资组合
600795.SH,20260415,20251231,中国工商银行股份有限公司-华泰柏瑞沪深300交易型开放式指数证券投资基金,0.8257,其他金融产品
600795.SH,20260415,20251231,中国证券金融股份有限公司,5.0289,金融机构—证券公司
600795.SH,20260415,20251231,中央汇金资产管理有限责任公司,1.1739,资产管理公司
600795.SH,20260415,20251231,中欧基金-农业银行-中欧中证金融资产管理计划,0.799,其他金融产品
600795.SH,20260415,20251231,华夏基金-农业银行-华夏中证金融资产管理计划,0.799,其他金融产品
600795.SH,20260415,20251231,南方基金-农业银行-南方中证金融资产管理计划,0.799,其他金融产品
600795.SH,20260415,20251231,博时基金-农业银行-博时中证金融资产管理计划,0.799,其他金融产品
600795.SH,20260415,20251231,嘉实基金-农业银行-嘉实中证金融资产管理计划,0.799,其他金融产品
600795.SH,20260415,20251231,国家能源投资集团有限责任公司,50.6779,投资公司
600795.SH,20260415,20251231,大成基金-农业银行-大成中证金融资产管理计划,0.799,其他金融产品
600795.SH,20260415,20251231,工银瑞信基金-农业银行-工银瑞信中证金融资产管理计划,0.799,其他金融产品
600795.SH,20260415,20251231,广发基金-农业银行-广发中证金融资产管理计划,0.799,其他金融产品
600795.SH,20260415,20251231,易方达基金-农业银行-易方达中证金融资产管理计划,0.799,其他金融产品
600795.SH,20260415,20251231,银华基金-农业银行-银华中证金融资产管理计划,0.799,其他金融产品
600795.SH,20260415,20251231,香港中央结算有限公司,1.6864,一般企业
600821.SH,20260418,20251231,北京景星资产管理有限公司-景星富胜私募证券投资基金,2.5728,其他金融产品
600821.SH,20260418,20251231,国开金融有限责任公司,6.7151,一般企业
600821.SH,20260418,20251231,天津津融卓创投资管理有限公司-津融卓创2号私募证券投资基金,1.3008,其他金融产品
600821.SH,20260418,20251231,天津津融国盛股权投资基金管理有限公司-天津津诚二号股权投资基金合伙企业(有限合伙),3.3397,风险投资公司
600821.SH,20260418,20251231,天津津融资本运营有限公司,2.7497,资产管理公司
600821.SH,20260418,20251231,天津金开企业管理有限公司,12.6124,一般企业
600821.SH,20260418,20251231,安联保险资管-招商银行-安联远见16号资产管理产品,3.3991,其他金融产品
600821.SH,20260418,20251231,海南共裕私募基金管理合伙企业(有限合伙)-共裕盛世私募证券投资基金,2.5729,其他金融产品
600821.SH,20260418,20251231,资舟资产管理(深圳)有限公司-资舟睿舟3号私募证券投资基金,3.3337,其他金融产品
600821.SH,20260418,20251231,通用技术集团国际控股有限公司,5.0069,一般企业
600863.SH,20260423,20251231,东兴证券股份有限公司,0.8664,金融机构—证券公司
600863.SH,20260423,20251231,东方证券股份有限公司,1.5474,金融机构—证券公司
600863.SH,20260423,20251231,中国农业银行股份有限公司-中证500交易型开放式指数证券投资基金,0.7377,其他金融产品
600863.SH,20260423,20251231,中国太平洋人寿保险股份有限公司-传统保险高分红股票管理组合,1.646,保险投资组合
600863.SH,20260423,20251231,中国太平洋人寿保险股份有限公司-分红-个人分红,0.6591,保险投资组合
600863.SH,20260423,20251231,中国建设银行股份有限公司-华泰柏瑞中证红利低波动交易型开放式指数证券投资基金,1.5318,其他金融产品
600863.SH,20260423,20251231,信达证券-信达投资有限公司-信达证券信丰1号单一资产管理计划,3.3437,券商集合资产管理计划
600863.SH,20260423,20251231,北方联合电力有限责任公司,51.2441,一般企业
600863.SH,20260423,20251231,天津华人投资管理有限公司-华能结构调整1号证券投资私募基金,1.9878,其他金融产品
600863.SH,20260423,20251231,李清生,0.8126,自然人
600868.SH,20260403,20251231,刘通,0.5448,自然人
600868.SH,20260403,20251231,刘通,0.5448,自然人
600868.SH,20260403,20251231,广东能润资产管理有限公司,7.1385,资产管理公司
600868.SH,20260403,20251231,广东能润资产管理有限公司,7.1385,资产管理公司
600868.SH,20260403,20251231,彭金秀,0.3704,自然人
600868.SH,20260403,20251231,彭金秀,0.3704,自然人
600868.SH,20260403,20251231,徐显丰,1.0937,自然人
600868.SH,20260403,20251231,徐显丰,1.0937,自然人
600868.SH,20260403,20251231,李明,1.0679,自然人
600868.SH,20260403,20251231,李明,1.0679,自然人
600868.SH,20260403,20251231,杨秋婷,0.3527,自然人
600868.SH,20260403,20251231,杨秋婷,0.3527,自然人
600868.SH,20260403,20251231,胡鑫,0.648,自然人
600868.SH,20260403,20251231,胡鑫,0.648,自然人
600868.SH,20260403,20251231,韩万通,0.548,自然人
600868.SH,20260403,20251231,韩万通,0.548,自然人
600868.SH,20260403,20251231,香港中央结算有限公司,0.8547,一般企业
600868.SH,20260403,20251231,香港中央结算有限公司,0.8547,一般企业
600868.SH,20260403,20251231,龙斌,0.3577,自然人
600868.SH,20260403,20251231,龙斌,0.3577,自然人
600886.SH,20260430,20251231,中国人寿保险股份有限公司-传统-普通保险产品-005L-CT001沪,1.1618,保险投资组合
600886.SH,20260430,20251231,中国平安人寿保险股份有限公司-自有资金,1.5474,一般企业
600886.SH,20260430,20251231,中国证券金融股份有限公司,2.5443,金融机构—证券公司
600886.SH,20260430,20251231,中国长江电力股份有限公司,13.0464,一般企业
600886.SH,20260430,20251231,全国社会保障基金理事会,6.8751,社保基金、社保机构
600886.SH,20260430,20251231,国丰兴华(北京)私募基金管理有限公司-国丰兴华鸿鹄志远三期私募证券投资基金1号,1.1673,其他金融产品
600886.SH,20260430,20251231,国家开发投资集团有限公司,47.7912,投资公司
600886.SH,20260430,20251231,平安资管-工商银行-平安资产夏荷21号资产管理产品,1.0982,其他金融产品
600886.SH,20260430,20251231,长电投资管理有限责任公司,3.2371,投资公司
600886.SH,20260430,20251231,香港中央结算有限公司,1.0293,一般企业
600900.SH,20260430,20251231,中国三峡建工(集团)有限公司,3.5965,一般企业
600900.SH,20260430,20251231,中国人寿保险股份有限公司-传统-普通保险产品-005L-CT001沪,1.6527,保险投资组合
600900.SH,20260430,20251231,中国平安人寿保险股份有限公司-传统-普通保险产品,4.0382,保险投资组合
600900.SH,20260430,20251231,中国证券金融股份有限公司,2.6891,金融机构—证券公司
600900.SH,20260430,20251231,中国长江三峡集团有限公司,43.4687,一般企业
600900.SH,20260430,20251231,云南省能源集团有限公司,1.7349,一般企业
600900.SH,20260430,20251231,四川省能源投资集团有限责任公司,3.7487,投资公司
600900.SH,20260430,20251231,长江三峡集团实业发展(北京)有限公司,1.8589,一般企业
600900.SH,20260430,20251231,长江生态环保集团有限公司,4.0,一般企业
600900.SH,20260430,20251231,香港中央结算有限公司,4.4006,一般企业
600905.SH,20260430,20251231,三峡资本控股有限责任公司,3.491,一般企业
600905.SH,20260430,20251231,中国水利水电建设工程咨询有限公司,1.0013,投资公司
600905.SH,20260430,20251231,中国电力建设集团有限公司,1.9294,一般企业
600905.SH,20260430,20251231,中国长江三峡集团有限公司,28.8643,一般企业
600905.SH,20260430,20251231,和谐健康保险股份有限公司-万能产品,1.6221,保险投资组合
600905.SH,20260430,20251231,浙能资本控股有限公司,3.491,一般企业
600905.SH,20260430,20251231,珠海融朗投资管理合伙企业(有限合伙),3.457,投资公司
600905.SH,20260430,20251231,都城伟业集团有限公司,3.491,一般企业
600905.SH,20260430,20251231,长江三峡投资管理有限公司,20.9881,投资公司
600905.SH,20260430,20251231,香港中央结算有限公司,1.758,一般企业
600930.SH,20260421,20251231,中国人寿保险股份有限公司-传统-普通保险产品-005L-CT001沪,2.1531,保险投资组合
600930.SH,20260421,20251231,中银资产基金管理有限公司-国新中鑫私募股权投资基金(青岛)合伙企业(有限合伙),1.5258,风险投资公司
600930.SH,20260421,20251231,华电国际电力股份有限公司,26.7761,一般企业
600930.SH,20260421,20251231,南网建鑫基金管理有限公司-南网双碳绿电(广州)股权投资基金合伙企业(有限合伙),1.0018,风险投资公司
600930.SH,20260421,20251231,国家绿色发展基金股份有限公司,0.9536,一般企业
600930.SH,20260421,20251231,国投创益产业基金管理有限公司-影响力新能源产业基金(北京)合伙企业(有限合伙),1.4299,一般企业
600930.SH,20260421,20251231,国新建源股权投资基金(成都)合伙企业(有限合伙),1.5258,风险投资公司
600930.SH,20260421,20251231,山东发展投资控股集团有限公司,1.5258,投资公司
600930.SH,20260421,20251231,特变电工科技投资有限公司,0.9536,投资公司
600930.SH,20260421,20251231,福建华电福瑞能源发展有限公司,45.2211,一般企业
600956.SH,20260326,20251231,HEBEIINTERNATIONALINVESTMENTLTD(燕山国际投资有限公司),6.803,投资公司
600956.SH,20260326,20251231,HKSCCNOMINEESLIMITED,40.6856,一般企业
600956.SH,20260326,20251231,新华人寿保险股份有限公司-传统-普通保险产品-018L-CT001沪,0.0962,保险投资组合
600956.SH,20260326,20251231,段京佩,0.0481,自然人
600956.SH,20260326,20251231,河北建设投资集团有限责任公司,45.6233,投资公司
600956.SH,20260326,20251231,深圳市新亿圣科技开发有限公司,0.0457,一般企业
600956.SH,20260326,20251231,深圳市新亿圣科技股份有限公司,0.0559,一般企业
600956.SH,20260326,20251231,王玉兰,0.1193,自然人
600956.SH,20260326,20251231,许益生,0.0982,自然人
600956.SH,20260326,20251231,香港中央结算有限公司,0.1287,一般企业
600969.SH,20260424,20251231,临武县水利电力有限责任公司,4.6776,一般企业
600969.SH,20260424,20251231,临武县水利电力有限责任公司,4.6776,一般企业
600969.SH,20260424,20251231,宜章县电力有限责任公司,5.9726,一般企业
600969.SH,20260424,20251231,宜章县电力有限责任公司,5.9726,一般企业
600969.SH,20260424,20251231,永兴县水利电力有限责任公司,3.2611,一般企业
600969.SH,20260424,20251231,永兴县水利电力有限责任公司,3.2611,一般企业
600969.SH,20260424,20251231,永兴银都投资发展集团有限公司,3.182,投资公司
600969.SH,20260424,20251231,永兴银都投资发展集团有限公司,3.182,投资公司
600969.SH,20260424,20251231,汝城县水电有限责任公司,7.8784,一般企业
600969.SH,20260424,20251231,汝城县水电有限责任公司,7.8784,一般企业
600969.SH,20260424,20251231,汤枫,1.0863,自然人
600969.SH,20260424,20251231,汤枫,1.0863,自然人
600969.SH,20260424,20251231,深圳沃克锂科技有限责任公司,0.785,一般企业
600969.SH,20260424,20251231,深圳沃克锂科技有限责任公司,0.785,一般企业
600969.SH,20260424,20251231,湖南省国有投资经营有限公司,1.243,投资公司
600969.SH,20260424,20251231,湖南省国有投资经营有限公司,1.243,投资公司
600969.SH,20260424,20251231,郴州市发展投资集团有限公司,16.1279,投资公司
600969.SH,20260424,20251231,郴州市发展投资集团有限公司,16.1279,投资公司
600969.SH,20260424,20251231,高盛国际-自有资金,0.8585,一般企业
600969.SH,20260424,20251231,高盛国际-自有资金,0.8585,一般企业
600979.SH,20260428,20251231,中国建设银行股份有限公司-广发中证全指电力公用事业交易型开放式指数证券投资基金,0.3032,其他金融产品
600979.SH,20260428,20251231,中国建设银行股份有限公司-广发中证全指电力公用事业交易型开放式指数证券投资基金,0.3032,其他金融产品
600979.SH,20260428,20251231,四川爱众发展集团有限公司,19.8,一般企业
600979.SH,20260428,20251231,四川爱众发展集团有限公司,19.8,一般企业
600979.SH,20260428,20251231,四川省岳池银泰投资(控股)有限公司,0.6189,投资公司
600979.SH,20260428,20251231,四川省岳池银泰投资(控股)有限公司,0.6189,投资公司
600979.SH,20260428,20251231,四川省投资集团有限责任公司,2.846,投资公司
600979.SH,20260428,20251231,四川省投资集团有限责任公司,2.846,投资公司
600979.SH,20260428,20251231,四川省水电投资经营集团有限公司,11.8667,投资公司
600979.SH,20260428,20251231,四川省水电投资经营集团有限公司,11.8667,投资公司
600979.SH,20260428,20251231,四川裕嘉阁酒店管理有限公司,1.003,一般企业
600979.SH,20260428,20251231,四川裕嘉阁酒店管理有限公司,1.003,一般企业
600979.SH,20260428,20251231,孙卫东,0.2265,自然人
600979.SH,20260428,20251231,孙卫东,0.2265,自然人
600979.SH,20260428,20251231,广安神龙实业有限公司,3.4802,一般企业
600979.SH,20260428,20251231,广安神龙实业有限公司,3.4802,一般企业
600979.SH,20260428,20251231,王健璎,0.1585,自然人
600979.SH,20260428,20251231,王健璎,0.1585,自然人
600979.SH,20260428,20251231,黄江河,0.6352,自然人
600979.SH,20260428,20251231,黄江河,0.6352,自然人
600982.SH,20260421,20251231,孙伟文,0.1945,自然人
600982.SH,20260421,20251231,孙伟文,0.1945,自然人
600982.SH,20260421,20251231,宁波城建投资集团有限公司,5.0006,投资公司
600982.SH,20260421,20251231,宁波城建投资集团有限公司,5.0006,投资公司
600982.SH,20260421,20251231,宁波开发投资集团有限公司,20.6229,投资公司
600982.SH,20260421,20251231,宁波开发投资集团有限公司,20.6229,投资公司
600982.SH,20260421,20251231,宁波开投能源集团有限公司,25.2754,一般企业
600982.SH,20260421,20251231,宁波开投能源集团有限公司,25.2754,一般企业
600982.SH,20260421,20251231,朱巧珍,0.2275,自然人
600982.SH,20260421,20251231,朱巧珍,0.2275,自然人
600982.SH,20260421,20251231,梁昊宇,0.3335,自然人
600982.SH,20260421,20251231,梁昊宇,0.3335,自然人
600982.SH,20260421,20251231,董鸥鸣,0.1858,自然人
600982.SH,20260421,20251231,董鸥鸣,0.1858,自然人
600982.SH,20260421,20251231,虞芝琴,0.3054,自然人
600982.SH,20260421,20251231,虞芝琴,0.3054,自然人
600982.SH,20260421,20251231,陈军,0.1968,自然人
600982.SH,20260421,20251231,陈军,0.1968,自然人
600982.SH,20260421,20251231,香港中央结算有限公司,0.7234,一般企业
600982.SH,20260421,20251231,香港中央结算有限公司,0.7234,一般企业
600995.SH,20260331,20251231,上海中平国瑀资产管理有限公司-上海鼎纬新能私募投资基金合伙企业(有限合伙),1.4794,投资公司
600995.SH,20260331,20251231,东方电气集团东方电机有限公司,1.3314,一般企业
600995.SH,20260331,20251231,中国南方电网有限责任公司,65.2973,一般企业
600995.SH,20260331,20251231,中国国有企业混合所有制改革基金有限公司,1.9972,一般企业
600995.SH,20260331,20251231,中国国有企业结构调整基金股份有限公司,4.9313,一般企业
600995.SH,20260331,20251231,云南电网有限责任公司,4.5907,一般企业
600995.SH,20260331,20251231,南方电网产融控股集团有限公司,1.3212,一般企业
600995.SH,20260331,20251231,哈尔滨电机厂有限责任公司,1.2328,一般企业
600995.SH,20260331,20251231,广东恒健资产管理有限公司-广东恒会股权投资基金(有限合伙),1.9297,风险投资公司
600995.SH,20260331,20251231,香港中央结算有限公司,0.604,一般企业
601016.SH,20260422,20251231,中信建投证券股份有限公司,1.1078,金融机构—证券公司
601016.SH,20260422,20251231,中国农业银行股份有限公司-中证500交易型开放式指数证券投资基金,0.8887,其他金融产品
601016.SH,20260422,20251231,中国建设银行股份有限公司-广发中证全指电力公用事业交易型开放式指数证券投资基金,0.2596,其他金融产品
601016.SH,20260422,20251231,中国节能环保集团有限公司,48.4953,一般企业
601016.SH,20260422,20251231,交通银行股份有限公司-景顺长城中证红利低波动100交易型开放式指数证券投资基金,0.1972,其他金融产品
601016.SH,20260422,20251231,国开金融有限责任公司,0.1827,一般企业
601016.SH,20260422,20251231,国泰海通证券股份有限公司-天弘中证红利低波动100交易型开放式指数证券投资基金,0.1729,其他金融产品
601016.SH,20260422,20251231,网新科技集团有限公司,0.178,一般企业
601016.SH,20260422,20251231,许方庆,0.1663,自然人
601016.SH,20260422,20251231,香港中央结算有限公司,0.9947,一般企业
601619.SH,20260328,20251231,GLPRenewableEnergyInvestmentILimited,7.7943,一般企业
601619.SH,20260328,20251231,上海博荣益弘科技有限公司,16.4136,一般企业
601619.SH,20260328,20251231,中国工商银行股份有限公司-东方红新动力灵活配置混合型证券投资基金,0.6918,其他金融产品
601619.SH,20260328,20251231,全国社保基金四零四组合,0.6679,社保基金、社保机构
601619.SH,20260328,20251231,北京嘉实龙博投资管理有限公司,13.4996,投资公司
601619.SH,20260328,20251231,宁夏比泰投资合伙企业(有限合伙),5.9042,投资公司
601619.SH,20260328,20251231,广发证券资管-国投泰康信托广发骐骥传世鑫享6018号个人财富管理服务信托-广发资管申鑫利95号单一资产管理计划,1.2248,其他金融产品
601619.SH,20260328,20251231,百年人寿保险股份有限公司-传统自营,0.9546,保险投资组合
601619.SH,20260328,20251231,金元荣泰投资管理(宁夏)有限公司,12.9549,投资公司
601619.SH,20260328,20251231,陈波,1.5312,自然人
601778.SH,20260429,20251231,中信建投证券股份有限公司-天弘中证光伏产业指数型发起式证券投资基金,0.5831,其他金融产品
601778.SH,20260429,20251231,中国银行股份有限公司-华泰柏瑞中证光伏产业交易型开放式指数证券投资基金,0.7829,其他金融产品
601778.SH,20260429,20251231,中航创新资本管理有限公司-上饶市晶航新能源投资中心(有限合伙),4.786,投资公司
601778.SH,20260429,20251231,天津金石鹏博股权投资合伙企业(有限合伙),0.541,风险投资公司
601778.SH,20260429,20251231,招商银行股份有限公司-华夏中证1000交易型开放式指数证券投资基金,0.4637,其他金融产品
601778.SH,20260429,20251231,招商银行股份有限公司-南方中证1000交易型开放式指数证券投资基金,0.7343,其他金融产品
601778.SH,20260429,20251231,晶科新能源集团有限公司,23.8981,一般企业
601778.SH,20260429,20251231,罗樟美,1.1761,自然人
601778.SH,20260429,20251231,靖安县中安晶盛股权投资合伙企业(有限合伙),2.5972,风险投资公司
601778.SH,20260429,20251231,香港中央结算有限公司,1.0145,一般企业
601908.SH,20260429,20251231,中国工商银行股份有限公司-广发中证1000交易型开放式指数证券投资基金,0.2493,其他金融产品
601908.SH,20260429,20251231,中国建设银行股份有限公司-嘉实中证稀土产业交易型开放式指数证券投资基金,0.659,其他金融产品
601908.SH,20260429,20251231,冯焕培,16.98,自然人
601908.SH,20260429,20251231,北京京运通达兴科技投资有限公司,28.9903,投资公司
601908.SH,20260429,20251231,吴波,0.2427,自然人
601908.SH,20260429,20251231,尹志,0.2564,自然人
601908.SH,20260429,20251231,招商银行股份有限公司-华夏中证1000交易型开放式指数证券投资基金,0.3478,其他金融产品
601908.SH,20260429,20251231,招商银行股份有限公司-南方中证1000交易型开放式指数证券投资基金,0.5516,其他金融产品
601908.SH,20260429,20251231,杜小泉,0.299,自然人
601908.SH,20260429,20251231,香港中央结算有限公司,0.5487,一般企业
601985.SH,20260430,20251231,中国工商银行-上证50交易型开放式指数证券投资基金,0.7399,其他金融产品
601985.SH,20260430,20251231,中国工商银行股份有限公司-华泰柏瑞沪深300交易型开放式指数证券投资基金,0.6603,其他金融产品
601985.SH,20260430,20251231,中国建设银行股份有限公司-易方达沪深300交易型开放式指数发起式证券投资基金,0.4712,其他金融产品
601985.SH,20260430,20251231,中国核工业集团有限公司,55.6687,一般企业
601985.SH,20260430,20251231,中国证券金融股份有限公司,2.2628,金融机构—证券公司
601985.SH,20260430,20251231,全国社会保障基金理事会,7.0208,社保基金、社保机构
601985.SH,20260430,20251231,国新产业资本管理有限公司,3.7028,资产管理公司
601985.SH,20260430,20251231,太平人寿保险有限公司-传统-普通保险产品-022L-CT001沪,1.1482,保险投资组合
601985.SH,20260430,20251231,浙江浙能电力股份有限公司,2.2636,一般企业
601985.SH,20260430,20251231,香港中央结算有限公司,1.3067,一般企业
601991.SH,20260328,20251231,HKSCCNOMINEESLIMITED,32.9116,一般企业
601991.SH,20260328,20251231,中国农业银行股份有限公司-中证500交易型开放式指数证券投资基金,0.2967,其他金融产品
601991.SH,20260328,20251231,中国大唐集团有限公司,35.3424,一般企业
601991.SH,20260328,20251231,北京能源集团有限责任公司,1.3059,一般企业
601991.SH,20260328,20251231,基本养老保险基金一二零四组合,0.1396,基本养老保险基金
601991.SH,20260328,20251231,天津市津能投资有限公司,6.565,投资公司
601991.SH,20260328,20251231,招商银行股份有限公司-工银瑞信可转债债券型证券投资基金,0.2015,其他金融产品
601991.SH,20260328,20251231,河北建设投资集团有限责任公司,6.9265,投资公司
601991.SH,20260328,20251231,陈宣炳,0.1076,自然人
601991.SH,20260328,20251231,香港中央结算有限公司,0.6964,一般企业
603105.SH,20260425,20251231,吕正华,0.62,自然人
603105.SH,20260425,20251231,吕正华,0.62,自然人
603105.SH,20260425,20251231,张利忠,9.8558,自然人
603105.SH,20260425,20251231,张利忠,9.8558,自然人
603105.SH,20260425,20251231,张文娟,6.0399,自然人
603105.SH,20260425,20251231,张文娟,6.0399,自然人
603105.SH,20260425,20251231,张震豪,5.7119,自然人
603105.SH,20260425,20251231,张震豪,5.7119,自然人
603105.SH,20260425,20251231,戴建康,4.2012,自然人
603105.SH,20260425,20251231,戴建康,4.2012,自然人
603105.SH,20260425,20251231,海宁市乾潮投资有限公司,2.52,投资公司
603105.SH,20260425,20251231,海宁市乾潮投资有限公司,2.52,投资公司
603105.SH,20260425,20251231,海宁市正达经编有限公司,15.9837,一般企业
603105.SH,20260425,20251231,海宁市正达经编有限公司,15.9837,一般企业
603105.SH,20260425,20251231,潘国琦,1.382,自然人
603105.SH,20260425,20251231,潘国琦,1.382,自然人
603105.SH,20260425,20251231,薛云,0.9024,自然人
603105.SH,20260425,20251231,薛云,0.9024,自然人
603105.SH,20260425,20251231,香港中央结算有限公司,0.7441,一般企业
603105.SH,20260425,20251231,香港中央结算有限公司,0.7441,一般企业
603693.SH,20260425,20251231,张盛容,0.3029,自然人
603693.SH,20260425,20251231,招商银行股份有限公司-华夏中证1000交易型开放式指数证券投资基金,0.1161,其他金融产品
603693.SH,20260425,20251231,招商银行股份有限公司-南方中证1000交易型开放式指数证券投资基金,0.1815,其他金融产品
603693.SH,20260425,20251231,江苏国信股份有限公司,2.169,一般企业
603693.SH,20260425,20251231,江苏省农垦集团有限公司,3.6456,一般企业
603693.SH,20260425,20251231,江苏省国信集团有限公司,57.2731,一般企业
603693.SH,20260425,20251231,江苏省沿海开发集团有限公司,10.9369,一般企业
603693.SH,20260425,20251231,盐城市国能投资有限公司,10.0459,投资公司
603693.SH,20260425,20251231,陈真,0.0897,自然人
603693.SH,20260425,20251231,香港中央结算有限公司,0.1961,一般企业
605011.SH,20260418,20251231,冯权,0.1125,自然人
605011.SH,20260418,20251231,冯权,0.1125,自然人
605011.SH,20260418,20251231,招商银行股份有限公司-华夏中证1000交易型开放式指数证券投资基金,0.1158,开放式投资基金
605011.SH,20260418,20251231,招商银行股份有限公司-华夏中证1000交易型开放式指数证券投资基金,0.1158,开放式投资基金
605011.SH,20260418,20251231,招商银行股份有限公司-南方中证1000交易型开放式指数证券投资基金,0.1878,开放式投资基金
605011.SH,20260418,20251231,招商银行股份有限公司-南方中证1000交易型开放式指数证券投资基金,0.1878,开放式投资基金
605011.SH,20260418,20251231,杭州市实业投资集团有限公司,2.3827,投资公司
605011.SH,20260418,20251231,杭州市实业投资集团有限公司,2.3827,投资公司
605011.SH,20260418,20251231,杭州市能源集团有限公司,61.6346,一般企业
605011.SH,20260418,20251231,杭州市能源集团有限公司,61.6346,一般企业
605011.SH,20260418,20251231,浙江华丰纸业集团有限公司,15.996,一般企业
605011.SH,20260418,20251231,浙江华丰纸业集团有限公司,15.996,一般企业
605011.SH,20260418,20251231,王静,0.5376,自然人
605011.SH,20260418,20251231,王静,0.5376,自然人
605011.SH,20260418,20251231,程文华,0.1057,自然人
605011.SH,20260418,20251231,程文华,0.1057,自然人
605011.SH,20260418,20251231,边宏,0.1138,自然人
605011.SH,20260418,20251231,边宏,0.1138,自然人
605011.SH,20260418,20251231,香港中央结算有限公司,0.1097,一般企业
605011.SH,20260418,20251231,香港中央结算有限公司,0.1097,一般企业
605028.SH,20260318,20251231,上海银叶投资有限公司-银叶-攻玉主题精选2期私募证券投资基金,0.2688,其他金融产品
605028.SH,20260318,20251231,上海银叶投资有限公司-银叶-攻玉主题精选2期私募证券投资基金,0.2688,其他金融产品
605028.SH,20260318,20251231,中国建设银行股份有限公司-富国中证价值交易型开放式指数证券投资基金,0.468,其他金融产品
605028.SH,20260318,20251231,中国建设银行股份有限公司-富国中证价值交易型开放式指数证券投资基金,0.468,其他金融产品
605028.SH,20260318,20251231,宁波世茂投资控股有限公司,60.0,投资公司
605028.SH,20260318,20251231,宁波世茂投资控股有限公司,60.0,投资公司
605028.SH,20260318,20251231,宁波世茂铜业股份有限公司,7.5,一般企业
605028.SH,20260318,20251231,宁波世茂铜业股份有限公司,7.5,一般企业
605028.SH,20260318,20251231,李园园,0.2733,自然人
605028.SH,20260318,20251231,李园园,0.2733,自然人
605028.SH,20260318,20251231,李思铭,3.75,自然人
605028.SH,20260318,20251231,李思铭,3.75,自然人
605028.SH,20260318,20251231,李春华,3.75,自然人
605028.SH,20260318,20251231,李春华,3.75,自然人
605028.SH,20260318,20251231,范祖康,0.6404,自然人
605028.SH,20260318,20251231,范祖康,0.6404,自然人
605028.SH,20260318,20251231,郭莹,0.2813,自然人
605028.SH,20260318,20251231,郭莹,0.2813,自然人
605028.SH,20260318,20251231,韩秀娥,0.3152,自然人
605028.SH,20260318,20251231,韩秀娥,0.3152,自然人
605162.SH,20260425,20251231,MERRILLLYNCHINTERNATIONAL,0.1633,一般企业
605162.SH,20260425,20251231,MERRILLLYNCHINTERNATIONAL,0.1633,一般企业
605162.SH,20260425,20251231,中信证券资产管理(香港)有限公司-客户资金,0.2459,其他金融产品
605162.SH,20260425,20251231,中信证券资产管理(香港)有限公司-客户资金,0.2459,其他金融产品
605162.SH,20260425,20251231,中国农业银行股份有限公司-广发稳健策略混合型证券投资基金,0.4194,其他金融产品
605162.SH,20260425,20251231,中国农业银行股份有限公司-广发稳健策略混合型证券投资基金,0.4194,其他金融产品
605162.SH,20260425,20251231,何金华,0.1999,自然人
605162.SH,20260425,20251231,何金华,0.1999,自然人
605162.SH,20260425,20251231,唐志杰,0.1521,自然人
605162.SH,20260425,20251231,唐志杰,0.1521,自然人
605162.SH,20260425,20251231,李伟,0.7527,自然人
605162.SH,20260425,20251231,李伟,0.7527,自然人
605162.SH,20260425,20251231,浙江越盛集团有限公司,74.6465,一般企业
605162.SH,20260425,20251231,浙江越盛集团有限公司,74.6465,一般企业
605162.SH,20260425,20251231,王伟,0.1623,自然人
605162.SH,20260425,20251231,王伟,0.1623,自然人
605162.SH,20260425,20251231,胡刚,0.1547,自然人
605162.SH,20260425,20251231,胡刚,0.1547,自然人
605162.SH,20260425,20251231,高盛公司有限责任公司,0.2941,一般企业
605162.SH,20260425,20251231,高盛公司有限责任公司,0.2941,一般企业
605580.SH,20260416,20251231,上海海升私募基金管理有限公司-海升16号私募证券投资基金,0.5188,其他金融产品
605580.SH,20260416,20251231,上海海升私募基金管理有限公司-海升16号私募证券投资基金,0.5188,其他金融产品
605580.SH,20260416,20251231,上海海升私募基金管理有限公司-海升18号私募证券投资基金,0.2032,其他金融产品
605580.SH,20260416,20251231,上海海升私募基金管理有限公司-海升18号私募证券投资基金,0.2032,其他金融产品
605580.SH,20260416,20251231,上海海升私募基金管理有限公司-海升白玉兰7号私募证券投资基金,0.1995,其他金融产品
605580.SH,20260416,20251231,上海海升私募基金管理有限公司-海升白玉兰7号私募证券投资基金,0.1995,其他金融产品
605580.SH,20260416,20251231,余国旭,31.81,自然人
605580.SH,20260416,20251231,余国旭,31.81,自然人
605580.SH,20260416,20251231,余恒,10.96,自然人
605580.SH,20260416,20251231,余恒,10.96,自然人
605580.SH,20260416,20251231,余杜康,10.68,自然人
605580.SH,20260416,20251231,余杜康,10.68,自然人
605580.SH,20260416,20251231,徐洁芬,0.2,自然人
605580.SH,20260416,20251231,徐洁芬,0.2,自然人
605580.SH,20260416,20251231,杜顺仙,20.4325,自然人
605580.SH,20260416,20251231,杜顺仙,20.4325,自然人
605580.SH,20260416,20251231,王丽芳,0.2098,自然人
605580.SH,20260416,20251231,王丽芳,0.2098,自然人
605580.SH,20260416,20251231,香港中央结算有限公司,0.4816,一般企业
605580.SH,20260416,20251231,香港中央结算有限公司,0.4816,一般企业
