trade_date,ts_code,status,row_count_probe,sample_con_code,sample_con_name,error_message
20260618,510040.SH,hit,1,600000.SH,浦发银行,
20260618,510050.SH,hit,1,600028.SH,中国石化,
20260618,510060.SH,hit,1,600019.SH,宝钢股份,
20260618,510100.SH,hit,1,600028.SH,中国石化,
20260618,510160.SH,hit,1,600000.SH,浦发银行,
20260618,510180.SH,hit,1,600000.SH,浦发银行,
20260618,510200.SH,hit,1,600030.SH,中信证券,
20260618,510210.SH,hit,1,600000.SH,浦发银行,
20260618,510290.SH,hit,1,600008.SH,首创环保,
20260618,510300.SH,hit,1,000001.SZ,平安银行,
20260618,510310.SH,hit,1,000001.SZ,平安银行,
20260618,510320.SH,hit,1,000001.SZ,平安银行,
20260618,510330.SH,hit,1,000001.SZ,平安银行,
20260618,510350.SH,hit,1,000001.SZ,平安银行,
20260618,510360.SH,hit,1,000001.SZ,平安银行,
20260618,510370.SH,hit,1,000001.SZ,平安银行,
20260618,510390.SH,hit,1,000001.SZ,平安银行,
20260618,510410.SH,hit,1,600028.SH,中国石化,
20260618,510500.SH,hit,1,000009.SZ,中国宝安,
20260618,510510.SH,hit,1,000009.SZ,中国宝安,
20260618,510530.SH,hit,1,000009.SZ,中国宝安,
20260618,510550.SH,hit,1,000009.SZ,中国宝安,
20260618,510580.SH,hit,1,000009.SZ,中国宝安,
20260618,510590.SH,hit,1,000009.SZ,中国宝安,
20260618,510600.SH,hit,1,600028.SH,中国石化,
20260618,510650.SH,hit,1,600000.SH,浦发银行,
20260618,510660.SH,hit,1,600056.SH,中国医药,
20260618,510670.SH,hit,1,600000.SH,浦发银行,
20260618,510680.SH,hit,1,600028.SH,中国石化,
20260618,510710.SH,hit,1,600028.SH,中国石化,
20260618,510720.SH,hit,1,600015.SH,华夏银行,
20260618,510760.SH,hit,1,600000.SH,浦发银行,
20260618,510800.SH,hit,1,600028.SH,中国石化,
20260618,510810.SH,hit,1,600000.SH,浦发银行,
20260618,510850.SH,hit,1,600028.SH,中国石化,
20260618,510880.SH,hit,1,600015.SH,华夏银行,
20260618,510900.SH,hit,1,00175.HK,吉利汽车,
20260618,510910.SH,hit,1,600000.SH,浦发银行,
20260618,510950.SH,hit,1,600028.SH,中国石化,
20260618,510980.SH,hit,1,600000.SH,浦发银行,
20260618,510990.SH,hit,1,600000.SH,浦发银行,
20260618,511010.SH,hit,1,019793.SH,25国债20,
20260618,511060.SH,hit,1,231407.SH,23吉林60,
20260618,511070.SH,hit,1,115323.SH,23北控K1,
20260618,511090.SH,hit,1,019742.SH,24特国01,
20260618,511100.SH,hit,1,019742.SH,24特国01,
20260618,511110.SH,hit,1,115323.SH,23北控K1,
20260618,511120.SH,hit,1,115177.SH,23亦庄01,
20260618,511130.SH,hit,1,019776.SH,25特国02,
20260618,511150.SH,hit,1,115177.SH,23亦庄01,
20260618,511160.SH,hit,1,019751.SH,24国债16,
20260618,511180.SH,hit,1,110073.SH,国投转债,
20260618,511190.SH,hit,1,115323.SH,23北控K1,
20260618,511200.SH,hit,1,115323.SH,23北控K1,
20260618,511220.SH,hit,1,115041.SH,23宁安01,
20260618,511260.SH,hit,1,019729.SH,23国债26,
20260618,511270.SH,hit,1,231462.SH,23浙江65,
20260618,511360.SH,hit,1,012582441,25浦发集团SCP005,
20260618,511380.SH,hit,1,110073.SH,国投转债,
20260618,511520.SH,hit,1,150319,15进出19,
20260618,511580.SH,hit,1,018014.SH,国开2005,
20260618,511620.SH,hit,1,SSXJ,申赎现金,
20260618,511660.SH,hit,1,ssxj,申赎现金,
20260618,511690.SH,hit,1,SSXJ,申赎现金,
20260618,511700.SH,hit,1,SSXJ,申赎现金,
20260618,511800.SH,hit,1,SSXJ,申赎现金,
20260618,511810.SH,hit,1,SSXJ,申赎现金,
20260618,511850.SH,hit,1,SSXJ,申赎现金,
20260618,511880.SH,hit,1,YHXJTD,申赎现金,
20260618,511900.SH,hit,1,FGSSXJ,申赎现金,
20260618,511990.SH,hit,1,SSXJ,申赎现金,
20260618,512000.SH,hit,1,000166.SZ,申万宏源,
20260618,512010.SH,hit,1,000538.SZ,云南白药,
20260618,512020.SH,hit,1,000001.SZ,平安银行,
20260618,512030.SH,hit,1,000333.SZ,美的集团,
20260618,512040.SH,hit,1,000333.SZ,美的集团,
20260618,512050.SH,hit,1,000001.SZ,平安银行,
20260618,512060.SH,hit,1,000002.SZ,万科A,
20260618,512070.SH,hit,1,000166.SZ,申万宏源,
20260618,512080.SH,hit,1,000001.SZ,平安银行,
20260618,512090.SH,hit,1,000001.SZ,平安银行,
20260618,512100.SH,hit,1,000012.SZ,南  玻A,
20260618,512130.SH,hit,1,000019.SZ,深粮控股,
20260618,512140.SH,hit,1,000027.SZ,深圳能源,
20260618,512150.SH,hit,1,000001.SZ,平安银行,
20260618,512160.SH,hit,1,000001.SZ,平安银行,
20260618,512170.SH,hit,1,002044.SZ,美年健康,
20260618,512200.SH,hit,1,000002.SZ,万科A,
20260618,512220.SH,hit,1,000636.SZ,风华高科,
20260618,512240.SH,hit,1,000333.SZ,美的集团,
20260618,512250.SH,hit,1,000333.SZ,美的集团,
20260618,512260.SH,hit,1,000009.SZ,中国宝安,
20260618,512290.SH,hit,1,000661.SZ,长春高新,
20260618,512330.SH,hit,1,000021.SZ,深科技,
20260618,512370.SH,hit,1,000001.SZ,平安银行,
20260618,512380.SH,hit,1,000001.SZ,平安银行,
20260618,512400.SH,hit,1,000060.SZ,中金岭南,
20260618,512430.SH,hit,1,000333.SZ,美的集团,
20260618,512450.SH,hit,1,000048.SZ,京基智农,
20260618,512460.SH,hit,1,000009.SZ,中国宝安,
20260618,512480.SH,hit,1,001309.SZ,德明利,
20260618,512500.SH,hit,1,000009.SZ,中国宝安,
20260618,512510.SH,hit,1,000009.SZ,中国宝安,
20260618,512520.SH,hit,1,000001.SZ,平安银行,
20260618,512530.SH,hit,1,000001.SZ,平安银行,
20260618,512550.SH,hit,1,000001.SZ,平安银行,
20260618,512570.SH,hit,1,000166.SZ,申万宏源,
20260618,512580.SH,hit,1,000009.SZ,中国宝安,
20260618,512620.SH,hit,1,000048.SZ,京基智农,
20260618,512630.SH,hit,1,000733.SZ,振华科技,
20260618,512660.SH,hit,1,000066.SZ,中国长城,
20260618,512680.SH,hit,1,000066.SZ,中国长城,
20260618,512690.SH,hit,1,000568.SZ,泸州老窖,
20260618,512700.SH,hit,1,000001.SZ,平安银行,
20260618,512710.SH,hit,1,000519.SZ,中兵红箭,
20260618,512720.SH,hit,1,000021.SZ,深科技,
20260618,512730.SH,hit,1,000001.SZ,平安银行,
20260618,512750.SH,hit,1,000001.SZ,平安银行,
20260618,512760.SH,hit,1,001309.SZ,德明利,
20260618,512770.SH,hit,1,000657.SZ,中钨高新,
20260618,512800.SH,hit,1,000001.SZ,平安银行,
20260618,512810.SH,hit,1,000066.SZ,中国长城,
20260618,512820.SH,hit,1,000001.SZ,平安银行,
20260618,512880.SH,hit,1,000166.SZ,申万宏源,
20260618,512890.SH,hit,1,000001.SZ,平安银行,
20260618,512900.SH,hit,1,000166.SZ,申万宏源,
20260618,512910.SH,hit,1,000002.SZ,万科A,
20260618,512930.SH,hit,1,000938.SZ,紫光股份,
20260618,512940.SH,hit,1,000426.SZ,兴业银锡,
20260618,512950.SH,hit,1,000400.SZ,许继电气,
20260618,512960.SH,hit,1,000400.SZ,许继电气,
20260618,512980.SH,hit,1,000156.SZ,华数传媒,
20260618,512990.SH,hit,1,000001.SZ,平安银行,
20260618,513000.SH,hit,1,1330,1330,
20260618,513010.SH,hit,1,00020.HK,商汤 - W,
20260618,513020.SH,hit,1,00020.HK,商汤-W,
20260618,513040.SH,hit,1,00020.HK,商汤-W,
20260618,513050.SH,hit,1,00136.HK,中国儒意,
20260618,513060.SH,hit,1,00013.HK,和黄医药,
20260618,513070.SH,hit,1,00142.HK,第一太平,
20260618,513090.SH,hit,1,00165.HK,中国光大控股,
20260618,513100.SH,hit,1,AAPL,AAPL,
20260618,513110.SH,hit,1,AAPL,AAPL,
20260618,513120.SH,hit,1,00013.HK,和黄医药,
20260618,513130.SH,hit,1,03033.HK,恒生科技,
20260618,513140.SH,hit,1,00005.HK,汇丰控股,
20260618,513150.SH,hit,1,00020.HK,商汤-W,
20260618,513160.SH,hit,1,00020.HK,商汤-W,
20260618,513170.SH,hit,1,00135.HK,昆仑能源,
20260618,513180.SH,hit,1,00020.HK,商汤,
20260618,513190.SH,hit,1,00165.HK,中国光大控股,
20260618,513200.SH,hit,1,00013.HK,和黄医药,
20260618,513210.SH,hit,1,00001.HK,长和,
20260618,513220.SH,hit,1,00241.HK,阿里健康,
20260618,513230.SH,hit,1,00142.HK,第一太平,
20260618,513240.SH,hit,1,00020.HK,商汤-W,
20260618,513260.SH,hit,1,00020.HK,商汤 - W,
20260618,513280.SH,hit,1,00013.HK,和黄医药,
20260618,513290.SH,hit,1,AARD,AARD,
20260618,513300.SH,hit,1,AAPL,AAPL,
20260618,513310.SH,hit,1,002049.SZ,紫光国微,
20260618,513320.SH,hit,1,00020.HK,商汤 - W,
20260618,513330.SH,hit,1,00020.HK,商汤,
20260618,513350.SH,hit,1,APA,APA,
20260618,513380.SH,hit,1,00020.HK,商汤 - W,
20260618,513390.SH,hit,1,AAPL,AAPL,
20260618,513400.SH,hit,1,AAPL,AAPL,
20260618,513500.SH,hit,1,A,A,
20260618,513520.SH,hit,1,1321,日经225,
20260618,513530.SH,hit,1,00005.HK,汇丰控股,
20260618,513550.SH,hit,1,00001.HK,长和,
20260618,513560.SH,hit,1,00020.HK,商汤-W,
20260618,513580.SH,hit,1,00020.HK,商汤 - W,
20260618,513590.SH,hit,1,00142.HK,第一太平,
20260618,513600.SH,hit,1,00001.HK,长和,
20260618,513620.SH,hit,1,00241.HK,阿里健康,
20260618,513630.SH,hit,1,00001.HK,长和,
20260618,513650.SH,hit,1,A,A,
20260618,513660.SH,hit,1,00001.HK,长和,
20260618,513690.SH,hit,1,00001.HK,长和,
20260618,513700.SH,hit,1,00013.HK,和黄医药,
20260618,513720.SH,hit,1,00020.HK,商汤-W,
20260618,513730.SH,hit,1,SQU,SQU,
20260618,513750.SH,hit,1,00165.HK,中国光大控股,
20260618,513770.SH,hit,1,00020.HK,商汤-W,
20260618,513780.SH,hit,1,00013.HK,和黄医药,
20260618,513800.SH,hit,1,1473,ONE ETF TOPIX,
20260618,513810.SH,hit,1,00135.HK,昆仑能源,
20260618,513820.SH,hit,1,00005.HK,汇丰控股,
20260618,513830.SH,hit,1,00005.HK,汇丰控股,
20260618,513850.SH,hit,1,AAPL,AAPL,
20260618,513860.SH,hit,1,00020.HK,商汤-W,
20260618,513870.SH,hit,1,AAPL,AAPL,
20260618,513880.SH,hit,1,1346,1346,
20260618,513890.SH,hit,1,00020.HK,商汤 - W,
20260618,513900.SH,hit,1,00001.HK,长和,
20260618,513910.SH,hit,1,00038.HK,第一拖拉,
20260618,513920.SH,hit,1,00135.HK,昆仑能源,
20260618,513930.SH,hit,1,00013.HK,和黄医药,
20260618,513950.SH,hit,1,00006.HK,电能实业,
20260618,513970.SH,hit,1,00142.HK,第一太平,
20260618,513980.SH,hit,1,00020.HK,商汤-W,
20260618,513990.SH,hit,1,00001.HK,长和,
20260618,515000.SH,hit,1,000063.SZ,中兴通讯,
20260618,515010.SH,hit,1,000166.SZ,申万宏源,
20260618,515020.SH,hit,1,000001.SZ,平安银行,
20260618,515030.SH,hit,1,000009.SZ,中国宝安,
20260618,515050.SH,hit,1,000063.SZ,中兴通讯,
20260618,515060.SH,hit,1,000002.SZ,万科A,
20260618,515070.SH,hit,1,000938.SZ,紫光股份,
20260618,515080.SH,hit,1,000090.SZ,天健集团,
20260618,515100.SH,hit,1,000001.SZ,平安银行,
20260618,515110.SH,hit,1,000021.SZ,深科技,
20260618,515120.SH,hit,1,000513.SZ,丽珠集团,
20260618,515130.SH,hit,1,000001.SZ,平安银行,
20260618,515150.SH,hit,1,000021.SZ,深科技,
20260618,515160.SH,hit,1,000001.SZ,平安银行,
20260618,515170.SH,hit,1,000568.SZ,泸州老窖,
20260618,515180.SH,hit,1,000090.SZ,天健集团,
20260618,515200.SH,hit,1,000157.SZ,中联重科,
20260618,515210.SH,hit,1,000655.SZ,金岭矿业,
20260618,515220.SH,hit,1,000552.SZ,甘肃能化,
20260618,515230.SH,hit,1,000555.SZ,神州信息,
20260618,515250.SH,hit,1,000625.SZ,长安汽车,
20260618,515260.SH,hit,1,000100.SZ,TCL科技,
20260618,515290.SH,hit,1,000001.SZ,平安银行,
20260618,515300.SH,hit,1,000001.SZ,平安银行,
20260618,515310.SH,hit,1,000001.SZ,平安银行,
20260618,515320.SH,hit,1,000100.SZ,TCL科技,
20260618,515330.SH,hit,1,000001.SZ,平安银行,
20260618,515350.SH,hit,1,000001.SZ,平安银行,
20260618,515370.SH,hit,1,000591.SZ,太阳能,
20260618,515380.SH,hit,1,000001.SZ,平安银行,
20260618,515390.SH,hit,1,000001.SZ,平安银行,
20260618,515400.SH,hit,1,000066.SZ,中国长城,
20260618,515450.SH,hit,1,000001.SZ,平安银行,
20260618,515460.SH,hit,1,000423.SZ,东阿阿胶,
20260618,515530.SH,hit,1,000009.SZ,中国宝安,
20260618,515560.SH,hit,1,000166.SZ,申万宏源,
20260618,515630.SH,hit,1,000166.SZ,申万宏源,
20260618,515640.SH,hit,1,000333.SZ,美的集团,
20260618,515650.SH,hit,1,000333.SZ,美的集团,
20260618,515660.SH,hit,1,000001.SZ,平安银行,
20260618,515700.SH,hit,1,000009.SZ,中国宝安,
20260618,515710.SH,hit,1,000568.SZ,泸州老窖,
20260618,515720.SH,hit,1,000555.SZ,神州信息,
20260618,515730.SH,hit,1,000333.SZ,美的集团,
20260618,515750.SH,hit,1,000063.SZ,中兴通讯,
20260618,515760.SH,hit,1,000156.SZ,华数传媒,
20260618,515770.SH,hit,1,000001.SZ,平安银行,
20260618,515790.SH,hit,1,000591.SZ,太阳能,
20260618,515800.SH,hit,1,000001.SZ,平安银行,
20260618,515810.SH,hit,1,000001.SZ,平安银行,
20260618,515850.SH,hit,1,000166.SZ,申万宏源,
20260618,515860.SH,hit,1,000997.SZ,新 大 陆,
20260618,515880.SH,hit,1,000063.SZ,中兴通讯,
20260618,515890.SH,hit,1,000090.SZ,天健集团,
20260618,515900.SH,hit,1,000032.SZ,深桑达A,
20260618,515910.SH,hit,1,000333.SZ,美的集团,
20260618,515920.SH,hit,1,000050.SZ,深天马A,
20260618,515950.SH,hit,1,000423.SZ,东阿阿胶,
20260618,515960.SH,hit,1,000423.SZ,东阿阿胶,
20260618,515970.SH,hit,1,000157.SZ,中联重科,
20260618,515980.SH,hit,1,000681.SZ,视觉中国,
20260618,516000.SH,hit,1,000066.SZ,中国长城,
20260618,516010.SH,hit,1,002148.SZ,北纬科技,
20260618,516020.SH,hit,1,000301.SZ,东方盛虹,
20260618,516050.SH,hit,1,000063.SZ,中兴通讯,
20260618,516060.SH,hit,1,000513.SZ,丽珠集团,
20260618,516080.SH,hit,1,000513.SZ,丽珠集团,
20260618,516100.SH,hit,1,000555.SZ,神州信息,
20260618,516110.SH,hit,1,000559.SZ,万向钱潮,
20260618,516120.SH,hit,1,000301.SZ,东方盛虹,
20260618,516130.SH,hit,1,000333.SZ,美的集团,
20260618,516150.SH,hit,1,000612.SZ,焦作万方,
20260618,516160.SH,hit,1,000009.SZ,中国宝安,
20260618,516180.SH,hit,1,000591.SZ,太阳能,
20260618,516190.SH,hit,1,000156.SZ,华数传媒,
20260618,516200.SH,hit,1,000166.SZ,申万宏源,
20260618,516210.SH,hit,1,000001.SZ,平安银行,
20260618,516220.SH,hit,1,000301.SZ,东方盛虹,
20260618,516230.SH,hit,1,000591.SZ,太阳能,
20260618,516250.SH,hit,1,000157.SZ,中联重科,
20260618,516260.SH,hit,1,000032.SZ,深桑达A,
20260618,516270.SH,hit,1,000958.SZ,电投产融,
20260618,516290.SH,hit,1,000591.SZ,太阳能,
20260618,516300.SH,hit,1,000012.SZ,南  玻A,
20260618,516310.SH,hit,1,000001.SZ,平安银行,
20260618,516320.SH,hit,1,000009.SZ,中国宝安,
20260618,516350.SH,hit,1,001309.SZ,德明利,
20260618,516360.SH,hit,1,000301.SZ,东方盛虹,
20260618,516370.SH,hit,1,000027.SZ,深圳能源,
20260618,516380.SH,hit,1,000009.SZ,中国宝安,
20260618,516390.SH,hit,1,000009.SZ,中国宝安,
20260618,516460.SH,hit,1,000039.SZ,中集集团,
20260618,516500.SH,hit,1,000403.SZ,派林生物,
20260618,516510.SH,hit,1,000066.SZ,中国长城,
20260618,516520.SH,hit,1,000625.SZ,长安汽车,
20260618,516530.SH,hit,1,000065.SZ,北方国际,
20260618,516550.SH,hit,1,000408.SZ,藏格矿业,
20260618,516560.SH,hit,1,000156.SZ,华数传媒,
20260618,516570.SH,hit,1,000301.SZ,东方盛虹,
20260618,516580.SH,hit,1,000009.SZ,中国宝安,
20260618,516590.SH,hit,1,000009.SZ,中国宝安,
20260618,516600.SH,hit,1,000001.SZ,平安银行,
20260618,516610.SH,hit,1,000710.SZ,贝瑞基因,
20260618,516620.SH,hit,1,000156.SZ,华数传媒,
20260618,516630.SH,hit,1,000066.SZ,中国长城,
20260618,516640.SH,hit,1,001309.SZ,德明利,
20260618,516650.SH,hit,1,000060.SZ,中金岭南,
20260618,516660.SH,hit,1,000009.SZ,中国宝安,
20260618,516670.SH,hit,1,000048.SZ,京基智农,
20260618,516700.SH,hit,1,000066.SZ,中国长城,
20260618,516710.SH,hit,1,000301.SZ,东方盛虹,
20260618,516730.SH,hit,1,000166.SZ,申万宏源,
20260618,516750.SH,hit,1,000012.SZ,南  玻A,
20260618,516760.SH,hit,1,000048.SZ,京基智农,
20260618,516770.SH,hit,1,002148.SZ,北纬科技,
20260618,516780.SH,hit,1,000612.SZ,焦作万方,
20260618,516790.SH,hit,1,000710.SZ,贝瑞基因,
20260618,516800.SH,hit,1,000725.SZ,京东方A,
20260618,516810.SH,hit,1,000048.SZ,京基智农,
20260618,516820.SH,hit,1,000423.SZ,东阿阿胶,
20260618,516830.SH,hit,1,000001.SZ,平安银行,
20260618,516840.SH,hit,1,000338.SZ,潍柴动力,
20260618,516850.SH,hit,1,000009.SZ,中国宝安,
20260618,516860.SH,hit,1,000555.SZ,神州信息,
20260618,516880.SH,hit,1,000591.SZ,太阳能,
20260618,516890.SH,hit,1,000301.SZ,东方盛虹,
20260618,516910.SH,hit,1,000065.SZ,北方国际,
20260618,516920.SH,hit,1,001309.SZ,德明利,
20260618,516930.SH,hit,1,000403.SZ,派林生物,
20260618,516950.SH,hit,1,000157.SZ,中联重科,
20260618,516960.SH,hit,1,000157.SZ,中联重科,
20260618,516970.SH,hit,1,000032.SZ,深桑达A,
20260618,517000.SH,hit,1,000001.SZ,平安银行,
20260618,517050.SH,hit,1,000938.SZ,紫光股份,
20260618,517080.SH,hit,1,000001.SZ,平安银行,
20260618,517090.SH,hit,1,000028.SZ,国药一致,
20260618,517100.SH,hit,1,000001.SZ,平安银行,
20260618,517110.SH,hit,1,000661.SZ,长春高新,
20260618,517120.SH,hit,1,000661.SZ,长春高新,
20260618,517130.SH,hit,1,000938.SZ,紫光股份,
20260618,517180.SH,hit,1,000028.SZ,国药一致,
20260618,517200.SH,hit,1,000938.SZ,紫光股份,
20260618,517300.SH,hit,1,000001.SZ,平安银行,
20260618,517350.SH,hit,1,000063.SZ,中兴通讯,
20260618,517360.SH,hit,1,000100.SZ,TCL科技,
20260618,517380.SH,hit,1,000739.SZ,普洛药业,
20260618,517390.SH,hit,1,000938.SZ,紫光股份,
20260618,517400.SH,hit,1,000017.SZ,深中华A,
20260618,517520.SH,hit,1,000017.SZ,深中华A,
20260618,517550.SH,hit,1,00027.HK,银河娱乐,
20260618,517660.SH,hit,1,000063.SZ,中兴通讯,
20260618,517770.SH,hit,1,000156.SZ,华数传媒,
20260618,517800.SH,hit,1,00020.HK,商汤-W,
20260618,517850.SH,hit,1,00020.HK,商汤-W,
20260618,517900.SH,hit,1,000001.SZ,平安银行,
20260618,517950.SH,hit,1,002074.SZ,国轩高科,
20260618,517990.SH,hit,1,000538.SZ,云南白药,
20260618,518600.SH,hit,1,SHAU,上海金,
20260618,518660.SH,hit,1,Au9999,黄金9999,
20260618,518680.SH,hit,1,SHAU,上海金,
20260618,518800.SH,hit,1,AU9999,黄金9999,
20260618,518850.SH,hit,1,Au9999,黄金9999,
20260618,518880.SH,hit,1,Au9999,黄金9999,
20260618,518890.SH,hit,1,SHAU,上海金,
20260618,520500.SH,hit,1,00013.HK,和黄医药,
20260618,520510.SH,hit,1,00241.HK,阿里健康,
20260618,520520.SH,hit,1,00142.HK,第一太平,
20260618,520530.SH,hit,1,00020.HK,商汤-W,
20260618,520550.SH,hit,1,00006.HK,电能实业,
20260618,520560.SH,hit,1,00175.HK,吉利汽车,
20260618,520570.SH,hit,1,00020.HK,商汤 - W,
20260618,520580.SH,hit,1,EMAUSD,EMAUSD,
20260618,520590.SH,hit,1,00020.HK,商汤 - W,
20260618,520600.SH,hit,1,00175.HK,吉利汽车,
20260618,520610.SH,hit,1,00001.HK,长和,
20260618,520620.SH,hit,1,00142.HK,第一太平,
20260618,520630.SH,hit,1,00020.HK,商汤-W,
20260618,520650.SH,hit,1,00020.HK,商汤-W,
20260618,520660.SH,hit,1,00038.HK,一拖股份,
20260618,520670.SH,hit,1,00020.HK,商汤 - W,
20260618,520680.SH,hit,1,00175.HK,吉利汽车,
20260618,520690.SH,hit,1,00013.HK,和黄医药,
20260618,520700.SH,hit,1,00013.HK,和黄医药,
20260618,520710.SH,hit,1,00020.HK,商汤-W,
20260618,520720.SH,hit,1,00175.HK,吉利汽车,
20260618,520730.SH,hit,1,00020.HK,商汤 - W,
20260618,520760.SH,hit,1,00013.HK,和黄医药,
20260618,520770.SH,hit,1,00001.HK,长和,
20260618,520780.SH,hit,1,00175.HK,吉利汽车,
20260618,520790.SH,hit,1,00020.HK,商汤-W,
20260618,520810.SH,hit,1,00005.HK,汇丰控股,
20260618,520820.SH,hit,1,00001.HK,长和,
20260618,520840.SH,hit,1,00020.HK,商汤 - W,
20260618,520850.SH,hit,1,00241.HK,阿里健康,
20260618,520860.SH,hit,1,00020.HK,商汤-W,
20260618,520870.SH,hit,1,BOVV11,BOVV11,
20260618,520880.SH,hit,1,00013.HK,和黄医药,
20260618,520890.SH,hit,1,00006.HK,电能实业,
20260618,520900.SH,hit,1,00038.HK,第一拖拉机股份,
20260618,520910.SH,hit,1,00020.HK,商汤-W,
20260618,520920.SH,hit,1,00020.HK,商汤-W,
20260618,520930.SH,hit,1,00013.HK,和黄医药,
20260618,520940.SH,hit,1,00001.HK,长和,
20260618,520950.SH,hit,1,00016.HK,新鸿基地产,
20260618,520960.SH,hit,1,00001.HK,长和,
20260618,520970.SH,hit,1,00013.HK,和黄医药,
20260618,520980.SH,hit,1,00020.HK,商汤 - W,
20260618,520990.SH,hit,1,00038.HK,第一拖拉机股份,
20260618,526000.SH,hit,1,00020.HK,商汤-W,
20260618,526010.SH,hit,1,00241.HK,阿里健康,
20260618,526050.SH,hit,1,00020.HK,商汤-W,
20260618,526070.SH,hit,1,00001.HK,长和,
20260618,530000.SH,hit,1,600028.SH,中国石化,
20260618,530050.SH,hit,1,600028.SH,中国石化,
20260618,530060.SH,hit,1,600000.SH,浦发银行,
20260618,530080.SH,hit,1,600000.SH,浦发银行,
20260618,530100.SH,hit,1,600006.SH,东风股份,
20260618,530180.SH,hit,1,600000.SH,浦发银行,
20260618,530280.SH,hit,1,600000.SH,浦发银行,
20260618,530300.SH,hit,1,600000.SH,浦发银行,
20260618,530380.SH,hit,1,600008.SH,首创环保,
20260618,530530.SH,hit,1,600006.SH,东风股份,
20260618,530580.SH,hit,1,600000.SH,浦发银行,
20260618,530680.SH,hit,1,600000.SH,浦发银行,
20260618,530800.SH,hit,1,600000.SH,浦发银行,
20260618,530880.SH,hit,1,600015.SH,华夏银行,
20260618,551000.SH,hit,1,115208.SH,23创投K1,
20260618,551030.SH,hit,1,115177.SH,23亦庄01,
20260618,551060.SH,hit,1,115266.SH,23联和K2,
20260618,551300.SH,hit,1,115323.SH,23北控K1,
20260618,551500.SH,hit,1,115208.SH,23创投K1,
20260618,551510.SH,hit,1,115177.SH,23亦庄01,
20260618,551520.SH,hit,1,115177.SH,23亦庄01,
20260618,551550.SH,hit,1,115177.SH,23亦庄01,
20260618,551560.SH,hit,1,115177.SH,23亦庄01,
20260618,551580.SH,hit,1,115177.SH,23亦庄01,
20260618,551800.SH,hit,1,115913.SH,23疏浚K2,
20260618,551900.SH,hit,1,115266.SH,23联和K2,
20260618,560010.SH,hit,1,000012.SZ,南  玻A,
20260618,560020.SH,hit,1,000090.SZ,天健集团,
20260618,560050.SH,hit,1,000001.SZ,平安银行,
20260618,560060.SH,hit,1,000027.SZ,深圳能源,
20260618,560070.SH,hit,1,000026.SZ,飞亚达,
20260618,560080.SH,hit,1,000423.SZ,东阿阿胶,
20260618,560090.SH,hit,1,000166.SZ,申万宏源,
20260618,560100.SH,hit,1,000021.SZ,深科技,
20260618,560110.SH,hit,1,000012.SZ,南  玻A,
20260618,560120.SH,hit,1,000039.SZ,中集集团,
20260618,560130.SH,hit,1,000505.SZ,京粮控股,
20260618,560150.SH,hit,1,000001.SZ,平安银行,
20260618,560160.SH,hit,1,000505.SZ,京粮控股,
20260618,560170.SH,hit,1,000021.SZ,深科技,
20260618,560180.SH,hit,1,000001.SZ,平安银行,
20260618,560190.SH,hit,1,000027.SZ,深圳能源,
20260618,560210.SH,hit,1,000048.SZ,京基智农,
20260618,560220.SH,hit,1,000011.SZ,深物业A,
20260618,560230.SH,hit,1,000591.SZ,太阳能,
20260618,560250.SH,hit,1,000423.SZ,东阿阿胶,
20260618,560260.SH,hit,1,002044.SZ,美年健康,
20260618,560270.SH,hit,1,000027.SZ,深圳能源,
20260618,560280.SH,hit,1,000157.SZ,中联重科,
20260618,560290.SH,hit,1,000426.SZ,兴业银锡,
20260618,560300.SH,hit,1,000063.SZ,中兴通讯,
20260618,560310.SH,hit,1,000591.SZ,太阳能,
20260618,560320.SH,hit,1,000505.SZ,京粮控股,
20260618,560330.SH,hit,1,000001.SZ,平安银行,
20260618,560350.SH,hit,1,000333.SZ,美的集团,
20260618,560360.SH,hit,1,002065.SZ,东华软件,
20260618,560370.SH,hit,1,000423.SZ,东阿阿胶,
20260618,560380.SH,hit,1,000002.SZ,万科A,
20260618,560390.SH,hit,1,000400.SZ,许继电气,
20260618,560400.SH,hit,1,000166.SZ,申万宏源,
20260618,560410.SH,hit,1,000009.SZ,中国宝安,
20260618,560420.SH,hit,1,000505.SZ,京粮控股,
20260618,560450.SH,hit,1,000027.SZ,深圳能源,
20260618,560460.SH,hit,1,000027.SZ,深圳能源,
20260618,560470.SH,hit,1,000060.SZ,中金岭南,
20260618,560480.SH,hit,1,000027.SZ,深圳能源,
20260618,560490.SH,hit,1,000426.SZ,兴业银锡,
20260618,560500.SH,hit,1,000423.SZ,东阿阿胶,
20260618,560510.SH,hit,1,000001.SZ,平安银行,
20260618,560530.SH,hit,1,000001.SZ,平安银行,
20260618,560550.SH,hit,1,000027.SZ,深圳能源,
20260618,560560.SH,hit,1,000958.SZ,电投产融,
20260618,560570.SH,hit,1,000001.SZ,平安银行,
20260618,560580.SH,hit,1,000027.SZ,深圳能源,
20260618,560610.SH,hit,1,000001.SZ,平安银行,
20260618,560620.SH,hit,1,000027.SZ,深圳能源,
20260618,560630.SH,hit,1,000837.SZ,秦川机床,
20260618,560660.SH,hit,1,000938.SZ,紫光股份,
20260618,560670.SH,hit,1,000001.SZ,平安银行,
20260618,560680.SH,hit,1,000568.SZ,泸州老窖,
20260618,560690.SH,hit,1,000063.SZ,中兴通讯,
20260618,560700.SH,hit,1,000026.SZ,飞亚达,
20260618,560710.SH,hit,1,000039.SZ,中集集团,
20260618,560720.SH,hit,1,000001.SZ,平安银行,
20260618,560750.SH,hit,1,000001.SZ,平安银行,
20260618,560770.SH,hit,1,000837.SZ,秦川机床,
20260618,560780.SH,hit,1,002119.SZ,康强电子,
20260618,560790.SH,hit,1,002065.SZ,东华软件,
20260618,560800.SH,hit,1,000938.SZ,紫光股份,
20260618,560810.SH,hit,1,000021.SZ,深科技,
20260618,560830.SH,hit,1,000027.SZ,深圳能源,
20260618,560850.SH,hit,1,000948.SZ,南天信息,
20260618,560860.SH,hit,1,000426.SZ,兴业银锡,
20260618,560870.SH,hit,1,000426.SZ,兴业银锡,
20260618,560880.SH,hit,1,000333.SZ,美的集团,
20260618,560900.SH,hit,1,000513.SZ,丽珠集团,
20260618,560910.SH,hit,1,000009.SZ,中国宝安,
20260618,560930.SH,hit,1,000027.SZ,深圳能源,
20260618,560950.SH,hit,1,000009.SZ,中国宝安,
20260618,560970.SH,hit,1,000426.SZ,兴业银锡,
20260618,560980.SH,hit,1,000591.SZ,太阳能,
20260618,560990.SH,hit,1,000063.SZ,中兴通讯,
20260618,561000.SH,hit,1,000001.SZ,平安银行,
20260618,561010.SH,hit,1,000503.SZ,国新健康,
20260618,561030.SH,hit,1,000157.SZ,中联重科,
20260618,561050.SH,hit,1,000060.SZ,中金岭南,
20260618,561060.SH,hit,1,000090.SZ,天健集团,
20260618,561080.SH,hit,1,000019.SZ,深粮控股,
20260618,561090.SH,hit,1,000035.SZ,中国天楹,
20260618,561100.SH,hit,1,000725.SZ,京东方A,
20260618,561120.SH,hit,1,000333.SZ,美的集团,
20260618,561130.SH,hit,1,000063.SZ,中兴通讯,
20260618,561160.SH,hit,1,000009.SZ,中国宝安,
20260618,561170.SH,hit,1,000027.SZ,深圳能源,
20260618,561190.SH,hit,1,000027.SZ,深圳能源,
20260618,561220.SH,hit,1,000021.SZ,深科技,
20260618,561230.SH,hit,1,000333.SZ,美的集团,
20260618,561260.SH,hit,1,000400.SZ,许继电气,
20260618,561280.SH,hit,1,000534.SZ,万泽股份,
20260618,561300.SH,hit,1,000001.SZ,平安银行,
20260618,561310.SH,hit,1,000725.SZ,京东方A,
20260618,561320.SH,hit,1,000088.SZ,盐田港,
20260618,561330.SH,hit,1,000426.SZ,兴业银锡,
20260618,561350.SH,hit,1,000009.SZ,中国宝安,
20260618,561360.SH,hit,1,000059.SZ,华锦股份,
20260618,561370.SH,hit,1,000011.SZ,深物业A,
20260618,561380.SH,hit,1,000400.SZ,许继电气,
20260618,561500.SH,hit,1,000338.SZ,潍柴动力,
20260618,561510.SH,hit,1,000423.SZ,东阿阿胶,
20260618,561550.SH,hit,1,000032.SZ,深桑达A,
20260618,561560.SH,hit,1,000027.SZ,深圳能源,
20260618,561580.SH,hit,1,000026.SZ,飞亚达,
20260618,561590.SH,hit,1,000012.SZ,南  玻A,
20260618,561600.SH,hit,1,000725.SZ,京东方A,
20260618,561660.SH,hit,1,000099.SZ,中信海直,
20260618,561680.SH,hit,1,000001.SZ,平安银行,
20260618,561700.SH,hit,1,000027.SZ,深圳能源,
20260618,561750.SH,hit,1,000333.SZ,美的集团,
20260618,561760.SH,hit,1,000059.SZ,华锦股份,
20260618,561770.SH,hit,1,000002.SZ,万科A,
20260618,561780.SH,hit,1,000036.SZ,华联控股,
20260618,561790.SH,hit,1,000400.SZ,许继电气,
20260618,561800.SH,hit,1,000060.SZ,中金岭南,
20260618,561870.SH,hit,1,000019.SZ,深粮控股,
20260618,561880.SH,hit,1,000002.SZ,万科A,
20260618,561900.SH,hit,1,000001.SZ,平安银行,
20260618,561910.SH,hit,1,000009.SZ,中国宝安,
20260618,561920.SH,hit,1,000534.SZ,万泽股份,
20260618,561930.SH,hit,1,000001.SZ,平安银行,
20260618,561950.SH,hit,1,000009.SZ,中国宝安,
20260618,561960.SH,hit,1,000026.SZ,飞亚达,
20260618,561980.SH,hit,1,002119.SZ,康强电子,
20260618,561990.SH,hit,1,000100.SZ,TCL科技,
20260618,562000.SH,hit,1,000002.SZ,万科A,
20260618,562010.SH,hit,1,000960.SZ,锡业股份,
20260618,562030.SH,hit,1,000948.SZ,南天信息,
20260618,562050.SH,hit,1,000423.SZ,东阿阿胶,
20260618,562060.SH,hit,1,000001.SZ,平安银行,
20260618,562070.SH,hit,1,000001.SZ,平安银行,
20260618,562080.SH,hit,1,000100.SZ,TCL科技,
20260618,562300.SH,hit,1,000958.SZ,电投产融,
20260618,562310.SH,hit,1,000166.SZ,申万宏源,
20260618,562320.SH,hit,1,000001.SZ,平安银行,
20260618,562330.SH,hit,1,000027.SZ,深圳能源,
20260618,562350.SH,hit,1,000027.SZ,深圳能源,
20260618,562360.SH,hit,1,000837.SZ,秦川机床,
20260618,562380.SH,hit,1,000021.SZ,深科技,
20260618,562390.SH,hit,1,000423.SZ,东阿阿胶,
20260618,562500.SH,hit,1,000837.SZ,秦川机床,
20260618,562510.SH,hit,1,000069.SZ,华侨城A,
20260618,562520.SH,hit,1,000506.SZ,招金黄金,
20260618,562530.SH,hit,1,000049.SZ,德赛电池,
20260618,562550.SH,hit,1,000027.SZ,深圳能源,
20260618,562560.SH,hit,1,000021.SZ,深科技,
20260618,562570.SH,hit,1,000948.SZ,南天信息,
20260618,562580.SH,hit,1,000034.SZ,神州数码,
20260618,562590.SH,hit,1,002119.SZ,康强电子,
20260618,562600.SH,hit,1,000710.SZ,贝瑞基因,
20260618,562660.SH,hit,1,000011.SZ,深物业A,
20260618,562700.SH,hit,1,000030.SZ,富奥股份,
20260618,562800.SH,hit,1,000060.SZ,中金岭南,
20260618,562810.SH,hit,1,000636.SZ,风华高科,
20260618,562820.SH,hit,1,001309.SZ,德明利,
20260618,562850.SH,hit,1,000400.SZ,许继电气,
20260618,562860.SH,hit,1,000534.SZ,万泽股份,
20260618,562870.SH,hit,1,000166.SZ,申万宏源,
20260618,562880.SH,hit,1,000009.SZ,中国宝安,
20260618,562890.SH,hit,1,000333.SZ,美的集团,
20260618,562900.SH,hit,1,000048.SZ,京基智农,
20260618,562910.SH,hit,1,000009.SZ,中国宝安,
20260618,562920.SH,hit,1,000066.SZ,中国长城,
20260618,562930.SH,hit,1,002065.SZ,东华软件,
20260618,562950.SH,hit,1,000725.SZ,京东方A,
20260618,562960.SH,hit,1,000027.SZ,深圳能源,
20260618,562970.SH,hit,1,000591.SZ,太阳能,
20260618,562990.SH,hit,1,000027.SZ,深圳能源,
20260618,563000.SH,hit,1,000001.SZ,平安银行,
20260618,563010.SH,hit,1,000063.SZ,中兴通讯,
20260618,563020.SH,hit,1,000001.SZ,平安银行,
20260618,563030.SH,hit,1,000050.SZ,深天马A,
20260618,563050.SH,hit,1,000021.SZ,深科技,
20260618,563060.SH,hit,1,000625.SZ,长安汽车,
20260618,563080.SH,hit,1,000333.SZ,美的集团,
20260618,563090.SH,hit,1,002384.SZ,东山精密,
20260618,563150.SH,hit,1,000059.SZ,华锦股份,
20260618,563180.SH,hit,1,000157.SZ,中联重科,
20260618,563200.SH,hit,1,000011.SZ,深物业A,
20260618,563210.SH,hit,1,001301.SZ,尚太科技,
20260618,563220.SH,hit,1,000001.SZ,平安银行,
20260618,563230.SH,hit,1,000733.SZ,振华科技,
20260618,563300.SH,hit,1,000011.SZ,深物业A,
20260618,563320.SH,hit,1,000099.SZ,中信海直,
20260618,563330.SH,hit,1,000001.SZ,平安银行,
20260618,563350.SH,hit,1,000333.SZ,美的集团,
20260618,563360.SH,hit,1,000001.SZ,平安银行,
20260618,563380.SH,hit,1,000738.SZ,航发控制,
20260618,563390.SH,hit,1,000019.SZ,深粮控股,
20260618,563500.SH,hit,1,000001.SZ,平安银行,
20260618,563510.SH,hit,1,000001.SZ,平安银行,
20260618,563520.SH,hit,1,000001.SZ,平安银行,
20260618,563530.SH,hit,1,000733.SZ,振华科技,
20260618,563550.SH,hit,1,000034.SZ,神州数码,
20260618,563560.SH,hit,1,000063.SZ,中兴通讯,
20260618,563570.SH,hit,1,000555.SZ,神州信息,
20260618,563580.SH,hit,1,000039.SZ,中集集团,
20260618,563590.SH,hit,1,000001.SZ,平安银行,
20260618,563600.SH,hit,1,000001.SZ,平安银行,
20260618,563620.SH,hit,1,000019.SZ,深粮控股,
20260618,563630.SH,hit,1,000001.SZ,平安银行,
20260618,563650.SH,hit,1,000001.SZ,平安银行,
20260618,563660.SH,hit,1,000001.SZ,平安银行,
20260618,563670.SH,hit,1,000555.SZ,神州信息,
20260618,563680.SH,hit,1,000039.SZ,中集集团,
20260618,563690.SH,hit,1,000001.SZ,平安银行,
20260618,563700.SH,hit,1,000001.SZ,平安银行,
20260618,563750.SH,hit,1,000009.SZ,中国宝安,
20260618,563760.SH,hit,1,000019.SZ,深粮控股,
20260618,563770.SH,hit,1,000019.SZ,深粮控股,
20260618,563780.SH,hit,1,000019.SZ,深粮控股,
20260618,563790.SH,hit,1,000733.SZ,振华科技,
20260618,563800.SH,hit,1,000001.SZ,平安银行,
20260618,563830.SH,hit,1,000019.SZ,深粮控股,
20260618,563850.SH,hit,1,000505.SZ,京粮控股,
20260618,563860.SH,hit,1,000001.SZ,平安银行,
20260618,563870.SH,hit,1,000099.SZ,中信海直,
20260618,563880.SH,hit,1,000001.SZ,平安银行,
20260618,563890.SH,hit,1,000090.SZ,天健集团,
20260618,563900.SH,hit,1,000100.SZ,TCL科技,
20260618,563930.SH,hit,1,000066.SZ,中国长城,
20260618,563960.SH,hit,1,000708.SZ,中信特钢,
20260618,563980.SH,hit,1,000001.SZ,平安银行,
20260618,563990.SH,hit,1,000039.SZ,中集集团,
20260618,588000.SH,hit,1,688008.SH,澜起科技,
20260618,588010.SH,hit,1,688005.SH,容百科技,
20260618,588020.SH,hit,1,688045.SH,必易微,
20260618,588030.SH,hit,1,688001.SH,华兴源创,
20260618,588040.SH,hit,1,688008.SH,澜起科技,
20260618,588050.SH,hit,1,688008.SH,澜起科技,
20260618,588060.SH,hit,1,688008.SH,澜起科技,
20260618,588070.SH,hit,1,688045.SH,必易微,
20260618,588080.SH,hit,1,688008.SH,澜起科技,
20260618,588090.SH,hit,1,688008.SH,澜起科技,
20260618,588100.SH,hit,1,688002.SH,睿创微纳,
20260618,588110.SH,hit,1,688045.SH,必易微,
20260618,588120.SH,hit,1,688001.SH,华兴源创,
20260618,588130.SH,hit,1,688016.SH,心脉医疗,
20260618,588140.SH,hit,1,688003.SH,天准科技,
20260618,588150.SH,hit,1,688008.SH,澜起科技,
20260618,588160.SH,hit,1,688005.SH,容百科技,
20260618,588170.SH,hit,1,688012.SH,中微公司,
20260618,588180.SH,hit,1,688008.SH,澜起科技,
20260618,588190.SH,hit,1,688001.SH,华兴源创,
20260618,588200.SH,hit,1,688002.SH,睿创微纳,
20260618,588210.SH,hit,1,688001.SH,华兴源创,
20260618,588220.SH,hit,1,688001.SH,华兴源创,
20260618,588230.SH,hit,1,688003.SH,天准科技,
20260618,588240.SH,hit,1,688003.SH,天准科技,
20260618,588250.SH,hit,1,688016.SH,心脉医疗,
20260618,588260.SH,hit,1,688002.SH,睿创微纳,
20260618,588270.SH,hit,1,688003.SH,天准科技,
20260618,588280.SH,hit,1,688008.SH,澜起科技,
20260618,588290.SH,hit,1,688002.SH,睿创微纳,
20260618,588300.SH,hit,1,300014.SZ,亿纬锂能,
20260618,588310.SH,hit,1,300014.SZ,亿纬锂能,
20260618,588330.SH,hit,1,300014.SZ,亿纬锂能,
20260618,588350.SH,hit,1,300014.SZ,亿纬锂能,
20260618,588360.SH,hit,1,300014.SZ,亿纬锂能,
20260618,588370.SH,hit,1,688008.SH,澜起科技,
20260618,588380.SH,hit,1,300014.SZ,亿纬锂能,
20260618,588390.SH,hit,1,300014.SZ,亿纬锂能,
20260618,588400.SH,hit,1,300014.SZ,亿纬锂能,
20260618,588410.SH,hit,1,300002.SZ,神州泰岳,
20260618,588420.SH,hit,1,300002.SZ,神州泰岳,
20260618,588430.SH,hit,1,300002.SZ,神州泰岳,
20260618,588450.SH,hit,1,688002.SH,睿创微纳,
20260618,588460.SH,hit,1,688002.SH,睿创微纳,
20260618,588470.SH,hit,1,300002.SZ,神州泰岳,
20260618,588480.SH,hit,1,300002.SZ,神州泰岳,
20260618,588500.SH,hit,1,000338.SZ,潍柴动力,
20260618,588510.SH,hit,1,300002.SZ,神州泰岳,
20260618,588520.SH,hit,1,688002.SH,睿创微纳,
20260618,588550.SH,hit,1,000021.SZ,深科技,
20260618,588660.SH,hit,1,300014.SZ,亿纬锂能,
20260618,588670.SH,hit,1,002594.SZ,比亚迪,
20260618,588680.SH,hit,1,000031.SZ,大悦城,
20260618,588690.SH,hit,1,000703.SZ,恒逸石化,
20260618,588700.SH,hit,1,688016.SH,心脉医疗,
20260618,588710.SH,hit,1,688012.SH,中微公司,
20260618,588720.SH,hit,1,688008.SH,澜起科技,
20260618,588730.SH,hit,1,688003.SH,天准科技,
20260618,588750.SH,hit,1,688002.SH,睿创微纳,
20260618,588760.SH,hit,1,688003.SH,天准科技,
20260618,588770.SH,hit,1,688002.SH,睿创微纳,
20260618,588780.SH,hit,1,688002.SH,睿创微纳,
20260618,588790.SH,hit,1,688003.SH,天准科技,
20260618,588800.SH,hit,1,688001.SH,华兴源创,
20260618,588810.SH,hit,1,688002.SH,睿创微纳,
20260618,588820.SH,hit,1,688003.SH,天准科技,
20260618,588830.SH,hit,1,688005.SH,容百科技,
20260618,588840.SH,hit,1,688008.SH,澜起科技,
20260618,588850.SH,hit,1,688001.SH,华兴源创,
20260618,588860.SH,hit,1,688016.SH,心脉医疗,
20260618,588870.SH,hit,1,688008.SH,澜起科技,
20260618,588880.SH,hit,1,688001.SH,华兴源创,
20260618,588890.SH,hit,1,688002.SH,睿创微纳,
20260618,588900.SH,hit,1,688001.SH,华兴源创,
20260618,588910.SH,hit,1,688002.SH,睿创微纳,
20260618,588920.SH,hit,1,688002.SH,睿创微纳,
20260618,588930.SH,hit,1,688003.SH,天准科技,
20260618,588940.SH,hit,1,688008.SH,澜起科技,
20260618,588950.SH,hit,1,688008.SH,澜起科技,
20260618,588960.SH,hit,1,688005.SH,容百科技,
20260618,588980.SH,hit,1,688001.SH,华兴源创,
20260618,588990.SH,hit,1,688002.SH,睿创微纳,
20260618,589000.SH,hit,1,688001.SH,华兴源创,
20260618,589010.SH,hit,1,688003.SH,天准科技,
20260618,589020.SH,hit,1,688012.SH,中微公司,
20260618,589030.SH,hit,1,688002.SH,睿创微纳,
20260618,589050.SH,hit,1,688001.SH,华兴源创,
20260618,589060.SH,hit,1,688001.SH,华兴源创,
20260618,589070.SH,hit,1,688002.SH,睿创微纳,
20260618,589080.SH,hit,1,688001.SH,华兴源创,
20260618,589090.SH,hit,1,688003.SH,天准科技,
20260618,589100.SH,hit,1,688002.SH,睿创微纳,
20260618,589110.SH,hit,1,688003.SH,天准科技,
20260618,589120.SH,hit,1,688062.SH,迈威生物,
20260618,589130.SH,hit,1,688002.SH,睿创微纳,
20260618,589150.SH,hit,1,688008.SH,澜起科技,
20260618,589160.SH,hit,1,688002.SH,睿创微纳,
20260618,589170.SH,hit,1,688002.SH,睿创微纳,
20260618,589180.SH,hit,1,688005.SH,容百科技,
20260618,589190.SH,hit,1,688002.SH,睿创微纳,
20260618,589200.SH,hit,1,688003.SH,天准科技,
20260618,589210.SH,hit,1,688002.SH,睿创微纳,
20260618,589220.SH,hit,1,688003.SH,天准科技,
20260618,589230.SH,hit,1,688003.SH,天准科技,
20260618,589250.SH,hit,1,688002.SH,睿创微纳,
20260618,589260.SH,hit,1,688002.SH,睿创微纳,
20260618,589270.SH,hit,1,688001.SH,华兴源创,
20260618,589280.SH,hit,1,688002.SH,睿创微纳,
20260618,589300.SH,hit,1,688001.SH,华兴源创,
20260618,589320.SH,hit,1,688003.SH,天准科技,
20260618,589330.SH,hit,1,688003.SH,天准科技,
20260618,589380.SH,hit,1,688003.SH,天准科技,
20260618,589500.SH,hit,1,688001.SH,华兴源创,
20260618,589520.SH,hit,1,688003.SH,天准科技,
20260618,589550.SH,hit,1,688002.SH,睿创微纳,
20260618,589560.SH,hit,1,688003.SH,天准科技,
20260618,589580.SH,hit,1,688001.SH,华兴源创,
20260618,589600.SH,hit,1,688001.SH,华兴源创,
20260618,589630.SH,hit,1,688001.SH,华兴源创,
20260618,589660.SH,hit,1,688001.SH,华兴源创,
20260618,589680.SH,hit,1,688001.SH,华兴源创,
20260618,589700.SH,hit,1,688045.SH,必易微,
20260618,589720.SH,hit,1,688062.SH,迈威生物,
20260618,589770.SH,hit,1,688001.SH,华兴源创,
20260618,589780.SH,hit,1,688003.SH,天准科技,
20260618,589800.SH,hit,1,688001.SH,华兴源创,
20260618,589820.SH,hit,1,688003.SH,天准科技,
20260618,589850.SH,hit,1,688008.SH,澜起科技,
20260618,589860.SH,hit,1,688001.SH,华兴源创,
20260618,589880.SH,hit,1,688001.SH,华兴源创,
20260618,589890.SH,hit,1,688001.SH,华兴源创,
20260618,589900.SH,hit,1,688001.SH,华兴源创,
20260618,589950.SH,hit,1,688001.SH,华兴源创,
20260618,589960.SH,hit,1,688005.SH,容百科技,
20260618,589980.SH,hit,1,688001.SH,华兴源创,
20260618,589990.SH,hit,1,688001.SH,华兴源创,
