rank,ts_code,csname,extname,cname,exchange,list_status,etf_type,index_code,index_name,trading_days_present,trade_dates,vol_5d,amount_5d,latest_trade_date,latest_close,latest_vol,latest_amount,vol_20260603,vol_20260602,vol_20260601,vol_20260529,vol_20260528
1,513130.SH,华泰柏瑞南方东英恒生科技指数ETF(QDII),恒生科技ETF华泰柏瑞,华泰柏瑞南方东英恒生科技指数交易型开放式指数证券投资基金(QDII),SH,L,QDII,HSTECH.HI,恒生科技指数,5,"2026-06-03,2026-06-02,2026-06-01,2026-05-29,2026-05-28",391864495.0500,24313845.3020,2026-06-03,0.6290,61157435.2900,3859339.5730,61157435.2900,104411224.4700,72973955.3100,88768298.1200,64553581.8600
2,513330.SH,华夏恒生互联网科技业ETF(QDII),恒生互联网ETF华夏,华夏恒生互联网科技业交易型开放式指数证券投资基金(QDII),SH,L,QDII,HSIII.HI,恒生互联网科技业指数,5,"2026-06-03,2026-06-02,2026-06-01,2026-05-29,2026-05-28",371194118.6100,15017178.5660,2026-06-03,0.4120,58153446.4400,2408873.8200,58153446.4400,107270132.3800,66712102.1800,76536617.1800,62521820.4300
3,513180.SH,华夏恒生科技ETF(QDII),恒生科技ETF华夏,华夏恒生科技交易型开放式指数证券投资基金(QDII),SH,L,QDII,HSTECH.HI,恒生科技指数,5,"2026-06-03,2026-06-02,2026-06-01,2026-05-29,2026-05-28",357311657.4200,22578016.8280,2026-06-03,0.6410,54706235.7900,3518701.8770,54706235.7900,103023146.1800,75809298.2000,69425111.2200,54347866.0300
4,159792.SZ,富国中证港股通互联网ETF,港股通互联网ETF富国,富国中证港股通互联网交易型开放式指数证券投资基金,SZ,L,纯境内,931637.CSI,中证港股通互联网指数,5,"2026-06-03,2026-06-02,2026-06-01,2026-05-29,2026-05-28",281980907.8500,17632450.9072,2026-06-03,0.6360,38876104.9600,2489470.6752,38876104.9600,69802776.9300,61058728.8900,58869001.8200,53374295.2500
5,513120.SH,广发中证香港创新药(QDII-ETF),港股创新药ETF广发,广发中证香港创新药交易型开放式指数证券投资基金(QDII),SH,L,QDII,931787.CSI,中证香港创新药指数,5,"2026-06-03,2026-06-02,2026-06-01,2026-05-29,2026-05-28",223996122.3200,24323857.0860,2026-06-03,1.0390,41663541.9100,4378283.5910,41663541.9100,37608372.6400,43676454.0000,70030609.7700,31017144.0000
6,588000.SH,华夏上证科创板50成份ETF,科创50ETF华夏,华夏上证科创板50成份交易型开放式指数证券投资基金,SH,L,纯境内,000688.SH,上证科创板50成份指数,5,"2026-06-03,2026-06-02,2026-06-01,2026-05-29,2026-05-28",203672668.6600,37463585.9880,2026-06-03,1.8230,41060877.2700,7513993.8770,41060877.2700,35626926.8300,41950164.9400,46204309.1000,38830390.5200
7,513090.SH,易方达中证香港证券投资主题(港股通)ETF,香港证券ETF易方达,易方达中证香港证券投资主题交易型开放式指数证券投资基金,SH,L,纯境内,930709.CSI,中证香港证券投资主题指数,5,"2026-06-03,2026-06-02,2026-06-01,2026-05-29,2026-05-28",176216685.1100,31132664.0720,2026-06-03,1.7880,33298614.7000,5958459.1500,33298614.7000,36319970.2900,31272743.8400,49599233.2700,25726123.0100
8,159338.SZ,国泰中证A500ETF,中证A500ETF国泰,国泰中证A500交易型开放式指数证券投资基金,SZ,L,纯境内,000510.SH,中证A500指数,5,"2026-06-03,2026-06-02,2026-06-01,2026-05-29,2026-05-28",174515643.0400,22631762.4577,2026-06-03,1.3050,36733002.0400,4811184.2981,36733002.0400,37617311.0200,37011155.2900,30780681.8800,32373492.8100
9,563360.SH,华泰柏瑞中证A500ETF,A500ETF华泰柏瑞,华泰柏瑞中证A500交易型开放式指数证券投资基金,SH,L,纯境内,000510.SH,中证A500指数,5,"2026-06-03,2026-06-02,2026-06-01,2026-05-29,2026-05-28",168651443.2700,23097884.5160,2026-06-03,1.3780,36435161.0000,5038381.2310,36435161.0000,36321682.2200,31605724.1100,32724650.3800,31564225.5600
10,515880.SH,国泰中证全指通信设备ETF,通信ETF国泰,国泰中证全指通信设备交易型开放式指数证券投资基金,SH,L,纯境内,931160.CSI,中证全指通信设备指数,5,"2026-06-03,2026-06-02,2026-06-01,2026-05-29,2026-05-28",154150870.1200,24885389.9100,2026-06-03,1.7160,34086257.0500,5859590.7980,34086257.0500,34700348.7200,28047298.9900,30699692.8900,26617272.4700
11,513010.SH,易方达恒生科技ETF(QDII),恒生科技ETF易方达,易方达恒生科技交易型开放式指数证券投资基金(QDII),SH,L,QDII,HSTECH.HI,恒生科技指数,5,"2026-06-03,2026-06-02,2026-06-01,2026-05-29,2026-05-28",136449104.3500,8856782.4800,2026-06-03,0.6590,20964561.1500,1386119.2780,20964561.1500,34879691.0900,23173246.0000,27138832.0700,30292774.0400
12,159740.SZ,大成恒生科技ETF(QDII),恒生科技ETF大成,大成恒生科技交易型开放式指数证券投资基金(QDII),SZ,L,QDII,HSTECH.HI,恒生科技指数,5,"2026-06-03,2026-06-02,2026-06-01,2026-05-29,2026-05-28",131760416.5800,8214883.6626,2026-06-03,0.6310,21279843.0000,1348858.9723,21279843.0000,35682246.2600,25133659.6300,28811335.7200,20853331.9700
13,159516.SZ,国泰中证半导体材料设备主题ETF,半导体设备ETF国泰,国泰中证半导体材料设备主题交易型开放式指数证券投资基金,SZ,L,纯境内,931743.CSI,中证半导体材料设备主题指数,5,"2026-06-03,2026-06-02,2026-06-01,2026-05-29,2026-05-28",125821669.7800,15160675.8467,2026-06-03,1.1980,21133127.3300,2532842.3928,21133127.3300,28173003.9200,25432821.4700,25271913.5900,25810803.4700
14,513050.SH,易方达中证海外中国互联网50(QDII-ETF),中概互联网ETF易方达,易方达中证海外中国互联网50交易型开放式指数证券投资基金,SH,L,QDII,H30533.CSI,中证海外中国互联网50指数,5,"2026-06-03,2026-06-02,2026-06-01,2026-05-29,2026-05-28",124440685.5200,14100325.1050,2026-06-03,1.1540,25598371.0900,2970577.0970,25598371.0900,38117756.5500,17845101.4700,21999755.8900,20879700.5200
15,159352.SZ,南方中证A500ETF,A500ETF南方,南方中证A500交易型开放式指数证券投资基金,SZ,L,纯境内,000510.SH,中证A500指数,5,"2026-06-03,2026-06-02,2026-06-01,2026-05-29,2026-05-28",123679329.3300,16664757.5639,2026-06-03,1.3560,22616134.9600,3075867.8703,22616134.9600,25562477.5700,27426210.3600,25496672.8600,22577833.5800
16,512000.SH,华宝中证全指证券公司ETF,券商ETF华宝,华宝中证全指证券公司交易型开放式指数证券投资基金,SH,L,纯境内,399975.SZ,中证全指证券公司指数,5,"2026-06-03,2026-06-02,2026-06-01,2026-05-29,2026-05-28",118886591.9000,5867466.4270,2026-06-03,0.4950,25974706.0400,1286156.8150,25974706.0400,22915269.5500,15441870.5000,26083501.8100,28471244.0000
17,513770.SH,华宝中证港股通互联网ETF,港股互联网ETF华宝,华宝中证港股通互联网交易型开放式指数证券投资基金,SH,L,纯境内,931637.CSI,中证港股通互联网指数,5,"2026-06-03,2026-06-02,2026-06-01,2026-05-29,2026-05-28",117632296.9400,4506498.8440,2026-06-03,0.3880,21188520.0000,825338.8590,21188520.0000,32487888.1500,23624638.8100,17924987.1900,22406262.7900
18,512690.SH,酒ETF,酒ETF鹏华,鹏华中证酒交易型开放式指数证券投资基金,SH,L,纯境内,399987.SZ,中证酒指数,5,"2026-06-03,2026-06-02,2026-06-01,2026-05-29,2026-05-28",114217871.7400,5140149.8160,2026-06-03,0.4440,21666552.0000,954736.4090,21666552.0000,16935316.6500,16901105.6500,39834991.8600,18879905.5800
19,159570.SZ,汇添富国证港股通创新药ETF,港股通创新药ETF汇添富,汇添富国证港股通创新药交易型开放式指数证券投资基金,SZ,L,纯境内,987018.SZ,国证港股通创新药指数,5,"2026-06-03,2026-06-02,2026-06-01,2026-05-29,2026-05-28",111902224.8500,15016965.5172,2026-06-03,1.2770,22954287.5900,2952085.5341,22954287.5900,14432499.5500,26095832.2700,28330531.0100,20089074.4300
20,159131.SZ,华宝中证港股通信息技术综合ETF,港股通信息技术ETF华宝,华宝中证港股通信息技术综合交易型开放式指数证券投资基金,SZ,L,纯境内,930967.CSI,中证港股通信息技术综合指数,5,"2026-06-03,2026-06-02,2026-06-01,2026-05-29,2026-05-28",105755958.5700,11610423.3836,2026-06-03,1.1110,22133604.1400,2474293.4282,22133604.1400,17836585.3100,19287680.6700,21141691.1800,25356397.2700
21,512880.SH,国泰中证全指证券公司ETF,证券ETF国泰,国泰中证全指证券公司交易型开放式指数证券投资基金,SH,L,纯境内,399975.SZ,中证全指证券公司指数,5,"2026-06-03,2026-06-02,2026-06-01,2026-05-29,2026-05-28",104326732.1400,10773829.2830,2026-06-03,1.0350,20051986.9700,2075978.5830,20051986.9700,19114994.9600,13396327.4000,27443453.8000,24319969.0100
22,512170.SH,华宝中证医疗ETF,医疗ETF华宝,华宝中证医疗交易型开放式指数证券投资基金,SH,L,纯境内,399989.SZ,中证医疗指数,5,"2026-06-03,2026-06-02,2026-06-01,2026-05-29,2026-05-28",99499205.5600,3093422.5450,2026-06-03,0.3050,18058592.0100,552166.7980,18058592.0100,28379752.7900,16823600.0000,18307545.4600,17929715.3000
23,159567.SZ,港股创新药ETF,港股创新药ETF银华,银华国证港股通创新药交易型开放式指数证券投资基金,SZ,L,纯境内,987018.SZ,国证港股通创新药指数,5,"2026-06-03,2026-06-02,2026-06-01,2026-05-29,2026-05-28",95682097.4100,6218435.0360,2026-06-03,0.6190,13290548.0000,829467.3951,13290548.0000,21954344.0000,20083823.8000,26900506.9200,13452874.6900
24,588200.SH,嘉实上证科创板芯片ETF,科创芯片ETF嘉实,嘉实上证科创板芯片交易型开放式指数证券投资基金,SH,L,纯境内,000685.SH,上证科创板芯片指数,5,"2026-06-03,2026-06-02,2026-06-01,2026-05-29,2026-05-28",91802436.7300,32822809.4420,2026-06-03,3.5710,18954841.7200,6799862.0220,18954841.7200,18210437.7200,18702933.0000,19600516.5300,16333707.7600
25,512010.SH,易方达沪深300医药ETF,医药ETF易方达,易方达沪深300医药卫生交易型开放式指数证券投资基金,SH,L,纯境内,000913.SH,沪深300医药卫生指数,5,"2026-06-03,2026-06-02,2026-06-01,2026-05-29,2026-05-28",90718501.2300,3058720.6560,2026-06-03,0.3300,20239445.0000,669427.1670,20239445.0000,17376613.0000,18137042.0000,21753413.5100,13211987.7200
26,512050.SH,华夏中证A500ETF,A500ETF华夏,华夏中证A500交易型开放式指数证券投资基金,SH,L,纯境内,000510.SH,中证A500指数,5,"2026-06-03,2026-06-02,2026-06-01,2026-05-29,2026-05-28",87024266.2000,11221237.2410,2026-06-03,1.2980,17829681.1700,2321891.8750,17829681.1700,17787503.7700,17382836.3900,17647795.0000,16376449.8700
27,159361.SZ,易方达中证A500ETF,A500ETF易方达,易方达中证A500交易型开放式指数证券投资基金,SZ,L,纯境内,000510.SH,中证A500指数,5,"2026-06-03,2026-06-02,2026-06-01,2026-05-29,2026-05-28",84653189.6600,11190369.6207,2026-06-03,1.3290,15111225.0600,2014033.6019,15111225.0600,15501103.0200,12908788.1300,29068299.6900,12063773.7600
28,159941.SZ,广发纳指100ETF,纳指ETF广发,广发纳斯达克100交易型开放式指数证券投资基金,SZ,L,QDII,NDX.NASDAQ,纳斯达克100指数,5,"2026-06-03,2026-06-02,2026-06-01,2026-05-29,2026-05-28",82185119.6800,14064184.9127,2026-06-03,1.7070,14680710.7200,2516223.5473,14680710.7200,18721553.9000,22584936.7200,13573214.2600,12624704.0800
29,159949.SZ,华安创业板50ETF,创业板50ETF华安,华安创业板50交易型开放式指数证券投资基金,SZ,L,纯境内,399673.SZ,创业板50指数,5,"2026-06-03,2026-06-02,2026-06-01,2026-05-29,2026-05-28",77474410.5300,15324814.9278,2026-06-03,2.0170,14519447.7700,2943104.5366,14519447.7700,13724897.9500,14194215.9300,18883656.6700,16152192.2100
30,159636.SZ,港股通科技30ETF工银,港股通科技30ETF工银,工银瑞信国证港股通科技交易型开放式指数证券投资基金,SZ,L,纯境内,987008.SZ,国证港股通科技指数,5,"2026-06-03,2026-06-02,2026-06-01,2026-05-29,2026-05-28",77327093.6500,4197347.2694,2026-06-03,0.5470,10613187.5800,582567.9817,10613187.5800,22239401.0000,16417035.0000,12900238.0000,15157232.0700
31,159967.SZ,华夏创成长ETF,创业板成长ETF华夏,华夏创业板动量成长交易型开放式指数证券投资基金,SZ,L,纯境内,399296.SZ,创业板动量成长指数,5,"2026-06-03,2026-06-02,2026-06-01,2026-05-29,2026-05-28",76379407.7400,7115572.0198,2026-06-03,0.9690,12440198.9300,1209148.5312,12440198.9300,15369597.4000,20880296.9700,15451345.8200,12237968.6200
32,159915.SZ,易方达创业板ETF,创业板ETF易方达,易方达创业板交易型开放式指数证券投资基金,SZ,L,纯境内,399006.SZ,创业板指数,5,"2026-06-03,2026-06-02,2026-06-01,2026-05-29,2026-05-28",74720344.8800,30453955.9497,2026-06-03,4.1450,16490581.3400,6853479.7311,16490581.3400,14821750.1300,13224451.0400,16171880.5600,14011681.8100
33,513310.SH,华泰柏瑞中证韩交所中韩半导体ETF(QDII),中韩半导体ETF华泰柏瑞,华泰柏瑞中证韩交所中韩半导体交易型开放式指数证券投资基金(QDII),SH,L,QDII,931790.CSI,中证韩交所中韩半导体指数,5,"2026-06-03,2026-06-02,2026-06-01,2026-05-29,2026-05-28",71930926.8400,43101191.2890,2026-06-03,6.1360,7229631.7900,4427159.4470,7229631.7900,22612082.8900,22353064.9200,9400914.9700,10335232.2700
34,588080.SH,易方达上证科创板50ETF,科创50ETF易方达,易方达上证科创板50成份交易型开放式指数证券投资基金,SH,L,纯境内,000688.SH,上证科创板50成份指数,5,"2026-06-03,2026-06-02,2026-06-01,2026-05-29,2026-05-28",71587479.9400,12748830.0010,2026-06-03,1.7670,13613450.0300,2415827.0140,13613450.0300,13482601.9600,15023833.6900,17249056.8600,12218537.4000
35,513980.SH,景顺长城中证港股通科技ETF,港股科技ETF景顺,景顺长城中证港股通科技交易型开放式指数证券投资基金,SH,L,纯境内,931573.CSI,中证港股通科技指数,5,"2026-06-03,2026-06-02,2026-06-01,2026-05-29,2026-05-28",71227560.9100,4569459.1410,2026-06-03,0.6460,8040848.0400,521601.4940,8040848.0400,18400591.7200,18624020.0000,15474475.0000,10687626.1500
36,513350.SH,富国标普石油天然气勘探及生产精选行业ETF(QDII),标普油气ETF富国,富国标普石油天然气勘探及生产精选行业交易型开放式指数证券投资基金(QDII),SH,L,QDII,SPSIOP.OTH,标普石油与天然气的勘探与生产精选行业指数,5,"2026-06-03,2026-06-02,2026-06-01,2026-05-29,2026-05-28",63611773.0500,7928703.7410,2026-06-03,1.2820,17364892.9900,2191756.4860,17364892.9900,13559835.3900,5087844.8000,6095969.7300,21503230.1400
37,159611.SZ,广发中证全指电力ETF,电力ETF广发,广发中证全指电力公用事业交易型开放式指数证券投资基金,SZ,L,纯境内,H30199.CSI,中证全指电力公用事业指数,5,"2026-06-03,2026-06-02,2026-06-01,2026-05-29,2026-05-28",60569729.4200,7448939.9101,2026-06-03,1.2490,14165896.3300,1746859.1214,14165896.3300,12935308.0700,14603449.4000,11230077.9700,7634997.6500
38,159363.SZ,华宝创业板人工智能ETF,创业板人工智能ETF华宝,华宝创业板人工智能交易型开放式指数证券投资基金,SZ,L,纯境内,970070.SZ,创业板人工智能指数,5,"2026-06-03,2026-06-02,2026-06-01,2026-05-29,2026-05-28",58606745.5300,8398886.6921,2026-06-03,1.4850,14533843.1900,2174936.0713,14533843.1900,10231920.8200,8305909.4800,11944138.4300,13590933.6100
39,512100.SH,南方中证1000ETF,中证1000ETF南方,南方中证1000交易型开放式指数证券投资基金,SH,L,纯境内,000852.SH,中证1000指数,5,"2026-06-03,2026-06-02,2026-06-01,2026-05-29,2026-05-28",57808513.0700,19599585.0410,2026-06-03,3.3890,13132783.2600,4469758.8980,13132783.2600,12491282.9200,11707167.1100,13518916.6300,6958363.1500
40,160644.SZ,,,,,,,,,5,"2026-06-03,2026-06-02,2026-06-01,2026-05-29,2026-05-28",56599477.5200,13208732.4364,2026-06-03,2.3070,7359501.5400,1742058.2812,7359501.5400,11325193.1700,13011737.0100,9997072.1400,14905973.6600
41,520880.SH,华宝恒生港股通创新药精选ETF,港股通创新药ETF华宝,华宝恒生港股通创新药精选交易型开放式指数证券投资基金,SH,L,纯境内,HSSCPB.HI,恒生港股通创新药精选指数,5,"2026-06-03,2026-06-02,2026-06-01,2026-05-29,2026-05-28",56107908.0000,2375707.5750,2026-06-03,0.4050,13338836.0000,542974.1750,13338836.0000,10183387.0000,12493325.0000,13861686.0000,6230674.0000
42,515220.SH,国泰中证煤炭ETF,煤炭ETF国泰,国泰中证煤炭交易型开放式指数证券投资基金,SH,L,纯境内,399998.SZ,中证煤炭指数,5,"2026-06-03,2026-06-02,2026-06-01,2026-05-29,2026-05-28",55410614.0100,7375557.5980,2026-06-03,1.4000,14781749.9300,2016974.0970,14781749.9300,12464264.5900,13695451.5900,7004623.0000,7464524.9000
43,515050.SH,华夏中证5G通信主题ETF,通信ETF华夏,华夏中证5G通信主题交易型开放式指数证券投资基金,SH,L,纯境内,931079.CSI,中证5G通信主题指数,5,"2026-06-03,2026-06-02,2026-06-01,2026-05-29,2026-05-28",53298395.8300,6474800.4030,2026-06-03,1.2710,11669991.0100,1488703.5920,11669991.0100,10965099.8200,11261040.3700,9637124.6700,9765139.9600
44,159892.SZ,华夏恒生生物科技ETF(QDII),恒生医药ETF华夏,华夏恒生生物科技交易型开放式指数证券投资基金(QDII),SZ,L,QDII,HSBIO.HI,恒生生物科技指数,5,"2026-06-03,2026-06-02,2026-06-01,2026-05-29,2026-05-28",53153749.8300,3601709.6297,2026-06-03,0.6540,8335053.2000,548772.0575,8335053.2000,10475354.0000,12501094.3000,14393352.3300,7448896.0000
45,512800.SH,华宝中证银行ETF,银行ETF华宝,华宝中证银行交易型开放式指数证券投资基金,SH,L,纯境内,399986.SZ,中证银行指数,5,"2026-06-03,2026-06-02,2026-06-01,2026-05-29,2026-05-28",52936789.7500,4113087.4910,2026-06-03,0.7830,8585319.4500,671932.2680,8585319.4500,10920030.1700,10470034.6500,11672376.0000,11289029.4800
46,513060.SH,博时恒生医疗保健(QDII-ETF),恒生医疗ETF博时,博时恒生医疗保健交易型开放式指数证券投资基金(QDII),SH,L,QDII,HSHCI.HI,恒生医疗保健指数,5,"2026-06-03,2026-06-02,2026-06-01,2026-05-29,2026-05-28",52552730.2700,2667195.4800,2026-06-03,0.4920,9732059.1000,482969.8410,9732059.1000,10568504.0000,10639249.0000,14748651.1700,6864267.0000
47,512480.SH,国联安半导体ETF,半导体ETF国联安,国联安中证全指半导体产品与设备交易型开放式指数证券投资基金,SH,L,纯境内,H30184.CSI,中证全指半导体产品与设备指数,5,"2026-06-03,2026-06-02,2026-06-01,2026-05-29,2026-05-28",51150944.8900,11051344.6290,2026-06-03,2.1500,9635151.1900,2075032.5300,9635151.1900,9394949.7600,11178344.5800,11405394.0200,9537105.3400
48,588170.SH,华夏上证科创板半导体材料设备主题ETF,科创半导体ETF华夏,华夏上证科创板半导体材料设备主题交易型开放式指数证券投资基金,SH,L,纯境内,950125.CSI,上证科创板半导体材料设备主题指数,5,"2026-06-03,2026-06-02,2026-06-01,2026-05-29,2026-05-28",50051781.7000,12263978.0120,2026-06-03,2.4010,8918866.7000,2140637.6390,8918866.7000,8647290.6600,8669037.7100,11172251.7800,12644334.8500
49,562500.SH,华夏中证机器人ETF,机器人ETF华夏,华夏中证机器人交易型开放式指数证券投资基金,SH,L,纯境内,H30590.CSI,中证机器人指数,5,"2026-06-03,2026-06-02,2026-06-01,2026-05-29,2026-05-28",48018380.8900,5441261.1970,2026-06-03,1.1270,8484480.6000,962602.9480,8484480.6000,9738269.7200,8087282.9700,11052261.5300,10656086.0700
50,159870.SZ,化工ETF,化工ETF鹏华,鹏华中证细分化工产业主题交易型开放式指数证券投资基金,SZ,L,纯境内,000813.CSI,中证细分化工产业主题指数,5,"2026-06-03,2026-06-02,2026-06-01,2026-05-29,2026-05-28",46906086.4400,3887144.1767,2026-06-03,0.8300,7638429.7700,633934.4123,7638429.7700,8448124.7700,7442408.3200,13637711.3700,9739412.2100
51,159992.SZ,创新药,创新药ETF银华,银华中证创新药产业交易型开放式指数证券投资基金,SZ,L,纯境内,931152.CSI,中证创新药产业指数,5,"2026-06-03,2026-06-02,2026-06-01,2026-05-29,2026-05-28",46665281.0900,3516549.6100,2026-06-03,0.7330,7585005.0000,557563.7345,7585005.0000,7650154.0900,11450932.7000,10682022.1300,9297167.1700
52,159206.SZ,卫星ETF永赢,卫星ETF永赢,永赢国证商用卫星通信产业交易型开放式指数证券投资基金,SZ,L,纯境内,980018.SZ,国证商用卫星通信产业指数,5,"2026-06-03,2026-06-02,2026-06-01,2026-05-29,2026-05-28",45297902.4300,7519522.4480,2026-06-03,1.6380,8178082.3700,1338240.5653,8178082.3700,6269165.3200,6896099.6200,15852092.3800,8102462.7400
53,159217.SZ,港股通创新药ETF工银,港股通创新药ETF工银,工银瑞信国证港股通创新药交易型开放式指数证券投资基金,SZ,L,纯境内,987018.SZ,国证港股通创新药指数,5,"2026-06-03,2026-06-02,2026-06-01,2026-05-29,2026-05-28",45048960.0000,4942149.2942,2026-06-03,1.0400,4835074.0000,507542.7642,4835074.0000,6921364.0000,8999131.0000,18934247.0000,5359144.0000
54,159316.SZ,易方达恒生港股通创新药ETF,港股通创新药ETF易方达,易方达恒生港股通创新药交易型开放式指数证券投资基金,SZ,L,纯境内,HSSCID.HI,恒生港股通创新药指数,5,"2026-06-03,2026-06-02,2026-06-01,2026-05-29,2026-05-28",42497832.1900,4552326.2412,2026-06-03,1.0260,5804163.0000,598939.0183,5804163.0000,9592399.6200,8773972.9400,11540620.2200,6786676.4100
55,159262.SZ,广发恒生港股通科技主题ETF,港股通科技ETF广发,广发恒生港股通科技主题交易型开放式指数证券投资基金,SZ,L,纯境内,HSSCITI.HI,恒生港股通科技主题指数,5,"2026-06-03,2026-06-02,2026-06-01,2026-05-29,2026-05-28",42116665.1700,3949466.4587,2026-06-03,0.9550,6004196.1900,576289.6524,6004196.1900,11944425.3300,8200462.0300,8914199.6100,7053382.0100
56,159518.SZ,嘉实标普石油天然气勘探及生产精选行业ETF(QDII),标普油气ETF嘉实,嘉实标普石油天然气勘探及生产精选行业交易型开放式指数证券投资基金(QDII),SZ,L,QDII,SPSIOP.OTH,标普石油与天然气的勘探与生产精选行业指数,5,"2026-06-03,2026-06-02,2026-06-01,2026-05-29,2026-05-28",41685558.2800,4724725.4998,2026-06-03,1.1650,8590047.0000,992736.8650,8590047.0000,9081861.0000,3507000.0000,4114856.6600,16391793.6200
57,159687.SZ,南方基金南方东英富时亚太精选ETF(QDII),亚太精选ETF南方,南方基金南方东英富时亚太精选交易型开放式指数证券投资基金(QDII),SZ,L,QDII,GPCSP006.OTH,富时亚太精选指数,5,"2026-06-03,2026-06-02,2026-06-01,2026-05-29,2026-05-28",40140858.5500,7900099.7218,2026-06-03,1.9890,7657533.4600,1532714.5816,7657533.4600,13340167.2600,9894405.2500,3031858.0000,6216894.5800
58,520500.SH,华泰柏瑞恒生创新药ETF(QDII),恒生创新药ETF华泰柏瑞,华泰柏瑞恒生创新药交易型开放式指数证券投资基金(QDII),SH,L,QDII,HSIDI.HI,恒生创新药指数,5,"2026-06-03,2026-06-02,2026-06-01,2026-05-29,2026-05-28",40129367.9400,5326195.4520,2026-06-03,1.2560,6084391.0000,769689.8260,6084391.0000,7076117.3500,9265795.6700,12537727.5100,5165336.4100
59,159852.SZ,嘉实中证软件服务ETF,软件ETF嘉实,嘉实中证软件服务交易型开放式指数证券投资基金,SZ,L,纯境内,930601.CSI,中证软件服务指数,5,"2026-06-03,2026-06-02,2026-06-01,2026-05-29,2026-05-28",39489380.0500,3035143.1447,2026-06-03,0.7590,7002697.0000,533863.4496,7002697.0000,8966555.0000,11672856.0000,6072565.3000,5774706.7500
60,511380.SH,博时可转债ETF,可转债ETF博时,博时中证可转债及可交换债券交易型开放式指数证券投资基金,SH,L,纯境内,931078.CSI,中证可转债及可交换债券指数,5,"2026-06-03,2026-06-02,2026-06-01,2026-05-29,2026-05-28",39088775.8800,54960503.5270,2026-06-03,14.0830,7107038.8300,10035233.7990,7107038.8300,6601950.3500,7297315.7600,9265145.6800,8817325.2600
61,512890.SH,华泰柏瑞中证红利低波动ETF,红利低波ETF华泰柏瑞,华泰柏瑞中证红利低波动交易型开放式指数证券投资基金,SH,L,纯境内,H30269.CSI,中证红利低波动指数,5,"2026-06-03,2026-06-02,2026-06-01,2026-05-29,2026-05-28",38074608.5600,4443066.2540,2026-06-03,1.1730,8019357.8500,938043.6590,8019357.8500,7373936.1800,8183643.2800,7962365.2500,6535306.0000
62,515120.SH,广发创新药ETF,创新药ETF广发,广发中证创新药产业交易型开放式指数证券投资基金,SH,L,纯境内,931152.CSI,中证创新药产业指数,5,"2026-06-03,2026-06-02,2026-06-01,2026-05-29,2026-05-28",37695820.5200,2125427.9930,2026-06-03,0.5480,6680339.3300,367481.2690,6680339.3300,6573805.1100,8498541.1000,8386816.0800,7556318.9000
63,159845.SZ,华夏中证1000ETF,中证1000ETF华夏,华夏中证1000交易型开放式指数证券投资基金,SZ,L,纯境内,000852.SH,中证1000指数,5,"2026-06-03,2026-06-02,2026-06-01,2026-05-29,2026-05-28",36943193.7500,12887605.0205,2026-06-03,3.4820,8258679.9200,2892833.5884,8258679.9200,9284822.2800,8628753.2400,5978445.7200,4792492.5900
64,510050.SH,华夏上证50ETF,上证50ETF华夏,上证50交易型开放式指数证券投资基金,SH,L,纯境内,000016.SH,上证50指数,5,"2026-06-03,2026-06-02,2026-06-01,2026-05-29,2026-05-28",36098154.6300,10799706.7900,2026-06-03,2.9960,9154496.3300,2746601.6120,9154496.3300,7719412.3000,7982425.2900,6306753.0700,4935067.6400
65,513040.SH,易方达中证港股通互联网ETF,港股通互联网ETF易方达,易方达中证港股通互联网交易型开放式指数证券投资基金,SH,L,纯境内,931637.CSI,中证港股通互联网指数,5,"2026-06-03,2026-06-02,2026-06-01,2026-05-29,2026-05-28",35753807.2200,3690412.5660,2026-06-03,1.0430,5008967.5000,525025.2590,5008967.5000,11802113.9700,6607238.0000,6310272.6500,6025215.1000
66,159326.SZ,华夏中证电网设备主题ETF,电网设备ETF华夏,华夏中证电网设备主题交易型开放式指数证券投资基金,SZ,L,纯境内,931994.CSI,中证电网设备主题指数,5,"2026-06-03,2026-06-02,2026-06-01,2026-05-29,2026-05-28",35481891.2300,7336959.3017,2026-06-03,2.0920,7719568.3000,1616858.8742,7719568.3000,6567743.0000,6535862.8700,6965591.5800,7693125.4800
67,159530.SZ,易方达国证机器人产业ETF,机器人ETF易方达,易方达国证机器人产业交易型开放式指数证券投资基金,SZ,L,纯境内,980022.SZ,国证机器人产业指数,5,"2026-06-03,2026-06-02,2026-06-01,2026-05-29,2026-05-28",34708838.9700,5437076.1423,2026-06-03,1.5390,5960067.5400,925950.0392,5960067.5400,6128494.0800,5753319.2000,8277779.7400,8589178.4100
68,520980.SH,汇添富恒生港股通中国科技ETF,港股通科技ETF汇添富,汇添富恒生港股通中国科技交易型开放式指数证券投资基金,SH,L,纯境内,HSSCT.HI,恒生港股通中国科技指数,5,"2026-06-03,2026-06-02,2026-06-01,2026-05-29,2026-05-28",34086167.6700,3250236.2000,2026-06-03,0.9690,5640267.0000,549199.3890,5640267.0000,8928123.1600,7414549.0000,6570829.5100,5532399.0000
69,512070.SH,易方达沪深300非银ETF,证券保险ETF易方达,易方达沪深300非银行金融交易型开放式指数证券投资基金,SH,L,纯境内,H30035.CSI,沪深300非银行金融指数,5,"2026-06-03,2026-06-02,2026-06-01,2026-05-29,2026-05-28",33274548.1200,2505865.5720,2026-06-03,0.7570,4448203.9400,336481.0540,4448203.9400,5512768.6100,4282491.9300,11319944.6400,7711139.0000
70,513380.SH,广发恒生科技(QDII-ETF),恒生科技ETF广发,广发恒生科技交易型开放式指数证券投资基金(QDII),SH,L,QDII,HSTECH.HI,恒生科技指数,5,"2026-06-03,2026-06-02,2026-06-01,2026-05-29,2026-05-28",33014476.9000,1894849.7150,2026-06-03,0.5810,4682421.0000,273259.8030,4682421.0000,9895680.5600,5596439.3400,8866485.0000,3973451.0000
71,159755.SZ,广发国证新能源车电池ETF,电池ETF广发,广发国证新能源车电池交易型开放式指数证券投资基金,SZ,L,纯境内,980032.SZ,国证新能源车电池指数,5,"2026-06-03,2026-06-02,2026-06-01,2026-05-29,2026-05-28",32578248.0200,3664480.2593,2026-06-03,1.1080,4703891.0700,523200.1159,4703891.0700,6613512.3700,5918878.8600,7438766.8600,7903198.8600
72,159995.SZ,华夏国证半导体芯片ETF,芯片ETF华夏,华夏国证半导体芯片交易型开放式指数证券投资基金,SZ,L,纯境内,980017.SZ,国证半导体芯片指数,5,"2026-06-03,2026-06-02,2026-06-01,2026-05-29,2026-05-28",31961332.0700,7954701.9706,2026-06-03,2.4830,7076408.9800,1753617.2040,7076408.9800,6276795.7300,6345117.8300,5893387.2400,6369622.2900
73,512760.SH,国泰CES半导体芯片行业ETF,芯片ETF国泰,国泰CES半导体芯片行业交易型开放式指数证券投资基金,SH,L,纯境内,990001.OTH,中华交易服务半导体芯片行业指数,5,"2026-06-03,2026-06-02,2026-06-01,2026-05-29,2026-05-28",31827193.4600,3708150.5100,2026-06-03,1.1580,6663744.2000,773047.8040,6663744.2000,5175264.3600,6358102.1900,7796374.7100,5833708.0000
74,159529.SZ,景顺长城标普消费精选ETF(QDII),标普消费ETF景顺,景顺长城标普消费精选交易型开放式指数证券投资基金(QDII),SZ,L,QDII,SP5CSSUP.OTH,标普500消费精选指数,5,"2026-06-03,2026-06-02,2026-06-01,2026-05-29,2026-05-28",31329132.2300,4294712.6426,2026-06-03,1.2940,1442691.4200,188457.3348,1442691.4200,1789239.0000,4204699.0000,11381387.5100,12511115.3000
75,513160.SH,科技30,港股科技ETF银华,银华恒生港股通中国科技交易型开放式指数证券投资基金,SH,L,纯境内,HSSCT.HI,恒生港股通中国科技指数,5,"2026-06-03,2026-06-02,2026-06-01,2026-05-29,2026-05-28",30968106.9300,3253681.8430,2026-06-03,1.0670,4460639.0000,478647.6760,4460639.0000,10113788.3200,5451903.6100,6394505.0000,4547271.0000
76,510300.SH,华泰柏瑞沪深300ETF,沪深300ETF华泰柏瑞,华泰柏瑞沪深300交易型开放式指数证券投资基金,SH,L,纯境内,000300.SH,沪深300指数,5,"2026-06-03,2026-06-02,2026-06-01,2026-05-29,2026-05-28",30368336.2000,14971790.2270,2026-06-03,4.9650,7604618.9100,3784497.9550,7604618.9100,6809437.4400,4990927.1600,6566854.4500,4396498.2400
77,512710.SH,富国中证军工龙头ETF,军工龙头ETF富国,富国中证军工龙头交易型开放式指数证券投资基金,SH,L,纯境内,931066.CSI,中证军工龙头指数,5,"2026-06-03,2026-06-02,2026-06-01,2026-05-29,2026-05-28",29668884.3500,2062714.9830,2026-06-03,0.6860,5994945.0000,412301.0350,5994945.0000,6206802.3700,3881430.0000,7683251.8800,5902455.1000
78,159928.SZ,汇添富中证主要消费ETF,消费ETF,中证主要消费交易型开放式指数证券投资基金,SZ,L,纯境内,000932.SH,中证主要消费指数,5,"2026-06-03,2026-06-02,2026-06-01,2026-05-29,2026-05-28",29513550.5600,2001721.9821,2026-06-03,0.6700,6409244.0000,427991.4987,6409244.0000,4972392.0000,3833946.0000,8427272.0000,5870696.5600
79,159781.SZ,易方达中证科创创业50ETF,科创创业ETF易方达,易方达中证科创创业50交易型开放式指数证券投资基金,SZ,L,纯境内,931643.CSI,中证科创创业50指数,5,"2026-06-03,2026-06-02,2026-06-01,2026-05-29,2026-05-28",29371376.3700,3802665.1695,2026-06-03,1.3230,5901562.4400,783220.1903,5901562.4400,6296754.7500,6212092.6500,5627598.6200,5333367.9100
80,510210.SH,上证综指ETF,上证指数ETF富国,上证综指交易型开放式指数证券投资基金,SH,L,纯境内,000001.SH,上证综合指数,5,"2026-06-03,2026-06-02,2026-06-01,2026-05-29,2026-05-28",28441245.4400,2921188.3530,2026-06-03,1.0290,5362134.6300,551577.5980,5362134.6300,5015139.0000,6508779.9900,6748216.0000,4806975.8200
81,512400.SH,南方中证申万有色金属ETF,有色金属ETF南方,南方中证申万有色金属交易型开放式指数证券投资基金,SH,L,纯境内,000819.SH,中证申万有色金属指数,5,"2026-06-03,2026-06-02,2026-06-01,2026-05-29,2026-05-28",28022365.1300,5572890.0320,2026-06-03,2.0320,6251298.7200,1270392.9510,6251298.7200,6172113.3700,4392999.0400,5004277.3300,6201676.6700
82,588790.SH,博时科创板人工智能ETF,科创AIETF博时,博时上证科创板人工智能交易型开放式指数证券投资基金,SH,L,纯境内,950180.CSI,上证科创板人工智能指数,5,"2026-06-03,2026-06-02,2026-06-01,2026-05-29,2026-05-28",27405492.2100,2562359.6280,2026-06-03,0.9270,5175486.2100,482172.4860,5175486.2100,3712139.0000,5409803.0000,6553774.0000,6554290.0000
83,513100.SH,国泰纳斯达克100(QDII-ETF),纳指ETF国泰,纳斯达克100交易型开放式指数证券投资基金,SH,L,QDII,NDX.NASDAQ,纳斯达克100指数,5,"2026-06-03,2026-06-02,2026-06-01,2026-05-29,2026-05-28",27149416.1200,6251524.4100,2026-06-03,2.2990,5047053.1100,1165822.5450,5047053.1100,5894012.7500,7489384.0300,5010621.3600,3708344.8700
84,159851.SZ,华宝中证金融科技主题ETF,金融科技ETF华宝,华宝中证金融科技主题交易型开放式指数证券投资基金,SZ,L,纯境内,930986.CSI,中证金融科技主题指数,5,"2026-06-03,2026-06-02,2026-06-01,2026-05-29,2026-05-28",26339963.6200,1800671.9120,2026-06-03,0.6680,6057464.8200,410826.3440,6057464.8200,4770920.0000,5498652.1500,4214233.1500,5798693.5000
85,159387.SZ,国泰创业板新能源ETF,创业板新能源ETF国泰,国泰创业板新能源交易型开放式指数证券投资基金,SZ,L,纯境内,399266.SZ,创业板新能源指数,5,"2026-06-03,2026-06-02,2026-06-01,2026-05-29,2026-05-28",25682527.6600,2429922.7190,2026-06-03,0.9280,4204899.0000,393064.5237,4204899.0000,5206127.0000,4028465.0000,6718390.0000,5524646.6600
86,515790.SH,华泰柏瑞中证光伏产业ETF,光伏ETF华泰柏瑞,华泰柏瑞中证光伏产业交易型开放式指数证券投资基金,SH,L,纯境内,931151.CSI,中证光伏产业指数,5,"2026-06-03,2026-06-02,2026-06-01,2026-05-29,2026-05-28",24755571.3400,2686074.4710,2026-06-03,1.0650,4617907.0000,494880.3830,4617907.0000,3496116.9500,5065894.7000,5792376.0200,5783276.6700
87,588220.SH,科创100ETF基金,科创100ETF鹏华,鹏华上证科创板100交易型开放式指数证券投资基金,SH,L,纯境内,000698.SH,上证科创板100指数,5,"2026-06-03,2026-06-02,2026-06-01,2026-05-29,2026-05-28",23538957.0900,4216281.5380,2026-06-03,1.7810,3669133.9300,655620.2460,3669133.9300,4085896.9400,3711406.8100,5881771.5400,6190747.8700
88,159196.SZ,易方达中证港股通信息技术综合ETF,港股通信息技术ETF易方达,易方达中证港股通信息技术综合交易型开放式指数证券投资基金,SZ,L,纯境内,930967.CSI,中证港股通信息技术综合指数,5,"2026-06-03,2026-06-02,2026-06-01,2026-05-29,2026-05-28",23182054.3100,3256476.4014,2026-06-03,1.4180,4334651.1500,619369.1781,4334651.1500,4702284.1400,4491898.0000,4964106.0000,4689115.0200
89,513860.SH,海富通中证港股通科技ETF,港股通科技ETF海富通,海富通中证港股通科技交易型开放式指数证券投资基金,SH,L,纯境内,931573.CSI,中证港股通科技指数,5,"2026-06-03,2026-06-02,2026-06-01,2026-05-29,2026-05-28",23073130.0000,1476251.3310,2026-06-03,0.6410,4416911.0000,283905.3690,4416911.0000,6640827.0000,5501164.0000,3157406.0000,3356822.0000
90,159742.SZ,博时恒生科技ETF(QDII),恒生科技ETF博时,博时恒生科技交易型开放式指数证券投资基金(QDII),SZ,L,QDII,HSTECH.HI,恒生科技指数,5,"2026-06-03,2026-06-02,2026-06-01,2026-05-29,2026-05-28",22994865.8000,1472693.9758,2026-06-03,0.6480,3802735.0000,247275.0481,3802735.0000,6664482.7900,4843148.0100,4219557.0000,3464943.0000
91,159819.SZ,易方达中证人工智能主题ETF,人工智能ETF易方达,易方达中证人工智能主题交易型开放式指数证券投资基金,SZ,L,纯境内,930713.CSI,中证人工智能主题指数,5,"2026-06-03,2026-06-02,2026-06-01,2026-05-29,2026-05-28",22987495.1100,4574550.0788,2026-06-03,2.0380,5495611.3400,1123093.1101,5495611.3400,4560460.7000,4408523.8200,4595307.0500,3927592.2000
92,588060.SH,广发科创50ETF,科创50ETF广发,广发上证科创板50成份交易型开放式指数证券投资基金,SH,L,纯境内,000688.SH,上证科创板50成份指数,5,"2026-06-03,2026-06-02,2026-06-01,2026-05-29,2026-05-28",22767459.3100,2522024.3630,2026-06-03,1.0980,4311020.0400,475183.5360,4311020.0400,4139319.7800,4663160.2700,6301792.6600,3352166.5600
93,159509.SZ,景顺长城纳斯达克科技ETF(QDII),纳指科技ETF景顺,景顺长城纳斯达克科技市值加权交易型开放式指数证券投资基金(QDII),SZ,L,QDII,NDXTMC.NASDAQ,纳斯达克科技市值加权指数,5,"2026-06-03,2026-06-02,2026-06-01,2026-05-29,2026-05-28",22753887.6900,6308140.9172,2026-06-03,2.8700,4568706.2200,1307537.0186,4568706.2200,4941385.7500,4706420.9800,4267983.9300,4269390.8100
94,563220.SH,富国中证A500ETF,A500ETF富国,富国中证A500交易型开放式指数证券投资基金,SH,L,纯境内,000510.SH,中证A500指数,5,"2026-06-03,2026-06-02,2026-06-01,2026-05-29,2026-05-28",21560045.6900,2908694.5230,2026-06-03,1.3560,5058497.7200,688098.9690,5058497.7200,4155116.6000,4692200.0000,3619094.2900,4035137.0800
95,159101.SZ,华夏国证港股通科技ETF,港股通科技ETF华夏,华夏国证港股通科技交易型开放式指数证券投资基金,SZ,L,纯境内,987008.SZ,国证港股通科技指数,5,"2026-06-03,2026-06-02,2026-06-01,2026-05-29,2026-05-28",21451397.2100,1651237.3633,2026-06-03,0.7770,3494803.0800,273008.7705,3494803.0800,5496595.0300,3719914.2800,4597300.6700,4142784.1500
96,513750.SH,广发中证港股通非银ETF,港股通非银ETF广发,广发中证港股通非银行金融主题交易型开放式指数证券投资基金,SH,L,纯境内,931024.CSI,中证港股通非银行金融主题指数,5,"2026-06-03,2026-06-02,2026-06-01,2026-05-29,2026-05-28",21390527.9800,3255581.2960,2026-06-03,1.5210,3109976.0000,472915.8400,3109976.0000,4156182.5000,3866012.9600,5082143.0000,5176213.5200
97,563800.SH,广发中证A500ETF,A500ETF广发,广发中证A500交易型开放式指数证券投资基金,SH,L,纯境内,000510.SH,中证A500指数,5,"2026-06-03,2026-06-02,2026-06-01,2026-05-29,2026-05-28",21210721.5500,2742240.6270,2026-06-03,1.3020,4065152.7700,530549.3900,4065152.7700,4620766.5600,5236090.1000,3407280.3400,3881431.7800
98,513260.SH,汇添富恒生科技ETF,恒生科技ETF汇添富,汇添富恒生科技交易型开放式指数证券投资基金(QDII),SH,L,QDII,HSTECH.HI,恒生科技指数,5,"2026-06-03,2026-06-02,2026-06-01,2026-05-29,2026-05-28",21072061.5200,2560693.7930,2026-06-03,1.2300,3614854.6400,446676.5700,3614854.6400,5547807.8800,4036392.0000,5247288.0000,2625719.0000
99,159351.SZ,嘉实中证A500ETF,A500ETF嘉实,嘉实中证A500交易型开放式指数证券投资基金,SZ,L,纯境内,000510.SH,中证A500指数,5,"2026-06-03,2026-06-02,2026-06-01,2026-05-29,2026-05-28",20972513.2600,2727605.6205,2026-06-03,1.3050,4924870.2200,646681.5196,4924870.2200,4396682.0000,4106785.0000,3787746.0000,3756430.0400
100,515980.SH,华富中证人工智能产业ETF,人工智能ETF华富,华富中证人工智能产业交易型开放式指数证券投资基金,SH,L,纯境内,931071.CSI,中证人工智能产业指数,5,"2026-06-03,2026-06-02,2026-06-01,2026-05-29,2026-05-28",20002164.8400,2302203.0870,2026-06-03,1.1780,4996467.9600,590552.6780,4996467.9600,3818770.0100,4219065.9000,3164017.1500,3803843.8200
