ts_code,trade_date,open,high,low,close,pre_close,change,pct_chg,vol,amount,api_name,fetched_at
160105.SZ,2026-06-03,1.1960,1.1960,1.1900,1.1900,1.1960,-0.0060,-0.5000,217.2800,25.9448,fund_daily,2026-06-04 15:58:09.24947+08
160106.SZ,2026-06-03,1.4510,1.4610,1.4300,1.4500,1.4650,-0.0150,-1.0200,920.0500,132.7622,fund_daily,2026-06-04 15:58:09.24947+08
160119.SZ,2026-06-03,2.3080,2.3500,2.3080,2.3280,2.3160,0.0120,0.5200,4543.4700,1058.9883,fund_daily,2026-06-04 15:58:09.24947+08
160125.SZ,2026-06-03,1.8280,1.8280,1.7910,1.7960,1.8370,-0.0410,-2.2300,17436.0900,3147.2616,fund_daily,2026-06-04 15:58:09.24947+08
160127.SZ,2026-06-03,0.8750,0.8750,0.8580,0.8640,0.8660,-0.0020,-0.2300,166.2800,14.3790,fund_daily,2026-06-04 15:58:09.24947+08
160128.SZ,2026-06-03,1.0300,1.0300,1.0290,1.0290,1.0300,-0.0010,-0.1000,410.0000,42.1926,fund_daily,2026-06-04 15:58:09.24947+08
160133.SZ,2026-06-03,4.1510,4.1870,4.1100,4.1800,4.1920,-0.0120,-0.2900,919.3400,380.4635,fund_daily,2026-06-04 15:58:09.24947+08
160135.SZ,2026-06-03,1.0290,1.0290,1.0100,1.0230,1.0190,0.0040,0.3900,108.0000,10.9215,fund_daily,2026-06-04 15:58:09.24947+08
160140.SZ,2026-06-03,1.3900,1.3960,1.3790,1.3800,1.3920,-0.0120,-0.8600,15790.6800,2182.1158,fund_daily,2026-06-04 15:58:09.24947+08
160142.SZ,2026-06-03,1.1400,1.1620,1.1350,1.1520,1.1290,0.0230,2.0400,1968.8700,225.8269,fund_daily,2026-06-04 15:58:09.24947+08
160143.SZ,2026-06-03,1.6610,1.7150,1.6610,1.7090,1.6550,0.0540,3.2600,1811.0000,306.2731,fund_daily,2026-06-04 15:58:09.24947+08
160211.SZ,2026-06-03,3.2980,3.3300,3.2660,3.3150,3.2980,0.0170,0.5200,257.5400,85.2841,fund_daily,2026-06-04 15:58:09.24947+08
160212.SZ,2026-06-03,4.5580,4.6480,4.5110,4.5930,4.6030,-0.0100,-0.2200,616.0000,283.3981,fund_daily,2026-06-04 15:58:09.24947+08
160215.SZ,2026-06-03,3.7330,3.9200,3.7330,3.8400,3.7330,0.1070,2.8700,1363.5900,520.0578,fund_daily,2026-06-04 15:58:09.24947+08
160216.SZ,2026-06-03,0.7220,0.7230,0.7170,0.7210,0.7230,-0.0020,-0.2800,44881.9700,3229.8344,fund_daily,2026-06-04 15:58:09.24947+08
160218.SZ,2026-06-03,0.6090,0.6090,0.5950,0.6020,0.6090,-0.0070,-1.1500,870.0000,52.1103,fund_daily,2026-06-04 15:58:09.24947+08
160219.SZ,2026-06-03,0.5120,0.5120,0.5030,0.5060,0.5130,-0.0070,-1.3700,2004.2100,101.6788,fund_daily,2026-06-04 15:58:09.24947+08
160220.SZ,2026-06-03,4.9500,5.2200,4.9500,5.1000,4.9390,0.1610,3.2600,4698.1800,2396.2287,fund_daily,2026-06-04 15:58:09.24947+08
160221.SZ,2026-06-03,2.3300,2.4360,2.3300,2.4020,2.3950,0.0070,0.2900,7824.7500,1888.0664,fund_daily,2026-06-04 15:58:09.24947+08
160222.SZ,2026-06-03,0.6810,0.6810,0.6680,0.6770,0.6810,-0.0040,-0.5900,4716.2300,316.9739,fund_daily,2026-06-04 15:58:09.24947+08
160223.SZ,2026-06-03,2.2300,2.3300,2.2300,2.2710,2.2300,0.0410,1.8400,3324.9200,753.7820,fund_daily,2026-06-04 15:58:09.24947+08
160225.SZ,2026-06-03,2.0670,2.0740,2.0280,2.0520,2.0670,-0.0150,-0.7300,1289.9200,265.9544,fund_daily,2026-06-04 15:58:09.24947+08
160311.SZ,2026-06-03,1.7100,1.7230,1.7100,1.7210,1.7160,0.0050,0.2900,1077.0900,185.0227,fund_daily,2026-06-04 15:58:09.24947+08
160314.SZ,2026-06-03,1.4950,1.5270,1.4950,1.5130,1.4810,0.0320,2.1600,456.3900,69.0033,fund_daily,2026-06-04 15:58:09.24947+08
160322.SZ,2026-06-03,1.1500,1.1960,1.1330,1.1960,1.1590,0.0370,3.1900,12929.2000,1519.9838,fund_daily,2026-06-04 15:58:09.24947+08
160323.SZ,2026-06-03,1.7930,1.7950,1.7880,1.7890,1.7950,-0.0060,-0.3300,9145.6700,1637.9978,fund_daily,2026-06-04 15:58:09.24947+08
160324.SZ,2026-06-03,2.9190,3.0340,2.9190,2.9570,2.8900,0.0670,2.3200,15302.6200,4552.1567,fund_daily,2026-06-04 15:58:09.24947+08
160325.SZ,2026-06-03,1.7820,1.8280,1.7810,1.8180,1.7810,0.0370,2.0800,8744.0400,1588.2298,fund_daily,2026-06-04 15:58:09.24947+08
160326.SZ,2026-06-03,0.9430,0.9680,0.9430,0.9580,0.9530,0.0050,0.5300,2472.0200,237.1665,fund_daily,2026-06-04 15:58:09.24947+08
160416.SZ,2026-06-03,2.0840,2.1010,2.0810,2.0940,2.0600,0.0340,1.6500,216034.4600,45151.9338,fund_daily,2026-06-04 15:58:09.24947+08
160421.SZ,2026-06-03,2.0460,2.0620,2.0460,2.0510,2.0430,0.0080,0.3900,156.0000,31.9841,fund_daily,2026-06-04 15:58:09.24947+08
160505.SZ,2026-06-03,1.2400,1.2470,1.2350,1.2440,1.2450,-0.0010,-0.0800,5136.0200,636.5721,fund_daily,2026-06-04 15:58:09.24947+08
160512.SZ,2026-06-03,3.1640,3.3030,3.1640,3.1910,3.1320,0.0590,1.8800,745.2900,243.9315,fund_daily,2026-06-04 15:58:09.24947+08
160513.SZ,2026-06-03,2.2120,2.2190,2.2120,2.2190,2.2120,0.0070,0.3200,1391.7600,308.7327,fund_daily,2026-06-04 15:58:09.24947+08
160515.SZ,2026-06-03,1.0430,1.0490,1.0430,1.0430,1.0480,-0.0050,-0.4800,117.0000,12.2042,fund_daily,2026-06-04 15:58:09.24947+08
160518.SZ,2026-06-03,2.8190,2.8190,2.8170,2.8180,2.8450,-0.0270,-0.9500,7.0000,1.9727,fund_daily,2026-06-04 15:58:09.24947+08
160526.SZ,2026-06-03,1.3460,1.3480,1.3460,1.3470,1.3350,0.0120,0.9000,11.0000,1.4817,fund_daily,2026-06-04 15:58:09.24947+08
160527.SZ,2026-06-03,0.9540,0.9650,0.9530,0.9610,0.9640,-0.0030,-0.3100,420.2800,40.4151,fund_daily,2026-06-04 15:58:09.24947+08
160529.SZ,2026-06-03,1.6210,1.6480,1.6060,1.6260,1.6050,0.0210,1.3100,268.0000,43.6768,fund_daily,2026-06-04 15:58:09.24947+08
160607.SZ,2026-06-03,0.8870,0.9050,0.8870,0.9030,0.8960,0.0070,0.7800,2397.3600,215.1129,fund_daily,2026-06-04 15:58:09.24947+08
160610.SZ,2026-06-03,1.2800,1.3130,1.2760,1.2890,1.2760,0.0130,1.0200,2104.0000,271.9706,fund_daily,2026-06-04 15:58:09.24947+08
160611.SZ,2026-06-03,1.3330,1.3330,1.3150,1.3260,1.3460,-0.0200,-1.4900,204.0000,26.9040,fund_daily,2026-06-04 15:58:09.24947+08
160613.SZ,2026-06-03,1.1840,1.1840,1.1700,1.1830,1.1820,0.0010,0.0900,23.7100,2.7792,fund_daily,2026-06-04 15:58:09.24947+08
160615.SZ,2026-06-03,1.4790,1.4900,1.4370,1.4650,1.4640,0.0010,0.0700,453.0000,65.9837,fund_daily,2026-06-04 15:58:09.24947+08
160616.SZ,2026-06-03,2.4180,2.4400,2.4180,2.4270,2.3970,0.0300,1.2500,77.6500,18.8472,fund_daily,2026-06-04 15:58:09.24947+08
160618.SZ,2026-06-03,1.6280,1.6280,1.6280,1.6280,1.6280,0.0000,0.0000,12.1300,1.9748,fund_daily,2026-06-04 15:58:09.24947+08
160620.SZ,2026-06-03,3.0080,3.0600,3.0080,3.0530,3.0380,0.0150,0.4900,397.9700,121.4137,fund_daily,2026-06-04 15:58:09.24947+08
160622.SZ,2026-06-03,1.1530,1.1550,1.1530,1.1540,1.1550,-0.0010,-0.0900,1147.0000,132.4094,fund_daily,2026-06-04 15:58:09.24947+08
160625.SZ,2026-06-03,0.7970,0.8050,0.7930,0.8040,0.8050,-0.0010,-0.1200,3143.5600,251.8798,fund_daily,2026-06-04 15:58:09.24947+08
160626.SZ,2026-06-03,1.7170,1.7750,1.7170,1.7320,1.7060,0.0260,1.5200,836.0200,146.7496,fund_daily,2026-06-04 15:58:09.24947+08
160628.SZ,2026-06-03,0.5120,0.5120,0.4960,0.5030,0.5120,-0.0090,-1.7600,2636.9100,131.8621,fund_daily,2026-06-04 15:58:09.24947+08
160629.SZ,2026-06-03,1.1330,1.1440,1.1140,1.1260,1.1440,-0.0180,-1.5700,1138.0300,128.8120,fund_daily,2026-06-04 15:58:09.24947+08
160630.SZ,2026-06-03,1.0880,1.1000,1.0790,1.0790,1.0780,0.0010,0.0900,2318.9700,253.7013,fund_daily,2026-06-04 15:58:09.24947+08
160631.SZ,2026-06-03,1.3140,1.3300,1.3120,1.3180,1.3220,-0.0040,-0.3000,742.4300,97.4664,fund_daily,2026-06-04 15:58:09.24947+08
160632.SZ,2026-06-03,0.2790,0.2800,0.2740,0.2770,0.2800,-0.0030,-1.0700,182212.1500,5021.1032,fund_daily,2026-06-04 15:58:09.24947+08
160633.SZ,2026-06-03,1.0160,1.0290,1.0160,1.0180,1.0170,0.0010,0.1000,1136.6200,116.4837,fund_daily,2026-06-04 15:58:09.24947+08
160635.SZ,2026-06-03,0.8130,0.8180,0.8070,0.8090,0.8210,-0.0120,-1.4600,295.0000,23.9817,fund_daily,2026-06-04 15:58:09.24947+08
160637.SZ,2026-06-03,1.8500,1.9070,1.8480,1.8890,1.8390,0.0500,2.7200,2112.5900,395.8799,fund_daily,2026-06-04 15:58:09.24947+08
160638.SZ,2026-06-03,3.3120,3.3800,3.3120,3.3450,3.3130,0.0320,0.9700,585.0500,197.1086,fund_daily,2026-06-04 15:58:09.24947+08
160639.SZ,2026-06-03,0.8630,0.8630,0.8570,0.8570,0.8630,-0.0060,-0.7000,1233.0000,105.9218,fund_daily,2026-06-04 15:58:09.24947+08
160641.SZ,2026-06-03,108.4990,108.7990,107.5030,108.7990,108.5870,0.2120,0.2000,12.0000,130.1485,fund_daily,2026-06-04 15:58:09.24947+08
160642.SZ,2026-06-03,2.3820,2.4780,2.3820,2.4760,2.3580,0.1180,5.0000,44.1100,10.7582,fund_daily,2026-06-04 15:58:09.24947+08
160643.SZ,2026-06-03,1.2870,1.3110,1.2870,1.2960,1.2870,0.0090,0.7000,7465.1700,971.0688,fund_daily,2026-06-04 15:58:09.24947+08
160644.SZ,2026-06-03,2.3920,2.4160,2.3000,2.3070,2.3870,-0.0800,-3.3500,7359501.5400,1742058.2812,fund_daily,2026-06-04 15:58:09.24947+08
160706.SZ,2026-06-03,1.2450,1.2620,1.2420,1.2520,1.2450,0.0070,0.5600,16016.0000,2009.1878,fund_daily,2026-06-04 15:58:09.24947+08
160716.SZ,2026-06-03,2.0470,2.0480,2.0320,2.0380,2.0490,-0.0110,-0.5400,233.0000,47.4871,fund_daily,2026-06-04 15:58:09.24947+08
160717.SZ,2026-06-03,0.7390,0.7410,0.7310,0.7320,0.7420,-0.0100,-1.3500,1235.0000,90.5606,fund_daily,2026-06-04 15:58:09.24947+08
160719.SZ,2026-06-03,1.9910,1.9980,1.9860,1.9880,2.0190,-0.0310,-1.5400,48965.1900,9749.2001,fund_daily,2026-06-04 15:58:09.24947+08
160722.SZ,2026-06-03,2.2080,2.2520,2.2080,2.2500,2.2300,0.0200,0.9000,187.7600,42.0742,fund_daily,2026-06-04 15:58:09.24947+08
160723.SZ,2026-06-03,2.2230,2.2660,2.2010,2.2530,2.1760,0.0770,3.5400,2819830.1700,630606.8272,fund_daily,2026-06-04 15:58:09.24947+08
160726.SZ,2026-06-03,1.1640,1.1720,1.1620,1.1690,1.1620,0.0070,0.6000,5887.6600,689.5594,fund_daily,2026-06-04 15:58:09.24947+08
160805.SZ,2026-06-03,0.7920,0.7980,0.7860,0.7860,0.7850,0.0010,0.1300,38.0000,3.0066,fund_daily,2026-06-04 15:58:09.24947+08
160806.SZ,2026-06-03,2.1680,2.1850,2.1680,2.1850,2.1470,0.0380,1.7700,13.0100,2.8328,fund_daily,2026-06-04 15:58:09.24947+08
160807.SZ,2026-06-03,2.0000,2.0260,1.9910,1.9910,2.0100,-0.0190,-0.9500,114.0000,22.9006,fund_daily,2026-06-04 15:58:09.24947+08
160812.SZ,2026-06-03,2.5380,2.5630,2.4870,2.5140,2.5130,0.0010,0.0400,276.8000,69.4853,fund_daily,2026-06-04 15:58:09.24947+08
160813.SZ,2026-06-03,2.0070,2.0560,2.0020,2.0280,1.9910,0.0370,1.8600,1668.8600,339.9686,fund_daily,2026-06-04 15:58:09.24947+08
160910.SZ,2026-06-03,0.9120,0.9140,0.9120,0.9140,0.9200,-0.0060,-0.6500,90.0000,8.2258,fund_daily,2026-06-04 15:58:09.24947+08
160916.SZ,2026-06-03,4.2570,4.3320,4.2570,4.2680,4.2970,-0.0290,-0.6800,678.5800,290.2313,fund_daily,2026-06-04 15:58:09.24947+08
160918.SZ,2026-06-03,2.5210,2.5550,2.5210,2.5360,2.5370,-0.0010,-0.0400,251.0000,63.3046,fund_daily,2026-06-04 15:58:09.24947+08
160919.SZ,2026-06-03,3.7450,3.7790,3.7450,3.7790,3.7820,-0.0030,-0.0800,1012.0000,379.7455,fund_daily,2026-06-04 15:58:09.24947+08
160921.SZ,2026-06-03,1.3640,1.3640,1.3370,1.3630,1.3780,-0.0150,-1.0900,8.0000,1.0842,fund_daily,2026-06-04 15:58:09.24947+08
160924.SZ,2026-06-03,1.0230,1.0230,1.0110,1.0130,1.0220,-0.0090,-0.8800,2387.2600,242.2639,fund_daily,2026-06-04 15:58:09.24947+08
160925.SZ,2026-06-03,1.3590,1.3650,1.3590,1.3600,1.3530,0.0070,0.5200,133.7100,18.2076,fund_daily,2026-06-04 15:58:09.24947+08
160926.SZ,2026-06-03,1.1310,1.1450,1.1250,1.1390,1.1300,0.0090,0.8000,2805.0000,318.9067,fund_daily,2026-06-04 15:58:09.24947+08
161005.SZ,2026-06-03,3.1710,3.1920,3.1430,3.1630,3.1710,-0.0080,-0.2500,41818.8300,13269.1124,fund_daily,2026-06-04 15:58:09.24947+08
161010.SZ,2026-06-03,1.2040,1.2120,1.2040,1.2100,1.2040,0.0060,0.5000,1079.0800,130.5666,fund_daily,2026-06-04 15:58:09.24947+08
161014.SZ,2026-06-03,1.4690,1.4690,1.4690,1.4690,1.4690,0.0000,0.0000,459.0000,67.4271,fund_daily,2026-06-04 15:58:09.24947+08
161015.SZ,2026-06-03,1.3050,1.3060,1.3050,1.3060,1.3080,-0.0020,-0.1500,17.0000,2.2193,fund_daily,2026-06-04 15:58:09.24947+08
161017.SZ,2026-06-03,2.7730,2.7800,2.7480,2.7670,2.7480,0.0190,0.6900,2208.9100,611.8786,fund_daily,2026-06-04 15:58:09.24947+08
161019.SZ,2026-06-03,1.2240,1.2240,1.2240,1.2240,1.2190,0.0050,0.4100,2.0000,0.2448,fund_daily,2026-06-04 15:58:09.24947+08
161024.SZ,2026-06-03,1.2290,1.2530,1.2250,1.2370,1.2260,0.0110,0.9000,11497.8700,1424.8516,fund_daily,2026-06-04 15:58:09.24947+08
161025.SZ,2026-06-03,1.4860,1.5450,1.4860,1.5100,1.5000,0.0100,0.6700,2556.2800,391.2627,fund_daily,2026-06-04 15:58:09.24947+08
161026.SZ,2026-06-03,1.1910,1.2070,1.1910,1.1930,1.2000,-0.0070,-0.5800,4558.3500,547.9538,fund_daily,2026-06-04 15:58:09.24947+08
161027.SZ,2026-06-03,0.9760,0.9890,0.9740,0.9850,0.9850,0.0000,0.0000,4260.4400,418.3626,fund_daily,2026-06-04 15:58:09.24947+08
161028.SZ,2026-06-03,1.2160,1.2160,1.1950,1.2000,1.2150,-0.0150,-1.2400,6500.2800,782.3458,fund_daily,2026-06-04 15:58:09.24947+08
161029.SZ,2026-06-03,1.7040,1.7310,1.6910,1.7030,1.7200,-0.0170,-0.9900,1231.0000,209.4900,fund_daily,2026-06-04 15:58:09.24947+08
161030.SZ,2026-06-03,1.0460,1.0460,1.0290,1.0360,1.0460,-0.0100,-0.9600,3475.7700,360.2392,fund_daily,2026-06-04 15:58:09.24947+08
161031.SZ,2026-06-03,1.6170,1.6720,1.6120,1.6390,1.6080,0.0310,1.9300,9472.4000,1557.2360,fund_daily,2026-06-04 15:58:09.24947+08
161032.SZ,2026-06-03,2.3900,2.5260,2.3770,2.5020,2.4340,0.0680,2.7900,43623.8200,10642.5895,fund_daily,2026-06-04 15:58:09.24947+08
161033.SZ,2026-06-03,1.9850,1.9950,1.9820,1.9950,1.9750,0.0200,1.0100,83.0000,16.4884,fund_daily,2026-06-04 15:58:09.24947+08
161035.SZ,2026-06-03,1.1650,1.1720,1.1270,1.1400,1.1770,-0.0370,-3.1400,3908.7800,447.0267,fund_daily,2026-06-04 15:58:09.24947+08
161036.SZ,2026-06-03,0.6870,0.6930,0.6830,0.6840,0.6940,-0.0100,-1.4400,190.1500,12.9960,fund_daily,2026-06-04 15:58:09.24947+08
161037.SZ,2026-06-03,3.0240,3.0990,3.0240,3.0430,2.9970,0.0460,1.5400,549.5200,167.7381,fund_daily,2026-06-04 15:58:09.24947+08
161038.SZ,2026-06-03,1.7540,1.7780,1.7400,1.7540,1.7710,-0.0170,-0.9600,75.0000,13.2313,fund_daily,2026-06-04 15:58:09.24947+08
161039.SZ,2026-06-03,2.8670,2.9180,2.8670,2.8960,2.8680,0.0280,0.9800,670.0000,193.5324,fund_daily,2026-06-04 15:58:09.24947+08
161040.SZ,2026-06-03,2.4400,2.5300,2.4400,2.4800,2.4300,0.0500,2.0600,7475.0100,1861.4993,fund_daily,2026-06-04 15:58:09.24947+08
161115.SZ,2026-06-03,1.7510,1.7510,1.7500,1.7510,1.7510,0.0000,0.0000,28610.0000,5008.5505,fund_daily,2026-06-04 15:58:09.24947+08
161116.SZ,2026-06-03,1.6590,1.6680,1.6530,1.6560,1.6830,-0.0270,-1.6000,76291.7300,12657.6072,fund_daily,2026-06-04 15:58:09.24947+08
161117.SZ,2026-06-03,1.0440,1.0440,1.0430,1.0440,1.0440,0.0000,0.0000,353.0000,36.8482,fund_daily,2026-06-04 15:58:09.24947+08
161118.SZ,2026-06-03,1.6880,1.6960,1.6620,1.6800,1.6710,0.0090,0.5400,129.2600,21.8032,fund_daily,2026-06-04 15:58:09.24947+08
161119.SZ,2026-06-03,1.7870,1.7880,1.7870,1.7880,1.7880,0.0000,0.0000,47978.5000,8577.1186,fund_daily,2026-06-04 15:58:09.24947+08
161121.SZ,2026-06-03,1.5620,1.5640,1.5540,1.5630,1.5720,-0.0090,-0.5700,1376.5100,214.6643,fund_daily,2026-06-04 15:58:09.24947+08
161122.SZ,2026-06-03,0.5020,0.5020,0.4930,0.4940,0.5030,-0.0090,-1.7900,1974.3900,98.2559,fund_daily,2026-06-04 15:58:09.24947+08
161123.SZ,2026-06-03,1.5600,1.5700,1.5520,1.5610,1.5600,0.0010,0.0600,967.1900,151.3741,fund_daily,2026-06-04 15:58:09.24947+08
161124.SZ,2026-06-03,1.0260,1.0280,1.0160,1.0190,1.0250,-0.0060,-0.5900,43518.2400,4453.9230,fund_daily,2026-06-04 15:58:09.24947+08
161125.SZ,2026-06-03,3.2510,3.2560,3.1850,3.1990,3.2400,-0.0410,-1.2700,102723.5900,33131.3609,fund_daily,2026-06-04 15:58:09.24947+08
161126.SZ,2026-06-03,1.8370,1.8450,1.8270,1.8300,1.8530,-0.0230,-1.2400,6732.0200,1232.8489,fund_daily,2026-06-04 15:58:09.24947+08
161127.SZ,2026-06-03,1.7160,1.7300,1.7160,1.7250,1.7780,-0.0530,-2.9800,69314.1000,11940.6275,fund_daily,2026-06-04 15:58:09.24947+08
161128.SZ,2026-06-03,7.5430,7.6200,7.4300,7.5010,7.5450,-0.0440,-0.5800,411843.3300,311399.2028,fund_daily,2026-06-04 15:58:09.24947+08
161129.SZ,2026-06-03,1.8520,1.8730,1.8340,1.8620,1.8180,0.0440,2.4200,2481609.9300,459130.4603,fund_daily,2026-06-04 15:58:09.24947+08
161130.SZ,2026-06-03,4.9210,4.9440,4.7770,4.8570,4.8900,-0.0330,-0.6800,196182.2100,95549.5890,fund_daily,2026-06-04 15:58:09.24947+08
161131.SZ,2026-06-03,0.9270,0.9500,0.9270,0.9360,0.9220,0.0140,1.5200,3936.0100,368.1258,fund_daily,2026-06-04 15:58:09.24947+08
161132.SZ,2026-06-03,2.9870,3.0660,2.9870,3.0360,2.9790,0.0570,1.9100,4163.0000,1254.8967,fund_daily,2026-06-04 15:58:09.24947+08
161133.SZ,2026-06-03,1.8260,1.8440,1.8250,1.8300,1.8430,-0.0130,-0.7100,987.0400,181.4641,fund_daily,2026-06-04 15:58:09.24947+08
161216.SZ,2026-06-03,1.3950,1.3950,1.3930,1.3940,1.3950,-0.0010,-0.0700,369.6500,51.5445,fund_daily,2026-06-04 15:58:09.24947+08
161217.SZ,2026-06-03,2.3230,2.3720,2.3230,2.3720,2.3460,0.0260,1.1100,3468.7500,816.9187,fund_daily,2026-06-04 15:58:09.24947+08
161219.SZ,2026-06-03,3.0590,3.0680,3.0290,3.0290,3.0300,-0.0010,-0.0300,193.2200,59.2464,fund_daily,2026-06-04 15:58:09.24947+08
161222.SZ,2026-06-03,2.8580,2.8850,2.8080,2.8600,2.8780,-0.0180,-0.6300,375.4200,106.9483,fund_daily,2026-06-04 15:58:09.24947+08
161224.SZ,2026-06-03,1.2320,1.2510,1.2280,1.2290,1.2380,-0.0090,-0.7300,38.3600,4.7383,fund_daily,2026-06-04 15:58:09.24947+08
161225.SZ,2026-06-03,2.5390,2.5580,2.5170,2.5250,2.5340,-0.0090,-0.3600,1084.5100,276.0297,fund_daily,2026-06-04 15:58:09.24947+08
161226.SZ,2026-06-03,2.1750,2.2130,2.1570,2.1870,2.2460,-0.0590,-2.6300,1084616.0500,236985.1776,fund_daily,2026-06-04 15:58:09.24947+08
161227.SZ,2026-06-03,1.8150,1.8550,1.8100,1.8140,1.8080,0.0060,0.3300,9663.1800,1774.6722,fund_daily,2026-06-04 15:58:09.24947+08
161229.SZ,2026-06-03,1.4280,1.4280,1.4010,1.4010,1.4280,-0.0270,-1.8900,22.8400,3.2177,fund_daily,2026-06-04 15:58:09.24947+08
161232.SZ,2026-06-03,1.3650,1.3650,1.3570,1.3570,1.3510,0.0060,0.4400,6.0000,0.8158,fund_daily,2026-06-04 15:58:09.24947+08
161233.SZ,2026-06-03,1.8560,1.8560,1.8500,1.8500,1.8390,0.0110,0.6000,143.0000,26.5245,fund_daily,2026-06-04 15:58:09.24947+08
161505.SZ,2026-06-03,1.4300,1.4380,1.4300,1.4340,1.4300,0.0040,0.2800,2351.5900,336.9879,fund_daily,2026-06-04 15:58:09.24947+08
161607.SZ,2026-06-03,1.2270,1.2390,1.2190,1.2320,1.2150,0.0170,1.4000,767.0000,94.5326,fund_daily,2026-06-04 15:58:09.24947+08
161610.SZ,2026-06-03,2.0690,2.1470,2.0690,2.1010,2.0590,0.0420,2.0400,2017.1000,431.1382,fund_daily,2026-06-04 15:58:09.24947+08
161626.SZ,2026-06-03,1.1050,1.1160,1.1050,1.1160,1.1160,0.0000,0.0000,4.0000,0.4431,fund_daily,2026-06-04 15:58:09.24947+08
161631.SZ,2026-06-03,3.0670,3.2230,3.0670,3.1590,3.0650,0.0940,3.0700,15377.5300,4883.5269,fund_daily,2026-06-04 15:58:09.24947+08
161706.SZ,2026-06-03,4.1640,4.1640,4.1220,4.1300,4.2060,-0.0760,-1.8100,238.0000,98.5576,fund_daily,2026-06-04 15:58:09.24947+08
161713.SZ,2026-06-03,1.0730,1.0750,1.0670,1.0750,1.0690,0.0060,0.5600,544.3400,58.3766,fund_daily,2026-06-04 15:58:09.24947+08
161715.SZ,2026-06-03,2.3460,2.3770,2.3300,2.3610,2.3460,0.0150,0.6400,7758.7100,1830.3457,fund_daily,2026-06-04 15:58:09.24947+08
161716.SZ,2026-06-03,1.6450,1.6470,1.6440,1.6470,1.6450,0.0020,0.1200,54914.5300,9036.1157,fund_daily,2026-06-04 15:58:09.24947+08
161720.SZ,2026-06-03,1.0860,1.1030,1.0860,1.0980,1.0960,0.0020,0.1800,1999.6400,219.2699,fund_daily,2026-06-04 15:58:09.24947+08
161722.SZ,2026-06-03,1.6190,1.6820,1.6190,1.6550,1.6340,0.0210,1.2900,46.0000,7.5156,fund_daily,2026-06-04 15:58:09.24947+08
161724.SZ,2026-06-03,2.5050,2.6540,2.4560,2.6230,2.5450,0.0780,3.0700,11823.2400,3030.9050,fund_daily,2026-06-04 15:58:09.24947+08
161725.SZ,2026-06-03,0.5720,0.5740,0.5620,0.5690,0.5750,-0.0060,-1.0400,1282735.0300,72628.1368,fund_daily,2026-06-04 15:58:09.24947+08
161726.SZ,2026-06-03,0.3500,0.3520,0.3470,0.3480,0.3520,-0.0040,-1.1400,58479.0000,2036.7327,fund_daily,2026-06-04 15:58:09.24947+08
161729.SZ,2026-06-03,1.9620,1.9820,1.9430,1.9820,1.9820,0.0000,0.0000,122.0000,23.7181,fund_daily,2026-06-04 15:58:09.24947+08
161810.SZ,2026-06-03,4.3200,4.3530,4.2730,4.3230,4.3130,0.0100,0.2300,7959.9200,3430.8052,fund_daily,2026-06-04 15:58:09.24947+08
161811.SZ,2026-06-03,1.1050,1.1140,1.1050,1.1080,1.1030,0.0050,0.4500,1131.0000,125.3166,fund_daily,2026-06-04 15:58:09.24947+08
161812.SZ,2026-06-03,1.5300,1.5670,1.5280,1.5410,1.5300,0.0110,0.7200,6769.7400,1051.4510,fund_daily,2026-06-04 15:58:09.24947+08
161815.SZ,2026-06-03,1.1070,1.1160,1.1060,1.1140,1.1070,0.0070,0.6300,47088.9800,5229.9595,fund_daily,2026-06-04 15:58:09.24947+08
161816.SZ,2026-06-03,0.9980,1.0110,0.9960,1.0040,0.9940,0.0100,1.0100,434.6700,43.5318,fund_daily,2026-06-04 15:58:09.24947+08
161820.SZ,2026-06-03,1.1550,1.1580,1.1540,1.1550,1.1580,-0.0030,-0.2600,70.0000,8.0917,fund_daily,2026-06-04 15:58:09.24947+08
161831.SZ,2026-06-03,0.7550,0.7550,0.7430,0.7440,0.7530,-0.0090,-1.2000,2588.0000,192.9101,fund_daily,2026-06-04 15:58:09.24947+08
161834.SZ,2026-06-03,1.7900,1.8170,1.7900,1.8070,1.8050,0.0020,0.1100,152.0000,27.4126,fund_daily,2026-06-04 15:58:09.24947+08
161837.SZ,2026-06-03,1.1330,1.1400,1.1330,1.1340,1.1400,-0.0060,-0.5300,248.0000,28.1223,fund_daily,2026-06-04 15:58:09.24947+08
161903.SZ,2026-06-03,1.5700,1.6360,1.5700,1.6150,1.5860,0.0290,1.8300,43738.5700,7048.8831,fund_daily,2026-06-04 15:58:09.24947+08
161908.SZ,2026-06-03,1.2300,1.2300,1.2210,1.2210,1.2220,-0.0010,-0.0800,28.6100,3.4951,fund_daily,2026-06-04 15:58:09.24947+08
161912.SZ,2026-06-03,4.2370,4.3480,4.2370,4.3270,4.2370,0.0900,2.1200,14269.1100,6142.6142,fund_daily,2026-06-04 15:58:09.24947+08
161914.SZ,2026-06-03,0.8690,0.8850,0.8590,0.8700,0.8680,0.0020,0.2300,14440.8000,1267.4949,fund_daily,2026-06-04 15:58:09.24947+08
162006.SZ,2026-06-03,1.9280,1.9900,1.9280,1.9600,1.9410,0.0190,0.9800,810.6800,159.4931,fund_daily,2026-06-04 15:58:09.24947+08
162105.SZ,2026-06-03,1.5440,1.5440,1.5440,1.5440,1.5180,0.0260,1.7100,21.0000,3.2424,fund_daily,2026-06-04 15:58:09.24947+08
162207.SZ,2026-06-03,1.4170,1.4170,1.4160,1.4160,1.4040,0.0120,0.8600,13.0000,1.8420,fund_daily,2026-06-04 15:58:09.24947+08
162215.SZ,2026-06-03,1.0920,1.0930,1.0920,1.0920,1.0920,0.0000,0.0000,220.4500,24.0799,fund_daily,2026-06-04 15:58:09.24947+08
162216.SZ,2026-06-03,1.7190,1.7330,1.7160,1.7170,1.7160,0.0010,0.0600,15.0000,2.5838,fund_daily,2026-06-04 15:58:09.24947+08
162307.SZ,2026-06-03,1.6390,1.6440,1.6280,1.6290,1.6280,0.0010,0.0600,25.0000,4.0789,fund_daily,2026-06-04 15:58:09.24947+08
162411.SZ,2026-06-03,0.8870,0.8900,0.8840,0.8890,0.8750,0.0140,1.6000,1732398.6300,153698.2770,fund_daily,2026-06-04 15:58:09.24947+08
162412.SZ,2026-06-03,0.5400,0.5420,0.5350,0.5350,0.5430,-0.0080,-1.4700,14420.6900,774.8221,fund_daily,2026-06-04 15:58:09.24947+08
162414.SZ,2026-06-03,1.9400,1.9400,1.9370,1.9370,1.9370,0.0000,0.0000,7.0000,1.3571,fund_daily,2026-06-04 15:58:09.24947+08
162415.SZ,2026-06-03,2.9480,2.9490,2.8910,2.8910,2.9620,-0.0710,-2.4000,50233.8100,14639.7738,fund_daily,2026-06-04 15:58:09.24947+08
162509.SZ,2026-06-03,1.0570,1.0740,1.0550,1.0550,1.0540,0.0010,0.1000,144.0200,15.3012,fund_daily,2026-06-04 15:58:09.24947+08
162605.SZ,2026-06-03,1.6740,1.7160,1.6740,1.7050,1.6720,0.0330,1.9700,47099.3300,8007.6637,fund_daily,2026-06-04 15:58:09.24947+08
162607.SZ,2026-06-03,0.5110,0.5160,0.5050,0.5100,0.5140,-0.0040,-0.7800,1108.0000,56.4325,fund_daily,2026-06-04 15:58:09.24947+08
162703.SZ,2026-06-03,2.2430,2.3150,2.2360,2.2800,2.2200,0.0600,2.7000,44288.9100,10078.3757,fund_daily,2026-06-04 15:58:09.24947+08
162711.SZ,2026-06-03,1.9590,1.9750,1.9590,1.9710,1.9750,-0.0040,-0.2000,323.0000,63.6961,fund_daily,2026-06-04 15:58:09.24947+08
162715.SZ,2026-06-03,1.1900,1.1920,1.1900,1.1910,1.1900,0.0010,0.0800,3493.7500,415.8434,fund_daily,2026-06-04 15:58:09.24947+08
162719.SZ,2026-06-03,2.6850,2.7050,2.6830,2.7030,2.6490,0.0540,2.0400,226986.8500,61152.5106,fund_daily,2026-06-04 15:58:09.24947+08
162720.SZ,2026-06-03,1.4350,1.4950,1.4350,1.4680,1.4370,0.0310,2.1600,11692.0000,1716.8603,fund_daily,2026-06-04 15:58:09.24947+08
162721.SZ,2026-06-03,1.3770,1.3770,1.3360,1.3480,1.3910,-0.0430,-3.0900,61.7000,8.2989,fund_daily,2026-06-04 15:58:09.24947+08
163001.SZ,2026-06-03,1.2920,1.2930,1.2920,1.2920,1.2880,0.0040,0.3100,17.0000,2.1970,fund_daily,2026-06-04 15:58:09.24947+08
163005.SZ,2026-06-03,1.0290,1.0290,1.0240,1.0240,1.0270,-0.0030,-0.2900,2.0000,0.2053,fund_daily,2026-06-04 15:58:09.24947+08
163109.SZ,2026-06-03,0.8490,0.8720,0.8470,0.8540,0.8480,0.0060,0.7100,5537.9100,477.7051,fund_daily,2026-06-04 15:58:09.24947+08
163110.SZ,2026-06-03,2.4580,2.4580,2.4380,2.4380,2.4570,-0.0190,-0.7700,515.7300,126.5264,fund_daily,2026-06-04 15:58:09.24947+08
163111.SZ,2026-06-03,1.6570,1.6850,1.6570,1.6580,1.6680,-0.0100,-0.6000,41.0000,6.8206,fund_daily,2026-06-04 15:58:09.24947+08
163113.SZ,2026-06-03,0.8760,0.8890,0.8760,0.8780,0.8840,-0.0060,-0.6800,1481.6900,130.9684,fund_daily,2026-06-04 15:58:09.24947+08
163114.SZ,2026-06-03,1.4320,1.4440,1.4160,1.4190,1.4300,-0.0110,-0.7700,429.8300,61.1578,fund_daily,2026-06-04 15:58:09.24947+08
163115.SZ,2026-06-03,1.2400,1.2460,1.2310,1.2330,1.2300,0.0030,0.2400,92.2800,11.4322,fund_daily,2026-06-04 15:58:09.24947+08
163116.SZ,2026-06-03,2.0680,2.1650,2.0670,2.1090,2.0680,0.0410,1.9800,1812.1100,382.0339,fund_daily,2026-06-04 15:58:09.24947+08
163118.SZ,2026-06-03,0.6110,0.6110,0.6000,0.6020,0.6100,-0.0080,-1.3100,934.0000,56.3530,fund_daily,2026-06-04 15:58:09.24947+08
163208.SZ,2026-06-03,1.3050,1.3140,1.3050,1.3140,1.2890,0.0250,1.9400,44139.9800,5773.7800,fund_daily,2026-06-04 15:58:09.24947+08
163302.SZ,2026-06-03,1.1350,1.1350,1.1210,1.1350,1.1300,0.0050,0.4400,112.0000,12.5720,fund_daily,2026-06-04 15:58:09.24947+08
163402.SZ,2026-06-03,0.9060,0.9230,0.9020,0.9150,0.9090,0.0060,0.6600,95210.8300,8714.7193,fund_daily,2026-06-04 15:58:09.24947+08
163406.SZ,2026-06-03,2.5550,2.6210,2.5550,2.5900,2.5520,0.0380,1.4900,53224.7800,13827.5949,fund_daily,2026-06-04 15:58:09.24947+08
163407.SZ,2026-06-03,2.6760,2.7100,2.6760,2.6890,2.6790,0.0100,0.3700,3986.0000,1074.4663,fund_daily,2026-06-04 15:58:09.24947+08
163409.SZ,2026-06-03,1.6570,1.6820,1.6570,1.6680,1.6700,-0.0020,-0.1200,947.7700,158.3951,fund_daily,2026-06-04 15:58:09.24947+08
163412.SZ,2026-06-03,4.3000,4.3380,4.2390,4.2900,4.2560,0.0340,0.8000,4158.3900,1788.8691,fund_daily,2026-06-04 15:58:09.24947+08
163415.SZ,2026-06-03,5.3730,5.4300,5.3400,5.4000,5.3730,0.0270,0.5000,15779.2700,8494.2121,fund_daily,2026-06-04 15:58:09.24947+08
163417.SZ,2026-06-03,2.1810,2.2070,2.1780,2.1900,2.1820,0.0080,0.3700,100968.4100,22147.7937,fund_daily,2026-06-04 15:58:09.24947+08
163418.SZ,2026-06-03,0.9290,0.9490,0.9290,0.9370,0.9290,0.0080,0.8600,9739.9700,918.4249,fund_daily,2026-06-04 15:58:09.24947+08
163503.SZ,2026-06-03,0.4560,0.4700,0.4560,0.4640,0.4610,0.0030,0.6500,6895.7200,319.4817,fund_daily,2026-06-04 15:58:09.24947+08
163801.SZ,2026-06-03,0.9610,0.9900,0.9610,0.9720,0.9510,0.0210,2.2100,4878.2700,476.3240,fund_daily,2026-06-04 15:58:09.24947+08
163819.SZ,2026-06-03,1.2070,1.2130,1.2040,1.2110,1.2100,0.0010,0.0800,133.7000,16.1664,fund_daily,2026-06-04 15:58:09.24947+08
163907.SZ,2026-06-03,0.8040,0.8040,0.8040,0.8040,0.8040,0.0000,0.0000,17.8900,1.4384,fund_daily,2026-06-04 15:58:09.24947+08
164206.SZ,2026-06-03,1.6580,1.6580,1.6580,1.6580,1.6590,-0.0010,-0.0600,79.0000,13.0982,fund_daily,2026-06-04 15:58:09.24947+08
164210.SZ,2026-06-03,1.2560,1.2560,1.2560,1.2560,1.2560,0.0000,0.0000,24.0000,3.0144,fund_daily,2026-06-04 15:58:09.24947+08
164403.SZ,2026-06-03,0.9260,0.9260,0.9090,0.9160,0.9260,-0.0100,-1.0800,2013.0600,183.8985,fund_daily,2026-06-04 15:58:09.24947+08
164508.SZ,2026-06-03,1.3800,1.4070,1.3800,1.3850,1.3850,0.0000,0.0000,243.0000,33.8479,fund_daily,2026-06-04 15:58:09.24947+08
164509.SZ,2026-06-03,0.7280,0.7280,0.7280,0.7280,0.7280,0.0000,0.0000,11.0000,0.8008,fund_daily,2026-06-04 15:58:09.24947+08
164606.SZ,2026-06-03,1.2320,1.2320,1.2320,1.2320,1.2400,-0.0080,-0.6500,10.0000,1.2320,fund_daily,2026-06-04 15:58:09.24947+08
164701.SZ,2026-06-03,1.7500,1.7550,1.7430,1.7440,1.7720,-0.0280,-1.5800,92368.4100,16141.1872,fund_daily,2026-06-04 15:58:09.24947+08
164703.SZ,2026-06-03,0.8680,0.8680,0.8650,0.8680,0.8690,-0.0010,-0.1200,14.0000,1.2142,fund_daily,2026-06-04 15:58:09.24947+08
164705.SZ,2026-06-03,1.1570,1.1570,1.1410,1.1430,1.1570,-0.0140,-1.2100,806.0000,92.2387,fund_daily,2026-06-04 15:58:09.24947+08
164808.SZ,2026-06-03,1.1120,1.1120,1.1120,1.1120,1.1100,0.0020,0.1800,346.0100,38.4763,fund_daily,2026-06-04 15:58:09.24947+08
164810.SZ,2026-06-03,1.0250,1.0250,1.0250,1.0250,1.0250,0.0000,0.0000,1050.0000,107.6250,fund_daily,2026-06-04 15:58:09.24947+08
164814.SZ,2026-06-03,1.2090,1.2100,1.2090,1.2100,1.2070,0.0030,0.2500,10.0000,1.2098,fund_daily,2026-06-04 15:58:09.24947+08
164824.SZ,2026-06-03,1.2670,1.2700,1.2490,1.2550,1.2640,-0.0090,-0.7100,189354.7100,23802.7672,fund_daily,2026-06-04 15:58:09.24947+08
164902.SZ,2026-06-03,1.1650,1.1790,1.1650,1.1790,1.1760,0.0030,0.2600,10.2200,1.2033,fund_daily,2026-06-04 15:58:09.24947+08
164906.SZ,2026-06-03,1.0120,1.0120,0.9860,0.9880,1.0110,-0.0230,-2.2800,126114.7400,12530.7762,fund_daily,2026-06-04 15:58:09.24947+08
165309.SZ,2026-06-03,2.0310,2.0470,2.0190,2.0460,2.0190,0.0270,1.3400,160.7500,32.7164,fund_daily,2026-06-04 15:58:09.24947+08
165313.SZ,2026-06-03,4.5090,4.6490,4.5090,4.6000,4.4430,0.1570,3.5300,1377.9000,633.9473,fund_daily,2026-06-04 15:58:09.24947+08
165508.SZ,2026-06-03,2.1300,2.1300,2.1280,2.1290,2.1500,-0.0210,-0.9800,6.8500,1.4583,fund_daily,2026-06-04 15:58:09.24947+08
165509.SZ,2026-06-03,1.2540,1.2550,1.2440,1.2510,1.2560,-0.0050,-0.4000,4.0000,0.5008,fund_daily,2026-06-04 15:58:09.24947+08
165511.SZ,2026-06-03,2.3400,2.3400,2.3170,2.3170,2.3170,0.0000,0.0000,106.2400,24.7039,fund_daily,2026-06-04 15:58:09.24947+08
165512.SZ,2026-06-03,1.2400,1.2600,1.2400,1.2600,1.2530,0.0070,0.5600,21.0000,2.6149,fund_daily,2026-06-04 15:58:09.24947+08
165513.SZ,2026-06-03,1.0520,1.0640,1.0520,1.0530,1.0710,-0.0180,-1.6800,7424.3000,783.1625,fund_daily,2026-06-04 15:58:09.24947+08
165515.SZ,2026-06-03,1.3640,1.3740,1.3610,1.3610,1.3600,0.0010,0.0700,254.1600,34.7237,fund_daily,2026-06-04 15:58:09.24947+08
165516.SZ,2026-06-03,8.7830,9.0650,8.7830,8.8750,8.7830,0.0920,1.0500,1059.4300,947.7101,fund_daily,2026-06-04 15:58:09.24947+08
165519.SZ,2026-06-03,0.9200,0.9280,0.9120,0.9120,0.9290,-0.0170,-1.8300,191.0000,17.5458,fund_daily,2026-06-04 15:58:09.24947+08
165520.SZ,2026-06-03,2.9820,3.0270,2.9410,2.9750,2.9810,-0.0060,-0.2000,6824.3700,2051.5233,fund_daily,2026-06-04 15:58:09.24947+08
165521.SZ,2026-06-03,1.1940,1.2100,1.1930,1.1940,1.2050,-0.0110,-0.9100,36.0600,4.3402,fund_daily,2026-06-04 15:58:09.24947+08
165522.SZ,2026-06-03,1.4720,1.5250,1.4670,1.4760,1.4570,0.0190,1.3000,716.9000,106.4719,fund_daily,2026-06-04 15:58:09.24947+08
165525.SZ,2026-06-03,0.7500,0.7510,0.7440,0.7460,0.7510,-0.0050,-0.6700,2158.0000,161.2255,fund_daily,2026-06-04 15:58:09.24947+08
165528.SZ,2026-06-03,2.7300,2.8810,2.7300,2.8470,2.7030,0.1440,5.3300,5394.9700,1525.8764,fund_daily,2026-06-04 15:58:09.24947+08
166001.SZ,2026-06-03,1.7320,1.7460,1.7140,1.7380,1.7260,0.0120,0.7000,4903.0000,851.2011,fund_daily,2026-06-04 15:58:09.24947+08
166006.SZ,2026-06-03,2.5070,2.5330,2.4690,2.5160,2.4830,0.0330,1.3300,703.0000,176.1979,fund_daily,2026-06-04 15:58:09.24947+08
166008.SZ,2026-06-03,1.1500,1.1530,1.1500,1.1530,1.1500,0.0030,0.2600,33.0000,3.7974,fund_daily,2026-06-04 15:58:09.24947+08
166009.SZ,2026-06-03,3.7440,3.7440,3.7440,3.7440,3.7360,0.0080,0.2100,5.0000,1.8720,fund_daily,2026-06-04 15:58:09.24947+08
166011.SZ,2026-06-03,2.1500,2.2140,2.1400,2.1780,2.1400,0.0380,1.7800,8684.9700,1902.2652,fund_daily,2026-06-04 15:58:09.24947+08
166016.SZ,2026-06-03,1.1220,1.1240,1.1130,1.1220,1.1230,-0.0010,-0.0900,558.0000,62.5855,fund_daily,2026-06-04 15:58:09.24947+08
166023.SZ,2026-06-03,1.5400,1.5770,1.5400,1.5580,1.5330,0.0250,1.6300,4848.6500,758.4209,fund_daily,2026-06-04 15:58:09.24947+08
166024.SZ,2026-06-03,1.1040,1.1040,1.0920,1.0940,1.1030,-0.0090,-0.8200,409.0000,44.7498,fund_daily,2026-06-04 15:58:09.24947+08
166025.SZ,2026-06-03,0.6660,0.6660,0.6600,0.6620,0.6620,0.0000,0.0000,916.0000,60.5932,fund_daily,2026-06-04 15:58:09.24947+08
166027.SZ,2026-06-03,0.9660,0.9730,0.9650,0.9660,0.9680,-0.0020,-0.2100,1119.0000,108.2848,fund_daily,2026-06-04 15:58:09.24947+08
166105.SZ,2026-06-03,1.0100,1.0110,1.0100,1.0100,1.0200,-0.0100,-0.9800,11.0000,1.1111,fund_daily,2026-06-04 15:58:09.24947+08
166107.SZ,2026-06-03,1.5360,1.5370,1.5270,1.5270,1.5270,0.0000,0.0000,116.0000,17.7246,fund_daily,2026-06-04 15:58:09.24947+08
167001.SZ,2026-06-03,1.9240,1.9410,1.9080,1.9080,1.9070,0.0010,0.0500,730.8700,140.6628,fund_daily,2026-06-04 15:58:09.24947+08
167002.SZ,2026-06-03,6.0400,6.1320,5.9500,6.0440,6.0720,-0.0280,-0.4600,4419.3200,2663.8710,fund_daily,2026-06-04 15:58:09.24947+08
167003.SZ,2026-06-03,1.1660,1.1720,1.1650,1.1680,1.1660,0.0020,0.1700,7597.6700,888.2075,fund_daily,2026-06-04 15:58:09.24947+08
167301.SZ,2026-06-03,1.0060,1.0070,0.9930,0.9970,1.0060,-0.0090,-0.9000,87725.0100,8762.8786,fund_daily,2026-06-04 15:58:09.24947+08
167501.SZ,2026-06-03,1.0530,1.0530,1.0530,1.0530,1.0520,0.0010,0.1000,56.3400,5.9326,fund_daily,2026-06-04 15:58:09.24947+08
167506.SZ,2026-06-03,1.8760,1.8950,1.8480,1.8560,1.8760,-0.0200,-1.0700,92.5100,17.2106,fund_daily,2026-06-04 15:58:09.24947+08
167508.SZ,2026-06-03,1.7130,1.7190,1.7120,1.7160,1.7190,-0.0030,-0.1800,416.0000,71.4203,fund_daily,2026-06-04 15:58:09.24947+08
168101.SZ,2026-06-03,1.4550,1.4550,1.4280,1.4430,1.4510,-0.0080,-0.5500,52.0000,7.4651,fund_daily,2026-06-04 15:58:09.24947+08
168103.SZ,2026-06-03,1.4010,1.4040,1.3860,1.3860,1.4130,-0.0270,-1.9100,357.0000,49.8887,fund_daily,2026-06-04 15:58:09.24947+08
168104.SZ,2026-06-03,0.8420,0.8460,0.8260,0.8410,0.8490,-0.0080,-0.9400,72.9200,6.1113,fund_daily,2026-06-04 15:58:09.24947+08
168105.SZ,2026-06-03,2.4390,2.5290,2.4390,2.4740,2.4300,0.0440,1.8100,205.6800,51.3076,fund_daily,2026-06-04 15:58:09.24947+08
168203.SZ,2026-06-03,1.2590,1.2670,1.2520,1.2620,1.2590,0.0030,0.2400,313.3200,39.3946,fund_daily,2026-06-04 15:58:09.24947+08
168204.SZ,2026-06-03,2.2050,2.3500,2.2040,2.3260,2.2510,0.0750,3.3300,44164.3000,10014.5887,fund_daily,2026-06-04 15:58:09.24947+08
168301.SZ,2026-06-03,0.8580,0.8840,0.8440,0.8530,0.8500,0.0030,0.3500,36.3400,3.1008,fund_daily,2026-06-04 15:58:09.24947+08
168401.SZ,2026-06-03,6.8280,7.2710,6.8280,7.1410,6.7450,0.3960,5.8700,14400.3000,10228.6591,fund_daily,2026-06-04 15:58:09.24947+08
168701.SZ,2026-06-03,1.0290,1.0430,1.0250,1.0250,1.0350,-0.0100,-0.9700,528.0000,54.4023,fund_daily,2026-06-04 15:58:09.24947+08
169101.SZ,2026-06-03,2.5760,2.6500,2.5760,2.6000,2.5510,0.0490,1.9200,7375.6100,1928.3671,fund_daily,2026-06-04 15:58:09.24947+08
169104.SZ,2026-06-03,3.1170,3.1960,3.1150,3.1630,3.0880,0.0750,2.4300,1426.7500,452.3394,fund_daily,2026-06-04 15:58:09.24947+08
169105.SZ,2026-06-03,2.1190,2.1460,2.1060,2.1060,2.1360,-0.0300,-1.4000,306.0000,64.9872,fund_daily,2026-06-04 15:58:09.24947+08
169106.SZ,2026-06-03,1.1100,1.1110,1.1060,1.1100,1.1110,-0.0010,-0.0900,2401.4600,266.5716,fund_daily,2026-06-04 15:58:09.24947+08
169201.SZ,2026-06-03,2.0290,2.0970,2.0290,2.0330,2.0100,0.0230,1.1400,1999.0000,412.4470,fund_daily,2026-06-04 15:58:09.24947+08
180101.SZ,2026-06-03,1.7620,1.7630,1.7440,1.7510,1.7630,-0.0120,-0.6800,21833.0100,3837.4787,fund_daily,2026-06-04 15:58:09.24947+08
180102.SZ,2026-06-03,1.1840,1.1910,1.1710,1.1870,1.1850,0.0020,0.1700,49648.7600,5888.0739,fund_daily,2026-06-04 15:58:09.24947+08
180103.SZ,2026-06-03,1.9120,1.9120,1.9000,1.9060,1.9110,-0.0050,-0.2600,756.9200,144.3042,fund_daily,2026-06-04 15:58:09.24947+08
180105.SZ,2026-06-03,1.4870,1.5090,1.4730,1.5030,1.4720,0.0310,2.1100,13660.0000,2033.0543,fund_daily,2026-06-04 15:58:09.24947+08
180106.SZ,2026-06-03,2.8890,2.8890,2.8430,2.8850,2.8430,0.0420,1.4800,1949.0000,560.2006,fund_daily,2026-06-04 15:58:09.24947+08
180201.SZ,2026-06-03,7.9960,8.0120,7.9500,7.9860,7.9960,-0.0100,-0.1300,9531.3000,7611.1026,fund_daily,2026-06-04 15:58:09.24947+08
180202.SZ,2026-06-03,5.2270,5.2380,5.2060,5.2260,5.2270,-0.0010,-0.0200,8673.9700,4531.1089,fund_daily,2026-06-04 15:58:09.24947+08
180203.SZ,2026-06-03,6.9830,7.1160,6.9500,7.1050,6.9780,0.1270,1.8200,9365.0000,6599.7139,fund_daily,2026-06-04 15:58:09.24947+08
180301.SZ,2026-06-03,2.2600,2.2700,2.2380,2.2650,2.2700,-0.0050,-0.2200,13989.8800,3164.9915,fund_daily,2026-06-04 15:58:09.24947+08
180302.SZ,2026-06-03,2.9560,2.9560,2.8680,2.9330,2.9280,0.0050,0.1700,7083.0000,2059.7754,fund_daily,2026-06-04 15:58:09.24947+08
180303.SZ,2026-06-03,3.5930,3.6870,3.5560,3.6870,3.5950,0.0920,2.5600,12163.2600,4438.5398,fund_daily,2026-06-04 15:58:09.24947+08
180305.SZ,2026-06-03,3.5200,3.5800,3.5200,3.5700,3.5570,0.0130,0.3700,30132.4800,10703.7644,fund_daily,2026-06-04 15:58:09.24947+08
180306.SZ,2026-06-03,4.9940,5.0800,4.9940,5.0570,4.9940,0.0630,1.2600,13228.5800,6674.7269,fund_daily,2026-06-04 15:58:09.24947+08
180401.SZ,2026-06-03,5.8250,5.8480,5.7560,5.7650,5.8330,-0.0680,-1.1700,35580.2900,20691.2792,fund_daily,2026-06-04 15:58:09.24947+08
180402.SZ,2026-06-03,6.8070,6.8070,6.6970,6.7280,6.7500,-0.0220,-0.3300,2921.0000,1967.7780,fund_daily,2026-06-04 15:58:09.24947+08
180501.SZ,2026-06-03,3.4160,3.4300,3.4000,3.4160,3.4300,-0.0140,-0.4100,11467.4700,3925.3821,fund_daily,2026-06-04 15:58:09.24947+08
180502.SZ,2026-06-03,3.6000,3.6000,3.5000,3.5190,3.5370,-0.0180,-0.5100,14854.0000,5250.1504,fund_daily,2026-06-04 15:58:09.24947+08
180503.SZ,2026-06-03,2.6970,2.7190,2.6970,2.7150,2.6970,0.0180,0.6700,13055.6700,3543.8573,fund_daily,2026-06-04 15:58:09.24947+08
180601.SZ,2026-06-03,9.9730,10.0100,9.9730,10.0070,9.9710,0.0360,0.3600,11535.0000,11535.4257,fund_daily,2026-06-04 15:58:09.24947+08
180602.SZ,2026-06-03,4.1600,4.1600,4.0570,4.1580,4.1220,0.0360,0.8700,14975.0000,6151.7148,fund_daily,2026-06-04 15:58:09.24947+08
180603.SZ,2026-06-03,4.6230,4.6550,4.6230,4.6520,4.6500,0.0020,0.0400,10307.0000,4793.8658,fund_daily,2026-06-04 15:58:09.24947+08
180605.SZ,2026-06-03,4.5750,4.6650,4.5250,4.6450,4.6040,0.0410,0.8900,15680.4200,7267.9206,fund_daily,2026-06-04 15:58:09.24947+08
180606.SZ,2026-06-03,4.0090,4.0150,3.9960,3.9960,4.0080,-0.0120,-0.3000,1383.7500,553.5094,fund_daily,2026-06-04 15:58:09.24947+08
180607.SZ,2026-06-03,5.4290,5.4290,5.3930,5.4100,5.3340,0.0760,1.4300,2777.0000,1499.8691,fund_daily,2026-06-04 15:58:09.24947+08
180701.SZ,2026-06-03,4.1700,4.1700,4.0210,4.0990,4.0590,0.0400,0.9900,10763.3800,4412.7382,fund_daily,2026-06-04 15:58:09.24947+08
180801.SZ,2026-06-03,11.8650,11.8920,11.8220,11.8920,11.8890,0.0030,0.0300,2677.6000,3175.6797,fund_daily,2026-06-04 15:58:09.24947+08
180901.SZ,2026-06-03,6.6220,6.7300,6.6020,6.6680,6.6180,0.0500,0.7600,13977.7600,9339.5843,fund_daily,2026-06-04 15:58:09.24947+08
501001.SH,2026-06-03,1.5540,1.5540,1.5380,1.5380,1.5500,-0.0120,-0.7700,804.3600,124.2910,fund_daily,2026-06-04 15:58:09.24947+08
501005.SH,2026-06-03,0.8870,0.8870,0.8730,0.8750,0.8910,-0.0160,-1.8000,2898.9800,255.9070,fund_daily,2026-06-04 15:58:09.24947+08
501007.SH,2026-06-03,0.8500,0.8500,0.8350,0.8400,0.8530,-0.0130,-1.5200,1796.2300,151.0470,fund_daily,2026-06-04 15:58:09.24947+08
501008.SH,2026-06-03,0.8190,0.8300,0.8060,0.8060,0.8220,-0.0160,-1.9500,602.0000,48.9850,fund_daily,2026-06-04 15:58:09.24947+08
501009.SH,2026-06-03,1.1050,1.1170,1.0920,1.0950,1.1080,-0.0130,-1.1700,5887.0000,645.7630,fund_daily,2026-06-04 15:58:09.24947+08
501010.SH,2026-06-03,1.0950,1.0950,1.0690,1.0700,1.0840,-0.0140,-1.2900,726.8000,77.9630,fund_daily,2026-06-04 15:58:09.24947+08
501011.SH,2026-06-03,1.0030,1.0030,0.9810,0.9940,1.0010,-0.0070,-0.7000,1583.3400,156.4840,fund_daily,2026-06-04 15:58:09.24947+08
501012.SH,2026-06-03,0.9710,0.9710,0.9500,0.9580,0.9700,-0.0120,-1.2400,567.0000,54.1660,fund_daily,2026-06-04 15:58:09.24947+08
501015.SH,2026-06-03,3.2330,3.5320,3.2330,3.4610,3.2140,0.2470,7.6900,14948.6000,5146.6720,fund_daily,2026-06-04 15:58:09.24947+08
501016.SH,2026-06-03,1.1430,1.1470,1.1300,1.1430,1.1420,0.0010,0.0900,4252.4900,485.4600,fund_daily,2026-06-04 15:58:09.24947+08
501017.SH,2026-06-03,1.3100,1.3190,1.3020,1.3020,1.3070,-0.0050,-0.3800,35.5300,4.6530,fund_daily,2026-06-04 15:58:09.24947+08
501018.SH,2026-06-03,2.0180,2.0330,1.9970,2.0230,1.9820,0.0410,2.0700,2389609.3200,481475.0030,fund_daily,2026-06-04 15:58:09.24947+08
501019.SH,2026-06-03,1.3560,1.3710,1.3200,1.3560,1.3580,-0.0020,-0.1500,5949.0000,811.4480,fund_daily,2026-06-04 15:58:09.24947+08
501021.SH,2026-06-03,1.4090,1.4090,1.3770,1.3840,1.4050,-0.0210,-1.5000,1317.0000,183.1530,fund_daily,2026-06-04 15:58:09.24947+08
501022.SH,2026-06-03,2.8270,2.8810,2.8270,2.8430,2.7990,0.0440,1.5700,27.0000,7.6770,fund_daily,2026-06-04 15:58:09.24947+08
501025.SH,2026-06-03,1.7580,1.7620,1.7450,1.7510,1.7510,0.0000,0.0000,34210.8100,5996.0040,fund_daily,2026-06-04 15:58:09.24947+08
501026.SH,2026-06-03,2.5390,2.7000,2.5150,2.6370,2.5200,0.1170,4.6400,106079.4500,27699.8930,fund_daily,2026-06-04 15:58:09.24947+08
501028.SH,2026-06-03,1.4480,1.4480,1.4480,1.4480,1.4540,-0.0060,-0.4100,11.9500,1.7300,fund_daily,2026-06-04 15:58:09.24947+08
501029.SH,2026-06-03,1.8230,1.8230,1.7920,1.8030,1.8160,-0.0130,-0.7200,1680.8400,302.2270,fund_daily,2026-06-04 15:58:09.24947+08
501030.SH,2026-06-03,0.5890,0.5930,0.5840,0.5890,0.5850,0.0040,0.6800,502.0000,29.5990,fund_daily,2026-06-04 15:58:09.24947+08
501031.SH,2026-06-03,0.5660,0.5750,0.5660,0.5710,0.5660,0.0050,0.8800,548.2300,31.3240,fund_daily,2026-06-04 15:58:09.24947+08
501032.SH,2026-06-03,1.9980,2.0510,1.9910,2.0180,1.9780,0.0400,2.0200,2676.1000,543.6810,fund_daily,2026-06-04 15:58:09.24947+08
501036.SH,2026-06-03,1.5720,1.6160,1.5720,1.5850,1.5700,0.0150,0.9600,2767.4700,443.6620,fund_daily,2026-06-04 15:58:09.24947+08
501037.SH,2026-06-03,1.5390,1.5930,1.5390,1.5620,1.5500,0.0120,0.7700,149.0000,23.3930,fund_daily,2026-06-04 15:58:09.24947+08
501038.SH,2026-06-03,1.6210,1.6910,1.6210,1.6410,1.6800,-0.0390,-2.3200,29.0000,4.7950,fund_daily,2026-06-04 15:58:09.24947+08
501043.SH,2026-06-03,1.6730,1.6960,1.6730,1.6880,1.6780,0.0100,0.6000,9901.5200,1669.5040,fund_daily,2026-06-04 15:58:09.24947+08
501045.SH,2026-06-03,1.6380,1.6700,1.6380,1.6540,1.6540,0.0000,0.0000,650.1300,107.5530,fund_daily,2026-06-04 15:58:09.24947+08
501046.SH,2026-06-03,11.0190,12.1210,11.0190,12.1210,11.0190,1.1020,10.0000,47964.2300,56738.7710,fund_daily,2026-06-04 15:58:09.24947+08
501047.SH,2026-06-03,1.0600,1.0620,1.0480,1.0600,1.0700,-0.0100,-0.9400,113.7800,12.0480,fund_daily,2026-06-04 15:58:09.24947+08
501048.SH,2026-06-03,1.0450,1.0540,1.0370,1.0460,1.0470,-0.0010,-0.1000,82.4000,8.5760,fund_daily,2026-06-04 15:58:09.24947+08
501050.SH,2026-06-03,1.7350,1.7480,1.7350,1.7410,1.7410,0.0000,0.0000,6852.0000,1192.2410,fund_daily,2026-06-04 15:58:09.24947+08
501051.SH,2026-06-03,2.1570,2.1570,2.1560,2.1570,2.1780,-0.0210,-0.9600,103.0000,22.2170,fund_daily,2026-06-04 15:58:09.24947+08
501057.SH,2026-06-03,2.5430,2.5740,2.5240,2.5410,2.5690,-0.0280,-1.0900,1594.8800,406.1930,fund_daily,2026-06-04 15:58:09.24947+08
501058.SH,2026-06-03,2.5120,2.5360,2.4800,2.5000,2.5370,-0.0370,-1.4600,691.5100,172.9740,fund_daily,2026-06-04 15:58:09.24947+08
501059.SH,2026-06-03,2.2660,2.2770,2.2440,2.2770,2.2740,0.0030,0.1300,1138.6200,256.0760,fund_daily,2026-06-04 15:58:09.24947+08
501060.SH,2026-06-03,2.3470,2.3480,2.3310,2.3480,2.3470,0.0010,0.0400,772.0000,180.7510,fund_daily,2026-06-04 15:58:09.24947+08
501062.SH,2026-06-03,2.1920,2.2190,2.1820,2.2050,2.1910,0.0140,0.6400,10941.5500,2416.3560,fund_daily,2026-06-04 15:58:09.24947+08
501064.SH,2026-06-03,3.4880,3.4880,3.4790,3.4800,3.4880,-0.0080,-0.2300,182.0000,63.3600,fund_daily,2026-06-04 15:58:09.24947+08
501065.SH,2026-06-03,1.2220,1.2220,1.2100,1.2180,1.2190,-0.0010,-0.0800,224.0000,27.2090,fund_daily,2026-06-04 15:58:09.24947+08
501070.SH,2026-06-03,1.2040,1.2080,1.2010,1.2040,1.1970,0.0070,0.5900,388.0000,46.7290,fund_daily,2026-06-04 15:58:09.24947+08
501071.SH,2026-06-03,0.9300,0.9420,0.9270,0.9270,0.9350,-0.0080,-0.8600,612.0000,56.9630,fund_daily,2026-06-04 15:58:09.24947+08
501073.SH,2026-06-03,2.2240,2.3050,2.2060,2.2570,2.2240,0.0330,1.4800,3626.6800,828.3850,fund_daily,2026-06-04 15:58:09.24947+08
501075.SH,2026-06-03,3.3970,3.5080,3.3570,3.4530,3.3850,0.0680,2.0100,921.8000,317.9920,fund_daily,2026-06-04 15:58:09.24947+08
501076.SH,2026-06-03,1.9780,2.0770,1.9780,2.0050,1.9780,0.0270,1.3700,607.3900,123.0230,fund_daily,2026-06-04 15:58:09.24947+08
501077.SH,2026-06-03,3.3360,3.4020,3.3360,3.3670,3.3080,0.0590,1.7800,3120.6600,1051.0220,fund_daily,2026-06-04 15:58:09.24947+08
501078.SH,2026-06-03,2.9500,2.9900,2.9240,2.9550,2.9240,0.0310,1.0600,2496.4800,738.3950,fund_daily,2026-06-04 15:58:09.24947+08
501079.SH,2026-06-03,5.0700,5.2600,5.0360,5.1510,5.0350,0.1160,2.3000,9842.3200,5086.6280,fund_daily,2026-06-04 15:58:09.24947+08
501080.SH,2026-06-03,1.6750,1.7230,1.6750,1.7030,1.6580,0.0450,2.7100,990.6100,168.6000,fund_daily,2026-06-04 15:58:09.24947+08
501081.SH,2026-06-03,3.3460,3.3750,3.3280,3.3370,3.3140,0.0230,0.6900,1125.3000,376.6810,fund_daily,2026-06-04 15:58:09.24947+08
501082.SH,2026-06-03,4.4590,4.7420,4.4590,4.6520,4.4540,0.1980,4.4500,7407.6200,3425.0470,fund_daily,2026-06-04 15:58:09.24947+08
501083.SH,2026-06-03,2.3310,2.3850,2.3110,2.3810,2.3080,0.0730,3.1600,3973.5300,939.5850,fund_daily,2026-06-04 15:58:09.24947+08
501085.SH,2026-06-03,3.6080,3.7790,3.5650,3.6980,3.6000,0.0980,2.7200,4812.8900,1781.8690,fund_daily,2026-06-04 15:58:09.24947+08
501087.SH,2026-06-03,1.2980,1.2980,1.2850,1.2850,1.2980,-0.0130,-1.0000,23.2300,3.0150,fund_daily,2026-06-04 15:58:09.24947+08
501088.SH,2026-06-03,0.7780,0.7780,0.7740,0.7740,0.7730,0.0010,0.1300,19.0000,1.4740,fund_daily,2026-06-04 15:58:09.24947+08
501089.SH,2026-06-03,1.0770,1.0770,1.0510,1.0620,1.0730,-0.0110,-1.0300,4938.9100,522.0170,fund_daily,2026-06-04 15:58:09.24947+08
501090.SH,2026-06-03,1.0870,1.0870,1.0730,1.0800,1.0880,-0.0080,-0.7400,4238.4000,456.0530,fund_daily,2026-06-04 15:58:09.24947+08
501091.SH,2026-06-03,1.0360,1.0360,1.0200,1.0200,1.0280,-0.0080,-0.7800,496.0000,50.5950,fund_daily,2026-06-04 15:58:09.24947+08
501093.SH,2026-06-03,1.1470,1.1540,1.1210,1.1400,1.1560,-0.0160,-1.3800,2498.2000,283.4470,fund_daily,2026-06-04 15:58:09.24947+08
501095.SH,2026-06-03,1.0430,1.1150,1.0430,1.0890,1.0340,0.0550,5.3200,38472.4600,4199.8800,fund_daily,2026-06-04 15:58:09.24947+08
501096.SH,2026-06-03,1.6710,1.7590,1.6570,1.7260,1.6730,0.0530,3.1700,26711.5800,4614.9640,fund_daily,2026-06-04 15:58:09.24947+08
501097.SH,2026-06-03,2.4690,2.6160,2.4470,2.5590,2.4450,0.1140,4.6600,2731.9700,695.9080,fund_daily,2026-06-04 15:58:09.24947+08
501098.SH,2026-06-03,1.9390,1.9780,1.9260,1.9740,1.9200,0.0540,2.8100,539.8700,105.1020,fund_daily,2026-06-04 15:58:09.24947+08
501099.SH,2026-06-03,3.6620,3.8800,3.6620,3.8460,3.6260,0.2200,6.0700,2099.8000,799.6560,fund_daily,2026-06-04 15:58:09.24947+08
501186.SH,2026-06-03,0.8170,0.8170,0.8040,0.8040,0.8100,-0.0060,-0.7400,13.0000,1.0470,fund_daily,2026-06-04 15:58:09.24947+08
501188.SH,2026-06-03,1.2200,1.2750,1.2200,1.2550,1.2200,0.0350,2.8700,3837.6100,484.2470,fund_daily,2026-06-04 15:58:09.24947+08
501189.SH,2026-06-03,0.9790,1.0180,0.9790,1.0180,0.9880,0.0300,3.0400,170.4300,16.9750,fund_daily,2026-06-04 15:58:09.24947+08
501200.SH,2026-06-03,1.2060,1.2720,1.2060,1.2390,1.2040,0.0350,2.9100,10563.7300,1310.7220,fund_daily,2026-06-04 15:58:09.24947+08
501201.SH,2026-06-03,2.7500,2.9180,2.7260,2.8390,2.7050,0.1340,4.9500,28231.6800,8030.1850,fund_daily,2026-06-04 15:58:09.24947+08
501202.SH,2026-06-03,1.2270,1.2430,1.2030,1.2250,1.2390,-0.0140,-1.1300,4590.5100,560.2900,fund_daily,2026-06-04 15:58:09.24947+08
501203.SH,2026-06-03,1.6050,1.6360,1.6010,1.6210,1.5690,0.0520,3.3100,45236.1500,7329.3650,fund_daily,2026-06-04 15:58:09.24947+08
501205.SH,2026-06-03,1.0580,1.1140,1.0580,1.0850,1.0450,0.0400,3.8300,144192.7200,15658.3390,fund_daily,2026-06-04 15:58:09.24947+08
501206.SH,2026-06-03,1.0150,1.0360,1.0140,1.0300,1.0150,0.0150,1.4800,13201.6700,1351.4550,fund_daily,2026-06-04 15:58:09.24947+08
501207.SH,2026-06-03,0.8150,0.8360,0.8140,0.8260,0.8140,0.0120,1.4700,10871.2000,899.5060,fund_daily,2026-06-04 15:58:09.24947+08
501208.SH,2026-06-03,1.3880,1.4230,1.3850,1.4010,1.3740,0.0270,1.9700,26438.1700,3710.6760,fund_daily,2026-06-04 15:58:09.24947+08
501209.SH,2026-06-03,0.4930,0.4930,0.4860,0.4910,0.4960,-0.0050,-1.0100,806.4700,39.3400,fund_daily,2026-06-04 15:58:09.24947+08
501210.SH,2026-06-03,1.4160,1.4640,1.4160,1.4440,1.4020,0.0420,3.0000,611.7800,88.6610,fund_daily,2026-06-04 15:58:09.24947+08
501212.SH,2026-06-03,1.0530,1.0620,1.0530,1.0550,1.0470,0.0080,0.7600,3208.3600,338.7470,fund_daily,2026-06-04 15:58:09.24947+08
501213.SH,2026-06-03,0.9520,0.9610,0.9450,0.9510,0.9610,-0.0100,-1.0400,1867.0800,177.0530,fund_daily,2026-06-04 15:58:09.24947+08
501215.SH,2026-06-03,1.1250,1.1290,1.1250,1.1260,1.1260,0.0000,0.0000,6556.5800,738.9620,fund_daily,2026-06-04 15:58:09.24947+08
501216.SH,2026-06-03,0.9730,0.9970,0.9710,0.9820,0.9780,0.0040,0.4100,524.8600,51.6990,fund_daily,2026-06-04 15:58:09.24947+08
501218.SH,2026-06-03,0.9970,1.0070,0.9970,1.0000,0.9970,0.0030,0.3000,10.9200,1.0950,fund_daily,2026-06-04 15:58:09.24947+08
501219.SH,2026-06-03,1.7360,1.7540,1.7280,1.7410,1.7380,0.0030,0.1700,16972.3500,2964.1480,fund_daily,2026-06-04 15:58:09.24947+08
501220.SH,2026-06-03,1.2500,1.2690,1.2320,1.2670,1.2630,0.0040,0.3200,3450.8800,433.4160,fund_daily,2026-06-04 15:58:09.24947+08
501225.SH,2026-06-03,4.4690,4.5580,4.4520,4.5450,4.3410,0.2040,4.7000,102705.4500,46443.1850,fund_daily,2026-06-04 15:58:09.24947+08
501227.SH,2026-06-03,1.0780,1.0820,1.0660,1.0790,1.0810,-0.0020,-0.1900,132596.1300,14235.5210,fund_daily,2026-06-04 15:58:09.24947+08
501300.SH,2026-06-03,0.9420,0.9420,0.9410,0.9410,0.9420,-0.0010,-0.1100,81395.1500,7662.6700,fund_daily,2026-06-04 15:58:09.24947+08
501301.SH,2026-06-03,1.2740,1.2740,1.2450,1.2490,1.2690,-0.0200,-1.5800,5326.0000,667.1680,fund_daily,2026-06-04 15:58:09.24947+08
501302.SH,2026-06-03,1.1660,1.1660,1.1510,1.1540,1.1650,-0.0110,-0.9400,1980.6600,229.1950,fund_daily,2026-06-04 15:58:09.24947+08
501303.SH,2026-06-03,1.0410,1.0410,1.0270,1.0290,1.0370,-0.0080,-0.7700,198.0000,20.4150,fund_daily,2026-06-04 15:58:09.24947+08
501305.SH,2026-06-03,1.3110,1.3110,1.3000,1.3080,1.3110,-0.0030,-0.2300,161.0000,21.0050,fund_daily,2026-06-04 15:58:09.24947+08
501306.SH,2026-06-03,1.2640,1.2640,1.2540,1.2540,1.2630,-0.0090,-0.7100,192.4200,24.2140,fund_daily,2026-06-04 15:58:09.24947+08
501307.SH,2026-06-03,1.2870,1.2870,1.2730,1.2820,1.2840,-0.0020,-0.1600,355.0000,45.5690,fund_daily,2026-06-04 15:58:09.24947+08
501310.SH,2026-06-03,1.3640,1.3640,1.3500,1.3550,1.3650,-0.0100,-0.7300,44.0400,5.9630,fund_daily,2026-06-04 15:58:09.24947+08
501311.SH,2026-06-03,0.9970,0.9970,0.9730,0.9780,0.9970,-0.0190,-1.9100,13964.0000,1371.4400,fund_daily,2026-06-04 15:58:09.24947+08
501312.SH,2026-06-03,2.4200,2.4370,2.3940,2.3990,2.4490,-0.0500,-2.0400,1346086.8200,325460.3540,fund_daily,2026-06-04 15:58:09.24947+08
502000.SH,2026-06-03,2.1450,2.1640,2.1240,2.1240,2.1450,-0.0210,-0.9800,1061.0000,228.0040,fund_daily,2026-06-04 15:58:09.24947+08
502003.SH,2026-06-03,1.5300,1.5600,1.5300,1.5490,1.5300,0.0190,1.2400,3633.7600,561.8010,fund_daily,2026-06-04 15:58:09.24947+08
502006.SH,2026-06-03,1.5670,1.5830,1.5670,1.5750,1.5830,-0.0080,-0.5100,16.9200,2.6630,fund_daily,2026-06-04 15:58:09.24947+08
502010.SH,2026-06-03,1.1980,1.2140,1.1970,1.2080,1.2090,-0.0010,-0.0800,876.0200,105.6600,fund_daily,2026-06-04 15:58:09.24947+08
502013.SH,2026-06-03,1.4630,1.4760,1.4630,1.4630,1.4750,-0.0120,-0.8100,523.1400,76.7880,fund_daily,2026-06-04 15:58:09.24947+08
502023.SH,2026-06-03,1.7230,1.7230,1.6800,1.7000,1.7070,-0.0070,-0.4100,164.7200,27.8320,fund_daily,2026-06-04 15:58:09.24947+08
502048.SH,2026-06-03,1.2190,1.2350,1.2190,1.2260,1.2270,-0.0010,-0.0800,1266.6400,155.9910,fund_daily,2026-06-04 15:58:09.24947+08
502053.SH,2026-06-03,1.0300,1.0400,1.0200,1.0400,1.0400,0.0000,0.0000,133.0000,13.7170,fund_daily,2026-06-04 15:58:09.24947+08
502056.SH,2026-06-03,0.6120,0.6160,0.6070,0.6080,0.6160,-0.0080,-1.3000,2672.0000,162.7730,fund_daily,2026-06-04 15:58:09.24947+08
506000.SH,2026-06-03,1.2670,1.2960,1.2590,1.2770,1.2610,0.0160,1.2700,135592.7900,17362.8270,fund_daily,2026-06-04 15:58:09.24947+08
506001.SH,2026-06-03,1.6170,1.6540,1.6170,1.6390,1.6170,0.0220,1.3600,18170.8900,2984.7300,fund_daily,2026-06-04 15:58:09.24947+08
506002.SH,2026-06-03,2.1560,2.2270,2.1480,2.1880,2.1440,0.0440,2.0500,82026.4000,17975.4780,fund_daily,2026-06-04 15:58:09.24947+08
506003.SH,2026-06-03,1.1390,1.1620,1.1310,1.1480,1.1370,0.0110,0.9700,30904.2400,3553.0390,fund_daily,2026-06-04 15:58:09.24947+08
506005.SH,2026-06-03,1.6130,1.6580,1.6090,1.6350,1.6120,0.0230,1.4300,148566.9700,24357.4080,fund_daily,2026-06-04 15:58:09.24947+08
506006.SH,2026-06-03,1.3570,1.3980,1.3560,1.3720,1.3610,0.0110,0.8100,24435.6200,3366.5930,fund_daily,2026-06-04 15:58:09.24947+08
506008.SH,2026-06-03,1.1050,1.1400,1.0990,1.1160,1.0990,0.0170,1.5500,58623.0000,6578.8340,fund_daily,2026-06-04 15:58:09.24947+08
508000.SH,2026-06-03,2.2320,2.2570,2.2100,2.2500,2.2400,0.0100,0.4500,19321.2300,4315.6660,fund_daily,2026-06-04 15:58:09.24947+08
508001.SH,2026-06-03,5.3480,5.4260,5.3480,5.4040,5.3500,0.0540,1.0100,15942.7500,8621.8880,fund_daily,2026-06-04 15:58:09.24947+08
508002.SH,2026-06-03,3.0680,3.2000,2.9880,3.0400,3.0570,-0.0170,-0.5600,40464.0000,12362.1180,fund_daily,2026-06-04 15:58:09.24947+08
508003.SH,2026-06-03,3.9290,3.9300,3.9080,3.9280,3.9200,0.0080,0.2000,1617.0000,634.8150,fund_daily,2026-06-04 15:58:09.24947+08
508005.SH,2026-06-03,4.1900,4.2150,4.1840,4.2030,4.2020,0.0010,0.0200,12234.0000,5135.3310,fund_daily,2026-06-04 15:58:09.24947+08
508006.SH,2026-06-03,3.6400,3.6550,3.6200,3.6360,3.6400,-0.0040,-0.1100,21295.6100,7748.9950,fund_daily,2026-06-04 15:58:09.24947+08
508007.SH,2026-06-03,8.0000,8.0980,8.0000,8.0650,8.0800,-0.0150,-0.1900,4371.6500,3521.8110,fund_daily,2026-06-04 15:58:09.24947+08
508008.SH,2026-06-03,7.6140,7.6740,7.6140,7.6680,7.6310,0.0370,0.4900,7856.5600,6021.2860,fund_daily,2026-06-04 15:58:09.24947+08
508009.SH,2026-06-03,5.9280,5.9280,5.8440,5.8780,5.9110,-0.0330,-0.5600,24788.7400,14574.1010,fund_daily,2026-06-04 15:58:09.24947+08
508010.SH,2026-06-03,2.5180,2.5700,2.4930,2.5390,2.5180,0.0210,0.8300,15370.9100,3899.7820,fund_daily,2026-06-04 15:58:09.24947+08
508011.SH,2026-06-03,3.9240,4.0410,3.9240,4.0050,4.0090,-0.0040,-0.1000,8680.0000,3481.9570,fund_daily,2026-06-04 15:58:09.24947+08
508012.SH,2026-06-03,2.5900,2.5900,2.4940,2.5370,2.5470,-0.0100,-0.3900,1396.0000,351.9610,fund_daily,2026-06-04 15:58:09.24947+08
508015.SH,2026-06-03,6.0850,6.1280,6.0020,6.1230,6.0710,0.0520,0.8600,5577.0000,3394.0000,fund_daily,2026-06-04 15:58:09.24947+08
508016.SH,2026-06-03,4.2330,4.2670,4.2300,4.2500,4.2370,0.0130,0.3100,12669.3300,5377.4520,fund_daily,2026-06-04 15:58:09.24947+08
508017.SH,2026-06-03,3.8180,3.8510,3.7970,3.8300,3.8350,-0.0050,-0.1300,5331.0000,2042.8960,fund_daily,2026-06-04 15:58:09.24947+08
508018.SH,2026-06-03,5.9100,5.9600,5.8420,5.9480,5.9180,0.0300,0.5100,24359.8800,14405.9970,fund_daily,2026-06-04 15:58:09.24947+08
508019.SH,2026-06-03,1.4940,1.5070,1.4850,1.4990,1.5010,-0.0020,-0.1300,8843.5800,1322.5500,fund_daily,2026-06-04 15:58:09.24947+08
508020.SH,2026-06-03,5.1440,5.1690,5.1440,5.1570,5.1550,0.0020,0.0400,9929.1400,5121.0670,fund_daily,2026-06-04 15:58:09.24947+08
508021.SH,2026-06-03,3.7670,3.8650,3.7520,3.8650,3.7840,0.0810,2.1400,9335.7000,3576.8570,fund_daily,2026-06-04 15:58:09.24947+08
508022.SH,2026-06-03,3.2730,3.2860,3.2650,3.2830,3.2860,-0.0030,-0.0900,2310.0000,757.0020,fund_daily,2026-06-04 15:58:09.24947+08
508026.SH,2026-06-03,4.0660,4.0880,4.0420,4.0530,4.0550,-0.0020,-0.0500,15852.0000,6432.9400,fund_daily,2026-06-04 15:58:09.24947+08
508027.SH,2026-06-03,2.6710,2.6710,2.6400,2.6660,2.6710,-0.0050,-0.1900,13283.8600,3524.8830,fund_daily,2026-06-04 15:58:09.24947+08
508028.SH,2026-06-03,9.8940,9.8940,9.8180,9.8400,9.9090,-0.0690,-0.7000,10173.0500,10011.9630,fund_daily,2026-06-04 15:58:09.24947+08
508029.SH,2026-06-03,3.4060,3.4600,3.4060,3.4320,3.3960,0.0360,1.0600,1039.0000,357.2740,fund_daily,2026-06-04 15:58:09.24947+08
508031.SH,2026-06-03,3.8130,3.8130,3.7960,3.7960,3.7970,-0.0010,-0.0300,1693.0000,643.3900,fund_daily,2026-06-04 15:58:09.24947+08
508033.SH,2026-06-03,6.4240,6.4310,6.4100,6.4100,6.4300,-0.0200,-0.3100,6178.0000,3966.8510,fund_daily,2026-06-04 15:58:09.24947+08
508036.SH,2026-06-03,7.9000,7.9810,7.8200,7.9810,7.9000,0.0810,1.0300,7056.6600,5589.1130,fund_daily,2026-06-04 15:58:09.24947+08
508039.SH,2026-06-03,3.9000,4.0700,3.9000,4.0000,4.0200,-0.0200,-0.5000,20566.0900,8279.8740,fund_daily,2026-06-04 15:58:09.24947+08
508048.SH,2026-06-03,3.4810,3.5280,3.3770,3.4230,3.4970,-0.0740,-2.1200,16924.0000,5825.8870,fund_daily,2026-06-04 15:58:09.24947+08
508050.SH,2026-06-03,6.4060,6.4240,6.3900,6.3900,6.4060,-0.0160,-0.2500,1347.0000,862.8070,fund_daily,2026-06-04 15:58:09.24947+08
508055.SH,2026-06-03,3.1780,3.1780,3.1520,3.1710,3.1790,-0.0080,-0.2500,7435.0000,2351.0200,fund_daily,2026-06-04 15:58:09.24947+08
508056.SH,2026-06-03,2.5630,2.5630,2.5400,2.5490,2.5650,-0.0160,-0.6200,38788.2900,9888.3860,fund_daily,2026-06-04 15:58:09.24947+08
508058.SH,2026-06-03,3.9080,3.9280,3.8940,3.9260,3.9140,0.0120,0.3100,20237.4300,7918.3630,fund_daily,2026-06-04 15:58:09.24947+08
508060.SH,2026-06-03,4.4460,4.4960,4.4350,4.4510,4.4340,0.0170,0.3800,19845.1100,8888.2120,fund_daily,2026-06-04 15:58:09.24947+08
508066.SH,2026-06-03,5.9940,6.0020,5.9820,5.9900,5.9980,-0.0080,-0.1300,8673.8200,5201.5360,fund_daily,2026-06-04 15:58:09.24947+08
508068.SH,2026-06-03,4.0160,4.0510,4.0160,4.0190,4.0160,0.0030,0.0800,16008.9000,6471.0780,fund_daily,2026-06-04 15:58:09.24947+08
508069.SH,2026-06-03,5.8150,5.9400,5.8150,5.8830,5.8390,0.0440,0.7500,2445.0000,1437.4240,fund_daily,2026-06-04 15:58:09.24947+08
508077.SH,2026-06-03,2.7040,2.7230,2.7000,2.7200,2.7080,0.0120,0.4400,34009.0300,9239.6350,fund_daily,2026-06-04 15:58:09.24947+08
508078.SH,2026-06-03,2.5680,2.6000,2.5530,2.5730,2.5670,0.0060,0.2300,36366.0000,9371.5200,fund_daily,2026-06-04 15:58:09.24947+08
508080.SH,2026-06-03,3.3090,3.4300,3.3080,3.3300,3.3020,0.0280,0.8500,21655.2100,7238.5640,fund_daily,2026-06-04 15:58:09.24947+08
508082.SH,2026-06-03,4.3500,4.4000,4.3500,4.3780,4.3700,0.0080,0.1800,7468.8500,3284.5600,fund_daily,2026-06-04 15:58:09.24947+08
508084.SH,2026-06-03,4.0570,4.0910,4.0030,4.0340,4.0400,-0.0060,-0.1500,7529.0000,3036.0120,fund_daily,2026-06-04 15:58:09.24947+08
508085.SH,2026-06-03,3.5730,3.6100,3.5580,3.6040,3.5580,0.0460,1.2900,10509.0000,3744.9930,fund_daily,2026-06-04 15:58:09.24947+08
508086.SH,2026-06-03,5.0030,5.0160,5.0020,5.0160,5.0010,0.0150,0.3000,1010.0000,505.3930,fund_daily,2026-06-04 15:58:09.24947+08
508087.SH,2026-06-03,10.8590,10.9950,10.8590,10.8600,10.8380,0.0220,0.2000,7916.0000,8645.9270,fund_daily,2026-06-04 15:58:09.24947+08
508088.SH,2026-06-03,3.8370,3.8450,3.8030,3.8290,3.8220,0.0070,0.1800,9966.7500,3814.7960,fund_daily,2026-06-04 15:58:09.24947+08
508089.SH,2026-06-03,5.0890,5.1170,5.0510,5.1160,5.0670,0.0490,0.9700,9593.0000,4879.8790,fund_daily,2026-06-04 15:58:09.24947+08
508090.SH,2026-06-03,3.8290,3.8290,3.7240,3.8100,3.7800,0.0300,0.7900,6351.5800,2398.0470,fund_daily,2026-06-04 15:58:09.24947+08
508091.SH,2026-06-03,6.2080,6.3150,6.2080,6.2930,6.2700,0.0230,0.3700,2294.9200,1439.5980,fund_daily,2026-06-04 15:58:09.24947+08
508092.SH,2026-06-03,3.5390,3.6060,3.4680,3.5760,3.5400,0.0360,1.0200,22806.1000,8079.3770,fund_daily,2026-06-04 15:58:09.24947+08
508093.SH,2026-06-03,8.4630,8.5330,8.4590,8.5320,8.4630,0.0690,0.8200,28738.9300,24440.4140,fund_daily,2026-06-04 15:58:09.24947+08
508096.SH,2026-06-03,9.6920,9.7530,9.6560,9.6980,9.7180,-0.0200,-0.2100,13012.2100,12585.3840,fund_daily,2026-06-04 15:58:09.24947+08
508097.SH,2026-06-03,2.5690,2.5780,2.5040,2.5220,2.5830,-0.0610,-2.3600,14341.0000,3646.0400,fund_daily,2026-06-04 15:58:09.24947+08
508098.SH,2026-06-03,3.5240,3.5380,3.5180,3.5300,3.5240,0.0060,0.1700,20415.8400,7195.6170,fund_daily,2026-06-04 15:58:09.24947+08
508099.SH,2026-06-03,1.4330,1.4740,1.4200,1.4560,1.4200,0.0360,2.5400,89363.3800,12950.1270,fund_daily,2026-06-04 15:58:09.24947+08
