schema_name,table_name,relation_type,estimated_rows,table_bytes,table_size,index_bytes,index_size,toast_bytes,toast_size,total_bytes,total_size
raw_tushare,cyq_chips,table,196509984,15506784256,14 GB,19108388864,18 GB,4300800,4200 kB,34619473920,32 GB
raw_tushare,index_mins,table,51390288,6415392768,6118 MB,7979376640,7610 MB,1769472,1728 kB,14396538880,13 GB
raw_tushare,news,table,8253270,5160476672,4921 MB,1807081472,1723 MB,27312128,26 MB,6994870272,6671 MB
raw_tushare,stk_mins_2026_01,table,34999928,2966855680,2829 MB,2480381952,2365 MB,835584,816 kB,5448073216,5196 MB
raw_tushare,stk_mins_2026_03,table,38064516,3293978624,3141 MB,2092998656,1996 MB,917504,896 kB,5387894784,5138 MB
raw_tushare,stk_factor_pro,table,1797009,5117288448,4880 MB,185532416,177 MB,1425408,1392 kB,5304246272,5059 MB
raw_tushare,stk_mins_2026_04,table,34421312,3150528512,3005 MB,2134581248,2036 MB,876544,856 kB,5285986304,5041 MB
raw_tushare,stk_mins_2026_05,table,29502174,2696372224,2571 MB,2140536832,2041 MB,753664,736 kB,4837662720,4614 MB
core_serving,equity_daily_basic,table,13775792,2497519616,2382 MB,2051104768,1956 MB,712704,696 kB,4549337088,4339 MB
core_serving,equity_moneyflow,table,13482986,2941108224,2805 MB,998498304,952 MB,745472,728 kB,3940352000,3758 MB
raw_tushare,stk_mins_2026_02,table,24547402,2080423936,1984 MB,1717166080,1638 MB,589824,576 kB,3798179840,3622 MB
core_serving,equity_daily_bar,table,17755580,2601500672,2481 MB,1156358144,1103 MB,737280,720 kB,3758596096,3584 MB
core_serving,dc_member,table,21940220,1977163776,1886 MB,1728872448,1649 MB,573440,560 kB,3706609664,3535 MB
raw_tushare,moneyflow,table,13482986,3155828736,3010 MB,467230720,446 MB,802816,784 kB,3623862272,3456 MB
raw_tushare,bak_basic,table,10217383,2645016576,2522 MB,881713152,841 MB,761856,744 kB,3527491584,3364 MB
raw_tushare,daily,table,17774880,2532433920,2415 MB,982335488,937 MB,720896,704 kB,3515490304,3353 MB
raw_tushare,daily_basic,table,13780749,2623176704,2502 MB,761446400,726 MB,753664,736 kB,3385376768,3229 MB
raw_tushare,dc_member,table,21981610,1976680448,1885 MB,1199906816,1144 MB,581632,568 kB,3177168896,3030 MB
raw_tushare,cyq_perf,table,9114987,1251483648,1194 MB,891625472,850 MB,376832,368 kB,2143485952,2044 MB
core,equity_adj_factor,table,14954325,1149329408,1096 MB,982245376,937 MB,344064,336 kB,2131918848,2033 MB
raw_tushare,adj_factor,table,15006290,1288568832,1229 MB,833789952,795 MB,385024,376 kB,2122743808,2024 MB
raw_tushare,major_news,table,305638,120365056,115 MB,78176256,75 MB,1880530944,1793 MB,2079072256,1983 MB
core_serving,equity_cyq_perf,table,9245646,1174675456,1120 MB,892993536,852 MB,352256,344 kB,2068021248,1972 MB
raw_biying,equity_daily_bar,table,4650484,1387913216,1324 MB,430981120,411 MB,409600,400 kB,1819303936,1735 MB
raw_biying,moneyflow,table,1249879,1622007808,1547 MB,103677952,99 MB,483328,472 kB,1726169088,1646 MB
raw_tushare,moneyflow_dc,table,3518872,643563520,614 MB,443277312,423 MB,212992,208 kB,1087053824,1037 MB
core_serving,equity_moneyflow_dc,table,3662879,592347136,565 MB,444899328,424 MB,188416,184 kB,1037434880,989 MB
raw_tushare,anns_d,table,1786424,685916160,654 MB,328679424,313 MB,221184,216 kB,1014816768,968 MB
core_serving,stk_period_bar_adj,table,3317249,699138048,667 MB,283959296,271 MB,212992,208 kB,983310336,938 MB
raw_tushare,stk_period_bar_adj,table,3315935,758431744,723 MB,220741632,211 MB,237568,232 kB,979410944,934 MB
raw_tushare,stk_nineturn,table,4342030,609075200,581 MB,226484224,216 MB,204800,200 kB,835764224,797 MB
core_serving,equity_nineturn,table,4347417,581672960,555 MB,229441536,219 MB,188416,184 kB,811302912,774 MB
core_serving,stk_period_bar,table,3325762,497262592,474 MB,285548544,272 MB,155648,152 kB,782966784,747 MB
raw_tushare,stk_period_bar,table,3325900,561356800,535 MB,210829312,201 MB,180224,176 kB,772366336,737 MB
raw_tushare,research_report,table,234041,159268864,152 MB,70041600,67 MB,457523200,436 MB,686833664,655 MB
core_serving,kpl_concept_cons,table,2150390,484663296,462 MB,201613312,192 MB,163840,160 kB,686440448,655 MB
raw_tushare,irm_qa_sz,table,776487,479371264,457 MB,163741696,156 MB,6193152,6048 kB,649306112,619 MB
raw_tushare,kpl_concept_cons,table,2196404,512221184,488 MB,124411904,119 MB,172032,168 kB,636805120,607 MB
core_serving,equity_stk_limit,table,3950510,355319808,339 MB,238977024,228 MB,122880,120 kB,594419712,567 MB
raw_tushare,stk_limit,table,3951501,355303424,339 MB,238649344,228 MB,131072,128 kB,594083840,567 MB
core_serving_light,equity_daily_bar_light_p2025,table,1318844,371154944,354 MB,178388992,170 MB,131072,128 kB,549675008,524 MB
core_serving_light,equity_daily_bar_light_p2024,table,1293906,365469696,349 MB,176029696,168 MB,122880,120 kB,541622272,517 MB
core_serving_light,equity_daily_bar_light_p2023,table,1265761,355540992,339 MB,171130880,163 MB,122880,120 kB,526794752,502 MB
raw_tushare,ths_daily,table,2189393,406011904,387 MB,94797824,90 MB,147456,144 kB,500957184,478 MB
core_serving,ths_daily,table,2190856,383516672,366 MB,115302400,110 MB,131072,128 kB,498950144,476 MB
core_serving_light,equity_daily_bar_light_p2022,table,1181232,333037568,318 MB,161701888,154 MB,114688,112 kB,494854144,472 MB
core_serving,fund_daily_bar,table,2384190,314712064,300 MB,158433280,151 MB,106496,104 kB,473251840,451 MB
raw_tushare,fund_daily,table,2383563,339894272,324 MB,130064384,124 MB,131072,128 kB,470089728,448 MB
core_serving_light,equity_daily_bar_light_p2021,table,1083413,306585600,292 MB,147447808,141 MB,114688,112 kB,454148096,433 MB
raw_tushare,moneyflow_ths,table,1729412,279576576,267 MB,166789120,159 MB,106496,104 kB,446472192,426 MB
core_serving,equity_moneyflow_ths,table,1734184,255049728,243 MB,166952960,159 MB,90112,88 kB,422092800,403 MB
core_multi,moneyflow_std,table,1347345,330940416,316 MB,81289216,78 MB,98304,96 kB,412327936,393 MB
core_serving_light,equity_daily_bar_light_p2020,table,965493,272318464,260 MB,131817472,126 MB,106496,104 kB,404242432,386 MB
core_serving_light,equity_daily_bar_light_p2019,table,895965,252592128,241 MB,133808128,128 MB,90112,88 kB,386490368,369 MB
raw_tushare,stk_auction_c,table,1758472,252755968,241 MB,103202816,98 MB,98304,96 kB,356057088,340 MB
core_serving_light,equity_daily_bar_light_p2018,table,824535,232923136,222 MB,122322944,117 MB,81920,80 kB,355328000,339 MB
raw_tushare,stk_auction_o,table,1804230,236224512,225 MB,102834176,98 MB,98304,96 kB,339156992,323 MB
core,fund_adj_factor,table,2547240,185663488,177 MB,146120704,139 MB,73728,72 kB,331857920,316 MB
raw_tushare,index_daily,table,1636390,238747648,228 MB,89931776,86 MB,98304,96 kB,328777728,314 MB
core_serving,equity_auction_close,table,1846650,223494144,213 MB,103219200,98 MB,81920,80 kB,326795264,312 MB
core_serving,dc_hot,table,901808,155172864,148 MB,169115648,161 MB,73728,72 kB,324362240,309 MB
core_serving,index_daily_serving,table,1636390,222584832,212 MB,101474304,97 MB,81920,80 kB,324141056,309 MB
core_serving_light,equity_daily_bar_light_p2017,table,754372,213098496,203 MB,110477312,105 MB,81920,80 kB,323657728,309 MB
core_serving,equity_auction_open,table,1787754,212893696,203 MB,102834176,98 MB,81920,80 kB,315809792,301 MB
raw_tushare,fund_adj,table,2543280,185663488,177 MB,120168448,115 MB,81920,80 kB,305913856,292 MB
core_serving,equity_holder_number,table,521469,140558336,134 MB,162856960,155 MB,65536,64 kB,303480832,289 MB
raw_tushare,dc_hot,table,905407,155172864,148 MB,127918080,122 MB,73728,72 kB,283164672,270 MB
core_serving_light,equity_daily_bar_light_p2016,table,652864,184426496,176 MB,96239616,92 MB,73728,72 kB,280739840,268 MB
raw_tushare,irm_qa_sh,table,308622,212959232,203 MB,60547072,58 MB,3416064,3336 kB,276922368,264 MB
core_serving_light,equity_daily_bar_light_p2015,table,575184,162480128,155 MB,84885504,81 MB,65536,64 kB,247431168,236 MB
backup_index_period_20260505,raw_tushare_index_daily,table,1728428,246415360,235 MB,0,0 bytes,98304,96 kB,246513664,235 MB
core_serving_light,equity_daily_bar_light_p2014,table,571035,161308672,154 MB,84811776,81 MB,65536,64 kB,246185984,235 MB
raw_tushare,suspend_d,table,617896,95313920,91 MB,131710976,126 MB,57344,56 kB,227082240,217 MB
core_serving,equity_suspend_d,table,600245,90365952,86 MB,131211264,125 MB,49152,48 kB,221626368,211 MB
backup_index_period_20260505,core_serving_index_daily_serving,table,1579143,213909504,204 MB,0,0 bytes,81920,80 kB,213991424,204 MB
core_serving_light,equity_daily_bar_light_p2026,table,482030,135380992,129 MB,72318976,69 MB,65536,64 kB,207765504,198 MB
raw_tushare,holdernumber,table,507045,114581504,109 MB,90734592,87 MB,65536,64 kB,205381632,196 MB
core,index_weekly_bar,table,221777,137617408,131 MB,59932672,57 MB,65536,64 kB,197615616,188 MB
core_serving,index_weight,table,1059940,90349568,86 MB,100941824,96 MB,49152,48 kB,191340544,182 MB
raw_tushare,index_weight,table,1060056,98017280,93 MB,77168640,74 MB,57344,56 kB,175243264,167 MB
raw_tushare,dc_daily,table,555562,90767360,87 MB,54681600,52 MB,57344,56 kB,145506304,139 MB
core_serving,dc_daily,table,555562,85934080,82 MB,54681600,52 MB,49152,48 kB,140664832,134 MB
core_serving_light,equity_daily_bar_light_p2013,table,564854,79781888,76 MB,59531264,57 MB,49152,48 kB,139362304,133 MB
core_serving_light,equity_daily_bar_light_p2012,table,566395,80003072,76 MB,58433536,56 MB,49152,48 kB,138485760,132 MB
raw_tushare,top_list,table,172138,64954368,62 MB,70262784,67 MB,49152,48 kB,135266304,129 MB
core_serving,ths_hot,table,297735,78962688,75 MB,49987584,48 MB,212992,208 kB,129163264,123 MB
core_serving_light,equity_daily_bar_light_p2011,table,512177,72343552,69 MB,53944320,51 MB,49152,48 kB,126337024,120 MB
core_serving,equity_top_list,table,158954,64954368,62 MB,48005120,46 MB,49152,48 kB,113008640,108 MB
raw_tushare,ths_hot,table,297735,78962688,75 MB,32849920,31 MB,212992,208 kB,112025600,107 MB
core_serving_light,equity_daily_bar_light_p2010,table,432136,61038592,58 MB,45817856,44 MB,40960,40 kB,106897408,102 MB
core_serving,equity_dividend,table,162566,51691520,49 MB,53968896,51 MB,40960,40 kB,105701376,101 MB
backup_index_period_20260505,raw_tushare_index_weekly_bar,table,722366,98041856,94 MB,0,0 bytes,57344,56 kB,98099200,94 MB
core_serving,ths_member,table,321289,55910400,53 MB,37797888,36 MB,40960,40 kB,93749248,89 MB
core_serving,index_weekly_serving,table,336157,50528256,48 MB,38879232,37 MB,40960,40 kB,89448448,85 MB
core_serving_light,equity_daily_bar_light_p2009,table,375776,53075968,51 MB,32923648,31 MB,40960,40 kB,86040576,82 MB
core_serving_light,equity_daily_bar_light_p2008,table,360812,50962432,49 MB,31580160,30 MB,40960,40 kB,82583552,79 MB
raw_tushare,ths_member,table,321289,57081856,54 MB,24641536,24 MB,49152,48 kB,81772544,78 MB
raw_tushare,moneyflow_ind_dc,table,257529,60030976,57 MB,20357120,19 MB,49152,48 kB,80437248,77 MB
core_serving,equity_block_trade,table,309518,67837952,65 MB,9453568,9232 kB,57344,56 kB,77348864,74 MB
raw_tushare,block_trade,table,309050,69304320,66 MB,7184384,7016 kB,57344,56 kB,76546048,73 MB
core_serving,board_moneyflow_dc,table,258542,54476800,52 MB,20357120,19 MB,40960,40 kB,74874880,71 MB
core_serving_light,equity_daily_bar_light_p2007,table,323844,45744128,44 MB,28549120,27 MB,40960,40 kB,74334208,71 MB
core_serving_light,equity_daily_bar_light_p2005,table,314838,44474368,42 MB,29532160,28 MB,40960,40 kB,74047488,71 MB
raw_tushare,stock_st,table,325200,32899072,31 MB,38936576,37 MB,40960,40 kB,71876608,69 MB
core_serving_light,equity_daily_bar_light_p2004,table,313689,44310528,42 MB,26435584,25 MB,40960,40 kB,70787072,68 MB
core_serving,equity_stock_st,table,325200,30949376,30 MB,39010304,37 MB,32768,32 kB,69992448,67 MB
raw_tushare,dividend,table,163220,39157760,37 MB,28565504,27 MB,49152,48 kB,67772416,65 MB
core_serving_light,equity_daily_bar_light_p2006,table,288399,40738816,39 MB,25354240,24 MB,40960,40 kB,66134016,63 MB
core_serving_light,equity_daily_bar_light_p2003,table,291242,41140224,39 MB,24674304,24 MB,40960,40 kB,65855488,63 MB
core_serving_light,equity_daily_bar_light_p2002,table,270593,38223872,36 MB,23101440,22 MB,40960,40 kB,61366272,59 MB
raw_tushare,cctv_news,table,34126,36724736,35 MB,5701632,5568 kB,17555456,17 MB,59981824,57 MB
core_serving_light,equity_daily_bar_light_p2001,table,260816,36839424,35 MB,21520384,21 MB,40960,40 kB,58400768,56 MB
core_serving,dc_index,table,203004,39116800,37 MB,15335424,15 MB,40960,40 kB,54493184,52 MB
core_serving_light,equity_daily_bar_light_p2000,table,230980,32628736,31 MB,19718144,19 MB,32768,32 kB,52379648,50 MB
raw_tushare,dc_index,table,203004,39731200,38 MB,10018816,9784 kB,49152,48 kB,49799168,47 MB
core_serving_light,equity_daily_bar_light_p1999,table,207224,29270016,28 MB,17776640,17 MB,32768,32 kB,47079424,45 MB
core_serving_light,equity_daily_bar_light_p1998,table,189593,26779648,26 MB,16695296,16 MB,32768,32 kB,43507712,41 MB
core_serving,limit_list_ths,table,94660,24174592,23 MB,16400384,16 MB,40960,40 kB,40615936,39 MB
raw_tushare,moneyflow_cnt_ths,table,154932,24592384,23 MB,15966208,15 MB,40960,40 kB,40599552,39 MB
core_serving,equity_limit_list,table,149857,28041216,27 MB,10174464,9936 kB,32768,32 kB,38248448,36 MB
core_serving,concept_moneyflow_ths,table,155000,21815296,21 MB,15958016,15 MB,32768,32 kB,37806080,36 MB
raw_tushare,limit_list,table,149857,29360128,28 MB,8249344,8056 kB,40960,40 kB,37650432,36 MB
core_serving,kpl_list,table,115699,22028288,21 MB,14254080,14 MB,40960,40 kB,36323328,35 MB
raw_tushare,index_weekly_bar,table,189781,26927104,26 MB,9125888,8912 kB,40960,40 kB,36093952,34 MB
core_serving_light,equity_daily_bar_light_p1997,table,153892,21741568,21 MB,13139968,13 MB,32768,32 kB,34914304,33 MB
raw_tushare,limit_list_ths,table,94660,24977408,24 MB,8142848,7952 kB,40960,40 kB,33161216,32 MB
raw_tushare,stock_company,table,6272,19234816,18 MB,983040,960 kB,11190272,11 MB,31408128,30 MB
backup_index_period_20260505,core_serving_index_weekly_serving,table,213332,30932992,30 MB,0,0 bytes,32768,32 kB,30965760,30 MB
raw_tushare,kpl_list,table,116230,22126592,21 MB,6873088,6712 kB,40960,40 kB,29040640,28 MB
core_serving_light,equity_daily_bar_light_p1996,table,95097,13434880,13 MB,7897088,7712 kB,32768,32 kB,21364736,20 MB
core_serving,index_monthly_serving,table,80784,11722752,11 MB,8454144,8256 kB,32768,32 kB,20209664,19 MB
core_serving_light,equity_daily_bar_light_p1995,table,73732,10420224,10176 kB,6094848,5952 kB,32768,32 kB,16547840,16 MB
core_serving_light,equity_daily_bar_light_p1994,table,65333,9232384,9016 kB,5611520,5480 kB,32768,32 kB,14876672,14 MB
backup_index_period_20260505,raw_tushare_index_monthly_bar,table,103653,14155776,14 MB,0,0 bytes,40960,40 kB,14196736,14 MB
core_serving,index_basic,table,13538,10878976,10 MB,2154496,2104 kB,180224,176 kB,13213696,13 MB
raw_tushare,namechange,table,20307,6897664,6736 kB,5840896,5704 kB,40960,40 kB,12779520,12 MB
raw_tushare,index_basic,table,13538,11149312,11 MB,876544,856 kB,180224,176 kB,12206080,12 MB
raw_tushare,moneyflow_ind_ths,table,33840,5709824,5576 kB,3555328,3472 kB,40960,40 kB,9306112,9088 kB
core_serving,industry_moneyflow_ths,table,33840,5062656,4944 kB,3448832,3368 kB,32768,32 kB,8544256,8344 kB
raw_tushare,index_monthly_bar,table,40813,6070272,5928 kB,1892352,1848 kB,40960,40 kB,8003584,7816 kB
raw_tushare,st,table,4069,5136384,5016 kB,1409024,1376 kB,40960,40 kB,6586368,6432 kB
core_serving,us_security,table,21475,4210688,4112 kB,2293760,2240 kB,32768,32 kB,6537216,6384 kB
core_serving_light,equity_daily_bar_light_p1993,table,25810,3645440,3560 kB,2400256,2344 kB,32768,32 kB,6078464,5936 kB
core_serving,security_serving,table,5850,4448256,4344 kB,1359872,1328 kB,40960,40 kB,5849088,5712 kB
core_multi,security_std,table,11053,4079616,3984 kB,1605632,1568 kB,40960,40 kB,5726208,5592 kB
raw_tushare,us_basic,table,21475,4030464,3936 kB,991232,968 kB,40960,40 kB,5062656,4944 kB
core_serving,etf_basic,table,3307,2768896,2704 kB,679936,664 kB,40960,40 kB,3489792,3408 kB
raw_tushare,stock_basic,table,5850,2998272,2928 kB,376832,368 kB,40960,40 kB,3416064,3336 kB
raw_tushare,etf_basic,table,3307,2940928,2872 kB,221184,216 kB,40960,40 kB,3203072,3128 kB
ops,task_run,table,1660,2400256,2344 kB,360448,352 kB,352256,344 kB,3112960,3040 kB
core_serving,limit_cpt_list,table,11973,1499136,1464 kB,1204224,1176 kB,40960,40 kB,2744320,2680 kB
backup_index_period_20260505,core_serving_index_monthly_serving,table,18026,2678784,2616 kB,0,0 bytes,32768,32 kB,2711552,2648 kB
raw_tushare,trade_cal,table,13162,1802240,1760 kB,565248,552 kB,40960,40 kB,2408448,2352 kB
core_serving,trade_calendar,table,13162,1171456,1144 kB,1130496,1104 kB,32768,32 kB,2334720,2280 kB
core_serving,limit_step,table,12184,974848,952 kB,1130496,1104 kB,40960,40 kB,2146304,2096 kB
raw_tushare,limit_cpt_list,table,11973,1572864,1536 kB,532480,520 kB,40960,40 kB,2146304,2096 kB
ops,task_run_node,table,2919,1458176,1424 kB,630784,616 kB,40960,40 kB,2129920,2080 kB
core_serving_light,equity_daily_bar_light_p1992,table,7506,1064960,1040 kB,729088,712 kB,32768,32 kB,1826816,1784 kB
core_serving,broker_recommend,table,6645,819200,800 kB,942080,920 kB,40960,40 kB,1802240,1760 kB
raw_tushare,limit_step,table,12184,1040384,1016 kB,704512,688 kB,40960,40 kB,1785856,1744 kB
ops,dataset_subject_completeness_gap_detail,table,3401,1220608,1192 kB,491520,480 kB,40960,40 kB,1753088,1712 kB
core_serving,hk_security,table,2746,1097728,1072 kB,491520,480 kB,40960,40 kB,1630208,1592 kB
raw_tushare,broker_recommend,table,6645,925696,904 kB,466944,456 kB,40960,40 kB,1433600,1400 kB
raw_tushare,hk_basic,table,2746,1048576,1024 kB,188416,184 kB,40960,40 kB,1277952,1248 kB
core_serving,wealth_market_turnover_snapshot,table,465,450560,440 kB,90112,88 kB,655360,640 kB,1196032,1168 kB
raw_biying,stock_basic,table,5203,802816,784 kB,352256,344 kB,40960,40 kB,1196032,1168 kB
core_serving,etf_index,table,1495,647168,632 kB,286720,280 kB,32768,32 kB,966656,944 kB
raw_tushare,etf_index,table,1495,778240,760 kB,139264,136 kB,40960,40 kB,958464,936 kB
ops,index_series_active,table,4712,425984,416 kB,475136,464 kB,32768,32 kB,933888,912 kB
core_serving,ths_index,table,1725,442368,432 kB,286720,280 kB,32768,32 kB,761856,744 kB
core_serving_light,equity_daily_bar_light_p1991,table,2553,368640,360 kB,294912,288 kB,32768,32 kB,696320,680 kB
raw_tushare,ths_index,table,1725,491520,480 kB,114688,112 kB,40960,40 kB,647168,632 kB
core_serving,index_daily_basic,table,1881,311296,304 kB,212992,208 kB,32768,32 kB,557056,544 kB
raw_tushare,index_daily_basic,table,1881,352256,344 kB,131072,128 kB,40960,40 kB,524288,512 kB
ops,dataset_subject_completeness_gap,table,329,294912,288 kB,81920,80 kB,32768,32 kB,409600,400 kB
raw_tushare,margin,table,988,155648,152 kB,147456,144 kB,40960,40 kB,344064,336 kB
core_serving,equity_margin,table,988,147456,144 kB,147456,144 kB,32768,32 kB,327680,320 kB
app,auth_refresh_token,table,195,81920,80 kB,122880,120 kB,40960,40 kB,245760,240 kB
raw_tushare,moneyflow_mkt_dc,table,727,131072,128 kB,65536,64 kB,32768,32 kB,229376,224 kB
ops,task_run_issue,table,101,65536,64 kB,65536,64 kB,90112,88 kB,221184,216 kB
core_serving,market_moneyflow_dc,table,727,122880,120 kB,65536,64 kB,24576,24 kB,212992,208 kB
raw_tushare,bse_mapping,table,248,49152,48 kB,81920,80 kB,40960,40 kB,172032,168 kB
app,auth_audit_log,table,235,57344,56 kB,65536,64 kB,32768,32 kB,155648,152 kB
ops,dataset_date_completeness_run,table,30,16384,16 kB,65536,64 kB,57344,56 kB,139264,136 kB
ops,dataset_status_snapshot,table,73,40960,40 kB,49152,48 kB,40960,40 kB,131072,128 kB
ops,config_revision,table,51,57344,56 kB,32768,32 kB,32768,32 kB,122880,120 kB
app,app_user,table,3,8192,8192 bytes,65536,64 kB,40960,40 kB,114688,112 kB
ops,schedule,table,20,16384,16 kB,49152,48 kB,40960,40 kB,106496,104 kB
app,auth_invite_code,table,,8192,8192 bytes,81920,80 kB,8192,8192 bytes,98304,96 kB
ops,dataset_date_completeness_gap,table,58,16384,16 kB,49152,48 kB,32768,32 kB,98304,96 kB
ops,std_cleansing_rule,table,55,16384,16 kB,49152,48 kB,32768,32 kB,98304,96 kB
ops,std_mapping_rule,table,55,16384,16 kB,49152,48 kB,24576,24 kB,90112,88 kB
app,auth_role_permission,table,,8192,8192 bytes,65536,64 kB,0,0 bytes,73728,72 kB
app,auth_user_role,table,,8192,8192 bytes,65536,64 kB,0,0 bytes,73728,72 kB
core,index_monthly_bar,table,74,16384,16 kB,32768,32 kB,24576,24 kB,73728,72 kB
ops,dataset_date_completeness_exclusion,table,,8192,8192 bytes,49152,48 kB,8192,8192 bytes,65536,64 kB
ops,dataset_pipeline_mode,table,57,8192,8192 bytes,49152,48 kB,8192,8192 bytes,65536,64 kB
app,auth_permission,table,,8192,8192 bytes,49152,48 kB,0,0 bytes,57344,56 kB
app,auth_role,table,,8192,8192 bytes,49152,48 kB,0,0 bytes,57344,56 kB
core_serving_light,equity_daily_bar_light_p1990,table,,8192,8192 bytes,49152,48 kB,0,0 bytes,57344,56 kB
public,alembic_version,table,1,8192,8192 bytes,16384,16 kB,32768,32 kB,57344,56 kB
app,auth_action_token,table,,0,0 bytes,40960,40 kB,8192,8192 bytes,49152,48 kB
foundation,dataset_source_status,table,55,8192,8192 bytes,32768,32 kB,0,0 bytes,40960,40 kB
ops,probe_rule,table,,0,0 bytes,32768,32 kB,8192,8192 bytes,40960,40 kB
foundation,dataset_resolution_policy,table,54,8192,8192 bytes,16384,16 kB,8192,8192 bytes,32768,32 kB
ops,dataset_date_completeness_schedule,table,,0,0 bytes,24576,24 kB,8192,8192 bytes,32768,32 kB
ops,probe_run_log,table,,0,0 bytes,24576,24 kB,8192,8192 bytes,32768,32 kB
ops,resolution_release_stage_status,table,,0,0 bytes,24576,24 kB,8192,8192 bytes,32768,32 kB
core_serving_light,equity_daily_bar_light_p2027,table,,0,0 bytes,24576,24 kB,0,0 bytes,24576,24 kB
core_serving_light,equity_daily_bar_light_p2028,table,,0,0 bytes,24576,24 kB,0,0 bytes,24576,24 kB
core_serving_light,equity_daily_bar_light_p2029,table,,0,0 bytes,24576,24 kB,0,0 bytes,24576,24 kB
core_serving_light,equity_daily_bar_light_p2030,table,,0,0 bytes,24576,24 kB,0,0 bytes,24576,24 kB
core_serving_light,equity_daily_bar_light_p2031,table,,0,0 bytes,24576,24 kB,0,0 bytes,24576,24 kB
core_serving_light,equity_daily_bar_light_p2032,table,,0,0 bytes,24576,24 kB,0,0 bytes,24576,24 kB
core_serving_light,equity_daily_bar_light_p2033,table,,0,0 bytes,24576,24 kB,0,0 bytes,24576,24 kB
core_serving_light,equity_daily_bar_light_p2034,table,,0,0 bytes,24576,24 kB,0,0 bytes,24576,24 kB
core_serving_light,equity_daily_bar_light_p2035,table,,0,0 bytes,24576,24 kB,0,0 bytes,24576,24 kB
core_serving_light,equity_daily_bar_light_pmax,table,,0,0 bytes,24576,24 kB,0,0 bytes,24576,24 kB
foundation,source_registry,table,,0,0 bytes,16384,16 kB,8192,8192 bytes,24576,24 kB
ops,resolution_release,table,,0,0 bytes,24576,24 kB,0,0 bytes,24576,24 kB
backup_index_period_20260505,backup_counts,table,,8192,8192 bytes,0,0 bytes,8192,8192 bytes,16384,16 kB
raw_tushare,stk_mins_2010_01,table,,0,0 bytes,8192,8192 bytes,0,0 bytes,8192,8192 bytes
raw_tushare,stk_mins_2010_02,table,,0,0 bytes,8192,8192 bytes,0,0 bytes,8192,8192 bytes
raw_tushare,stk_mins_2010_03,table,,0,0 bytes,8192,8192 bytes,0,0 bytes,8192,8192 bytes
raw_tushare,stk_mins_2010_04,table,,0,0 bytes,8192,8192 bytes,0,0 bytes,8192,8192 bytes
raw_tushare,stk_mins_2010_05,table,,0,0 bytes,8192,8192 bytes,0,0 bytes,8192,8192 bytes
raw_tushare,stk_mins_2010_06,table,,0,0 bytes,8192,8192 bytes,0,0 bytes,8192,8192 bytes
raw_tushare,stk_mins_2010_07,table,,0,0 bytes,8192,8192 bytes,0,0 bytes,8192,8192 bytes
raw_tushare,stk_mins_2010_08,table,,0,0 bytes,8192,8192 bytes,0,0 bytes,8192,8192 bytes
raw_tushare,stk_mins_2010_09,table,,0,0 bytes,8192,8192 bytes,0,0 bytes,8192,8192 bytes
raw_tushare,stk_mins_2010_10,table,,0,0 bytes,8192,8192 bytes,0,0 bytes,8192,8192 bytes
raw_tushare,stk_mins_2010_11,table,,0,0 bytes,8192,8192 bytes,0,0 bytes,8192,8192 bytes
raw_tushare,stk_mins_2010_12,table,,0,0 bytes,8192,8192 bytes,0,0 bytes,8192,8192 bytes
raw_tushare,stk_mins_2011_01,table,,0,0 bytes,8192,8192 bytes,0,0 bytes,8192,8192 bytes
raw_tushare,stk_mins_2011_02,table,,0,0 bytes,8192,8192 bytes,0,0 bytes,8192,8192 bytes
raw_tushare,stk_mins_2011_03,table,,0,0 bytes,8192,8192 bytes,0,0 bytes,8192,8192 bytes
raw_tushare,stk_mins_2011_04,table,,0,0 bytes,8192,8192 bytes,0,0 bytes,8192,8192 bytes
raw_tushare,stk_mins_2011_05,table,,0,0 bytes,8192,8192 bytes,0,0 bytes,8192,8192 bytes
raw_tushare,stk_mins_2011_06,table,,0,0 bytes,8192,8192 bytes,0,0 bytes,8192,8192 bytes
raw_tushare,stk_mins_2011_07,table,,0,0 bytes,8192,8192 bytes,0,0 bytes,8192,8192 bytes
raw_tushare,stk_mins_2011_08,table,,0,0 bytes,8192,8192 bytes,0,0 bytes,8192,8192 bytes
raw_tushare,stk_mins_2011_09,table,,0,0 bytes,8192,8192 bytes,0,0 bytes,8192,8192 bytes
raw_tushare,stk_mins_2011_10,table,,0,0 bytes,8192,8192 bytes,0,0 bytes,8192,8192 bytes
raw_tushare,stk_mins_2011_11,table,,0,0 bytes,8192,8192 bytes,0,0 bytes,8192,8192 bytes
raw_tushare,stk_mins_2011_12,table,,0,0 bytes,8192,8192 bytes,0,0 bytes,8192,8192 bytes
raw_tushare,stk_mins_2012_01,table,,0,0 bytes,8192,8192 bytes,0,0 bytes,8192,8192 bytes
raw_tushare,stk_mins_2012_02,table,,0,0 bytes,8192,8192 bytes,0,0 bytes,8192,8192 bytes
raw_tushare,stk_mins_2012_03,table,,0,0 bytes,8192,8192 bytes,0,0 bytes,8192,8192 bytes
raw_tushare,stk_mins_2012_04,table,,0,0 bytes,8192,8192 bytes,0,0 bytes,8192,8192 bytes
raw_tushare,stk_mins_2012_05,table,,0,0 bytes,8192,8192 bytes,0,0 bytes,8192,8192 bytes
raw_tushare,stk_mins_2012_06,table,,0,0 bytes,8192,8192 bytes,0,0 bytes,8192,8192 bytes
raw_tushare,stk_mins_2012_07,table,,0,0 bytes,8192,8192 bytes,0,0 bytes,8192,8192 bytes
raw_tushare,stk_mins_2012_08,table,,0,0 bytes,8192,8192 bytes,0,0 bytes,8192,8192 bytes
raw_tushare,stk_mins_2012_09,table,,0,0 bytes,8192,8192 bytes,0,0 bytes,8192,8192 bytes
raw_tushare,stk_mins_2012_10,table,,0,0 bytes,8192,8192 bytes,0,0 bytes,8192,8192 bytes
raw_tushare,stk_mins_2012_11,table,,0,0 bytes,8192,8192 bytes,0,0 bytes,8192,8192 bytes
raw_tushare,stk_mins_2012_12,table,,0,0 bytes,8192,8192 bytes,0,0 bytes,8192,8192 bytes
raw_tushare,stk_mins_2013_01,table,,0,0 bytes,8192,8192 bytes,0,0 bytes,8192,8192 bytes
raw_tushare,stk_mins_2013_02,table,,0,0 bytes,8192,8192 bytes,0,0 bytes,8192,8192 bytes
raw_tushare,stk_mins_2013_03,table,,0,0 bytes,8192,8192 bytes,0,0 bytes,8192,8192 bytes
raw_tushare,stk_mins_2013_04,table,,0,0 bytes,8192,8192 bytes,0,0 bytes,8192,8192 bytes
raw_tushare,stk_mins_2013_05,table,,0,0 bytes,8192,8192 bytes,0,0 bytes,8192,8192 bytes
raw_tushare,stk_mins_2013_06,table,,0,0 bytes,8192,8192 bytes,0,0 bytes,8192,8192 bytes
raw_tushare,stk_mins_2013_07,table,,0,0 bytes,8192,8192 bytes,0,0 bytes,8192,8192 bytes
raw_tushare,stk_mins_2013_08,table,,0,0 bytes,8192,8192 bytes,0,0 bytes,8192,8192 bytes
raw_tushare,stk_mins_2013_09,table,,0,0 bytes,8192,8192 bytes,0,0 bytes,8192,8192 bytes
raw_tushare,stk_mins_2013_10,table,,0,0 bytes,8192,8192 bytes,0,0 bytes,8192,8192 bytes
raw_tushare,stk_mins_2013_11,table,,0,0 bytes,8192,8192 bytes,0,0 bytes,8192,8192 bytes
raw_tushare,stk_mins_2013_12,table,,0,0 bytes,8192,8192 bytes,0,0 bytes,8192,8192 bytes
raw_tushare,stk_mins_2014_01,table,,0,0 bytes,8192,8192 bytes,0,0 bytes,8192,8192 bytes
raw_tushare,stk_mins_2014_02,table,,0,0 bytes,8192,8192 bytes,0,0 bytes,8192,8192 bytes
raw_tushare,stk_mins_2014_03,table,,0,0 bytes,8192,8192 bytes,0,0 bytes,8192,8192 bytes
raw_tushare,stk_mins_2014_04,table,,0,0 bytes,8192,8192 bytes,0,0 bytes,8192,8192 bytes
raw_tushare,stk_mins_2014_05,table,,0,0 bytes,8192,8192 bytes,0,0 bytes,8192,8192 bytes
raw_tushare,stk_mins_2014_06,table,,0,0 bytes,8192,8192 bytes,0,0 bytes,8192,8192 bytes
raw_tushare,stk_mins_2014_07,table,,0,0 bytes,8192,8192 bytes,0,0 bytes,8192,8192 bytes
raw_tushare,stk_mins_2014_08,table,,0,0 bytes,8192,8192 bytes,0,0 bytes,8192,8192 bytes
raw_tushare,stk_mins_2014_09,table,,0,0 bytes,8192,8192 bytes,0,0 bytes,8192,8192 bytes
raw_tushare,stk_mins_2014_10,table,,0,0 bytes,8192,8192 bytes,0,0 bytes,8192,8192 bytes
raw_tushare,stk_mins_2014_11,table,,0,0 bytes,8192,8192 bytes,0,0 bytes,8192,8192 bytes
raw_tushare,stk_mins_2014_12,table,,0,0 bytes,8192,8192 bytes,0,0 bytes,8192,8192 bytes
raw_tushare,stk_mins_2015_01,table,,0,0 bytes,8192,8192 bytes,0,0 bytes,8192,8192 bytes
raw_tushare,stk_mins_2015_02,table,,0,0 bytes,8192,8192 bytes,0,0 bytes,8192,8192 bytes
raw_tushare,stk_mins_2015_03,table,,0,0 bytes,8192,8192 bytes,0,0 bytes,8192,8192 bytes
raw_tushare,stk_mins_2015_04,table,,0,0 bytes,8192,8192 bytes,0,0 bytes,8192,8192 bytes
raw_tushare,stk_mins_2015_05,table,,0,0 bytes,8192,8192 bytes,0,0 bytes,8192,8192 bytes
raw_tushare,stk_mins_2015_06,table,,0,0 bytes,8192,8192 bytes,0,0 bytes,8192,8192 bytes
raw_tushare,stk_mins_2015_07,table,,0,0 bytes,8192,8192 bytes,0,0 bytes,8192,8192 bytes
raw_tushare,stk_mins_2015_08,table,,0,0 bytes,8192,8192 bytes,0,0 bytes,8192,8192 bytes
raw_tushare,stk_mins_2015_09,table,,0,0 bytes,8192,8192 bytes,0,0 bytes,8192,8192 bytes
raw_tushare,stk_mins_2015_10,table,,0,0 bytes,8192,8192 bytes,0,0 bytes,8192,8192 bytes
raw_tushare,stk_mins_2015_11,table,,0,0 bytes,8192,8192 bytes,0,0 bytes,8192,8192 bytes
raw_tushare,stk_mins_2015_12,table,,0,0 bytes,8192,8192 bytes,0,0 bytes,8192,8192 bytes
raw_tushare,stk_mins_2016_01,table,,0,0 bytes,8192,8192 bytes,0,0 bytes,8192,8192 bytes
raw_tushare,stk_mins_2016_02,table,,0,0 bytes,8192,8192 bytes,0,0 bytes,8192,8192 bytes
raw_tushare,stk_mins_2016_03,table,,0,0 bytes,8192,8192 bytes,0,0 bytes,8192,8192 bytes
raw_tushare,stk_mins_2016_04,table,,0,0 bytes,8192,8192 bytes,0,0 bytes,8192,8192 bytes
raw_tushare,stk_mins_2016_05,table,,0,0 bytes,8192,8192 bytes,0,0 bytes,8192,8192 bytes
raw_tushare,stk_mins_2016_06,table,,0,0 bytes,8192,8192 bytes,0,0 bytes,8192,8192 bytes
raw_tushare,stk_mins_2016_07,table,,0,0 bytes,8192,8192 bytes,0,0 bytes,8192,8192 bytes
raw_tushare,stk_mins_2016_08,table,,0,0 bytes,8192,8192 bytes,0,0 bytes,8192,8192 bytes
raw_tushare,stk_mins_2016_09,table,,0,0 bytes,8192,8192 bytes,0,0 bytes,8192,8192 bytes
raw_tushare,stk_mins_2016_10,table,,0,0 bytes,8192,8192 bytes,0,0 bytes,8192,8192 bytes
raw_tushare,stk_mins_2016_11,table,,0,0 bytes,8192,8192 bytes,0,0 bytes,8192,8192 bytes
raw_tushare,stk_mins_2016_12,table,,0,0 bytes,8192,8192 bytes,0,0 bytes,8192,8192 bytes
raw_tushare,stk_mins_2017_01,table,,0,0 bytes,8192,8192 bytes,0,0 bytes,8192,8192 bytes
raw_tushare,stk_mins_2017_02,table,,0,0 bytes,8192,8192 bytes,0,0 bytes,8192,8192 bytes
raw_tushare,stk_mins_2017_03,table,,0,0 bytes,8192,8192 bytes,0,0 bytes,8192,8192 bytes
raw_tushare,stk_mins_2017_04,table,,0,0 bytes,8192,8192 bytes,0,0 bytes,8192,8192 bytes
raw_tushare,stk_mins_2017_05,table,,0,0 bytes,8192,8192 bytes,0,0 bytes,8192,8192 bytes
raw_tushare,stk_mins_2017_06,table,,0,0 bytes,8192,8192 bytes,0,0 bytes,8192,8192 bytes
raw_tushare,stk_mins_2017_07,table,,0,0 bytes,8192,8192 bytes,0,0 bytes,8192,8192 bytes
raw_tushare,stk_mins_2017_08,table,,0,0 bytes,8192,8192 bytes,0,0 bytes,8192,8192 bytes
raw_tushare,stk_mins_2017_09,table,,0,0 bytes,8192,8192 bytes,0,0 bytes,8192,8192 bytes
raw_tushare,stk_mins_2017_10,table,,0,0 bytes,8192,8192 bytes,0,0 bytes,8192,8192 bytes
raw_tushare,stk_mins_2017_11,table,,0,0 bytes,8192,8192 bytes,0,0 bytes,8192,8192 bytes
raw_tushare,stk_mins_2017_12,table,,0,0 bytes,8192,8192 bytes,0,0 bytes,8192,8192 bytes
raw_tushare,stk_mins_2018_01,table,,0,0 bytes,8192,8192 bytes,0,0 bytes,8192,8192 bytes
raw_tushare,stk_mins_2018_02,table,,0,0 bytes,8192,8192 bytes,0,0 bytes,8192,8192 bytes
raw_tushare,stk_mins_2018_03,table,,0,0 bytes,8192,8192 bytes,0,0 bytes,8192,8192 bytes
raw_tushare,stk_mins_2018_04,table,,0,0 bytes,8192,8192 bytes,0,0 bytes,8192,8192 bytes
raw_tushare,stk_mins_2018_05,table,,0,0 bytes,8192,8192 bytes,0,0 bytes,8192,8192 bytes
raw_tushare,stk_mins_2018_06,table,,0,0 bytes,8192,8192 bytes,0,0 bytes,8192,8192 bytes
raw_tushare,stk_mins_2018_07,table,,0,0 bytes,8192,8192 bytes,0,0 bytes,8192,8192 bytes
raw_tushare,stk_mins_2018_08,table,,0,0 bytes,8192,8192 bytes,0,0 bytes,8192,8192 bytes
raw_tushare,stk_mins_2018_09,table,,0,0 bytes,8192,8192 bytes,0,0 bytes,8192,8192 bytes
raw_tushare,stk_mins_2018_10,table,,0,0 bytes,8192,8192 bytes,0,0 bytes,8192,8192 bytes
raw_tushare,stk_mins_2018_11,table,,0,0 bytes,8192,8192 bytes,0,0 bytes,8192,8192 bytes
raw_tushare,stk_mins_2018_12,table,,0,0 bytes,8192,8192 bytes,0,0 bytes,8192,8192 bytes
raw_tushare,stk_mins_2019_01,table,,0,0 bytes,8192,8192 bytes,0,0 bytes,8192,8192 bytes
raw_tushare,stk_mins_2019_02,table,,0,0 bytes,8192,8192 bytes,0,0 bytes,8192,8192 bytes
raw_tushare,stk_mins_2019_03,table,,0,0 bytes,8192,8192 bytes,0,0 bytes,8192,8192 bytes
raw_tushare,stk_mins_2019_04,table,,0,0 bytes,8192,8192 bytes,0,0 bytes,8192,8192 bytes
raw_tushare,stk_mins_2019_05,table,,0,0 bytes,8192,8192 bytes,0,0 bytes,8192,8192 bytes
raw_tushare,stk_mins_2019_06,table,,0,0 bytes,8192,8192 bytes,0,0 bytes,8192,8192 bytes
raw_tushare,stk_mins_2019_07,table,,0,0 bytes,8192,8192 bytes,0,0 bytes,8192,8192 bytes
raw_tushare,stk_mins_2019_08,table,,0,0 bytes,8192,8192 bytes,0,0 bytes,8192,8192 bytes
raw_tushare,stk_mins_2019_09,table,,0,0 bytes,8192,8192 bytes,0,0 bytes,8192,8192 bytes
raw_tushare,stk_mins_2019_10,table,,0,0 bytes,8192,8192 bytes,0,0 bytes,8192,8192 bytes
raw_tushare,stk_mins_2019_11,table,,0,0 bytes,8192,8192 bytes,0,0 bytes,8192,8192 bytes
raw_tushare,stk_mins_2019_12,table,,0,0 bytes,8192,8192 bytes,0,0 bytes,8192,8192 bytes
raw_tushare,stk_mins_2020_01,table,,0,0 bytes,8192,8192 bytes,0,0 bytes,8192,8192 bytes
raw_tushare,stk_mins_2020_02,table,,0,0 bytes,8192,8192 bytes,0,0 bytes,8192,8192 bytes
raw_tushare,stk_mins_2020_03,table,,0,0 bytes,8192,8192 bytes,0,0 bytes,8192,8192 bytes
raw_tushare,stk_mins_2020_04,table,,0,0 bytes,8192,8192 bytes,0,0 bytes,8192,8192 bytes
raw_tushare,stk_mins_2020_05,table,,0,0 bytes,8192,8192 bytes,0,0 bytes,8192,8192 bytes
raw_tushare,stk_mins_2020_06,table,,0,0 bytes,8192,8192 bytes,0,0 bytes,8192,8192 bytes
raw_tushare,stk_mins_2020_07,table,,0,0 bytes,8192,8192 bytes,0,0 bytes,8192,8192 bytes
raw_tushare,stk_mins_2020_08,table,,0,0 bytes,8192,8192 bytes,0,0 bytes,8192,8192 bytes
raw_tushare,stk_mins_2020_09,table,,0,0 bytes,8192,8192 bytes,0,0 bytes,8192,8192 bytes
raw_tushare,stk_mins_2020_10,table,,0,0 bytes,8192,8192 bytes,0,0 bytes,8192,8192 bytes
raw_tushare,stk_mins_2020_11,table,,0,0 bytes,8192,8192 bytes,0,0 bytes,8192,8192 bytes
raw_tushare,stk_mins_2020_12,table,,0,0 bytes,8192,8192 bytes,0,0 bytes,8192,8192 bytes
raw_tushare,stk_mins_2021_01,table,,0,0 bytes,8192,8192 bytes,0,0 bytes,8192,8192 bytes
raw_tushare,stk_mins_2021_02,table,,0,0 bytes,8192,8192 bytes,0,0 bytes,8192,8192 bytes
raw_tushare,stk_mins_2021_03,table,,0,0 bytes,8192,8192 bytes,0,0 bytes,8192,8192 bytes
raw_tushare,stk_mins_2021_04,table,,0,0 bytes,8192,8192 bytes,0,0 bytes,8192,8192 bytes
raw_tushare,stk_mins_2021_05,table,,0,0 bytes,8192,8192 bytes,0,0 bytes,8192,8192 bytes
raw_tushare,stk_mins_2021_06,table,,0,0 bytes,8192,8192 bytes,0,0 bytes,8192,8192 bytes
raw_tushare,stk_mins_2021_07,table,,0,0 bytes,8192,8192 bytes,0,0 bytes,8192,8192 bytes
raw_tushare,stk_mins_2021_08,table,,0,0 bytes,8192,8192 bytes,0,0 bytes,8192,8192 bytes
raw_tushare,stk_mins_2021_09,table,,0,0 bytes,8192,8192 bytes,0,0 bytes,8192,8192 bytes
raw_tushare,stk_mins_2021_10,table,,0,0 bytes,8192,8192 bytes,0,0 bytes,8192,8192 bytes
raw_tushare,stk_mins_2021_11,table,,0,0 bytes,8192,8192 bytes,0,0 bytes,8192,8192 bytes
raw_tushare,stk_mins_2021_12,table,,0,0 bytes,8192,8192 bytes,0,0 bytes,8192,8192 bytes
raw_tushare,stk_mins_2022_01,table,,0,0 bytes,8192,8192 bytes,0,0 bytes,8192,8192 bytes
raw_tushare,stk_mins_2022_02,table,,0,0 bytes,8192,8192 bytes,0,0 bytes,8192,8192 bytes
raw_tushare,stk_mins_2022_03,table,,0,0 bytes,8192,8192 bytes,0,0 bytes,8192,8192 bytes
raw_tushare,stk_mins_2022_04,table,,0,0 bytes,8192,8192 bytes,0,0 bytes,8192,8192 bytes
raw_tushare,stk_mins_2022_05,table,,0,0 bytes,8192,8192 bytes,0,0 bytes,8192,8192 bytes
raw_tushare,stk_mins_2022_06,table,,0,0 bytes,8192,8192 bytes,0,0 bytes,8192,8192 bytes
raw_tushare,stk_mins_2022_07,table,,0,0 bytes,8192,8192 bytes,0,0 bytes,8192,8192 bytes
raw_tushare,stk_mins_2022_08,table,,0,0 bytes,8192,8192 bytes,0,0 bytes,8192,8192 bytes
raw_tushare,stk_mins_2022_09,table,,0,0 bytes,8192,8192 bytes,0,0 bytes,8192,8192 bytes
raw_tushare,stk_mins_2022_10,table,,0,0 bytes,8192,8192 bytes,0,0 bytes,8192,8192 bytes
raw_tushare,stk_mins_2022_11,table,,0,0 bytes,8192,8192 bytes,0,0 bytes,8192,8192 bytes
raw_tushare,stk_mins_2022_12,table,,0,0 bytes,8192,8192 bytes,0,0 bytes,8192,8192 bytes
raw_tushare,stk_mins_2023_01,table,,0,0 bytes,8192,8192 bytes,0,0 bytes,8192,8192 bytes
raw_tushare,stk_mins_2023_02,table,,0,0 bytes,8192,8192 bytes,0,0 bytes,8192,8192 bytes
raw_tushare,stk_mins_2023_03,table,,0,0 bytes,8192,8192 bytes,0,0 bytes,8192,8192 bytes
raw_tushare,stk_mins_2023_04,table,,0,0 bytes,8192,8192 bytes,0,0 bytes,8192,8192 bytes
raw_tushare,stk_mins_2023_05,table,,0,0 bytes,8192,8192 bytes,0,0 bytes,8192,8192 bytes
raw_tushare,stk_mins_2023_06,table,,0,0 bytes,8192,8192 bytes,0,0 bytes,8192,8192 bytes
raw_tushare,stk_mins_2023_07,table,,0,0 bytes,8192,8192 bytes,0,0 bytes,8192,8192 bytes
raw_tushare,stk_mins_2023_08,table,,0,0 bytes,8192,8192 bytes,0,0 bytes,8192,8192 bytes
raw_tushare,stk_mins_2023_09,table,,0,0 bytes,8192,8192 bytes,0,0 bytes,8192,8192 bytes
raw_tushare,stk_mins_2023_10,table,,0,0 bytes,8192,8192 bytes,0,0 bytes,8192,8192 bytes
raw_tushare,stk_mins_2023_11,table,,0,0 bytes,8192,8192 bytes,0,0 bytes,8192,8192 bytes
raw_tushare,stk_mins_2023_12,table,,0,0 bytes,8192,8192 bytes,0,0 bytes,8192,8192 bytes
raw_tushare,stk_mins_2024_01,table,,0,0 bytes,8192,8192 bytes,0,0 bytes,8192,8192 bytes
raw_tushare,stk_mins_2024_02,table,,0,0 bytes,8192,8192 bytes,0,0 bytes,8192,8192 bytes
raw_tushare,stk_mins_2024_03,table,,0,0 bytes,8192,8192 bytes,0,0 bytes,8192,8192 bytes
raw_tushare,stk_mins_2024_04,table,,0,0 bytes,8192,8192 bytes,0,0 bytes,8192,8192 bytes
raw_tushare,stk_mins_2024_05,table,,0,0 bytes,8192,8192 bytes,0,0 bytes,8192,8192 bytes
raw_tushare,stk_mins_2024_06,table,,0,0 bytes,8192,8192 bytes,0,0 bytes,8192,8192 bytes
raw_tushare,stk_mins_2024_07,table,,0,0 bytes,8192,8192 bytes,0,0 bytes,8192,8192 bytes
raw_tushare,stk_mins_2024_08,table,,0,0 bytes,8192,8192 bytes,0,0 bytes,8192,8192 bytes
raw_tushare,stk_mins_2024_09,table,,0,0 bytes,8192,8192 bytes,0,0 bytes,8192,8192 bytes
raw_tushare,stk_mins_2024_10,table,,0,0 bytes,8192,8192 bytes,0,0 bytes,8192,8192 bytes
raw_tushare,stk_mins_2024_11,table,,0,0 bytes,8192,8192 bytes,0,0 bytes,8192,8192 bytes
raw_tushare,stk_mins_2024_12,table,,0,0 bytes,8192,8192 bytes,0,0 bytes,8192,8192 bytes
raw_tushare,stk_mins_2025_01,table,,0,0 bytes,8192,8192 bytes,0,0 bytes,8192,8192 bytes
raw_tushare,stk_mins_2025_02,table,,0,0 bytes,8192,8192 bytes,0,0 bytes,8192,8192 bytes
raw_tushare,stk_mins_2025_03,table,,0,0 bytes,8192,8192 bytes,0,0 bytes,8192,8192 bytes
raw_tushare,stk_mins_2025_04,table,,0,0 bytes,8192,8192 bytes,0,0 bytes,8192,8192 bytes
raw_tushare,stk_mins_2025_05,table,,0,0 bytes,8192,8192 bytes,0,0 bytes,8192,8192 bytes
raw_tushare,stk_mins_2025_06,table,,0,0 bytes,8192,8192 bytes,0,0 bytes,8192,8192 bytes
raw_tushare,stk_mins_2025_07,table,,0,0 bytes,8192,8192 bytes,0,0 bytes,8192,8192 bytes
raw_tushare,stk_mins_2025_08,table,,0,0 bytes,8192,8192 bytes,0,0 bytes,8192,8192 bytes
raw_tushare,stk_mins_2025_09,table,,0,0 bytes,8192,8192 bytes,0,0 bytes,8192,8192 bytes
raw_tushare,stk_mins_2025_10,table,,0,0 bytes,8192,8192 bytes,0,0 bytes,8192,8192 bytes
raw_tushare,stk_mins_2025_11,table,,0,0 bytes,8192,8192 bytes,0,0 bytes,8192,8192 bytes
raw_tushare,stk_mins_2025_12,table,,0,0 bytes,8192,8192 bytes,0,0 bytes,8192,8192 bytes
raw_tushare,stk_mins_2026_06,table,,0,0 bytes,8192,8192 bytes,0,0 bytes,8192,8192 bytes
raw_tushare,stk_mins_2026_07,table,,0,0 bytes,8192,8192 bytes,0,0 bytes,8192,8192 bytes
raw_tushare,stk_mins_2026_08,table,,0,0 bytes,8192,8192 bytes,0,0 bytes,8192,8192 bytes
raw_tushare,stk_mins_2026_09,table,,0,0 bytes,8192,8192 bytes,0,0 bytes,8192,8192 bytes
raw_tushare,stk_mins_2026_10,table,,0,0 bytes,8192,8192 bytes,0,0 bytes,8192,8192 bytes
raw_tushare,stk_mins_2026_11,table,,0,0 bytes,8192,8192 bytes,0,0 bytes,8192,8192 bytes
raw_tushare,stk_mins_2026_12,table,,0,0 bytes,8192,8192 bytes,0,0 bytes,8192,8192 bytes
raw_tushare,stk_mins_2027_01,table,,0,0 bytes,8192,8192 bytes,0,0 bytes,8192,8192 bytes
raw_tushare,stk_mins_2027_02,table,,0,0 bytes,8192,8192 bytes,0,0 bytes,8192,8192 bytes
raw_tushare,stk_mins_2027_03,table,,0,0 bytes,8192,8192 bytes,0,0 bytes,8192,8192 bytes
raw_tushare,stk_mins_2027_04,table,,0,0 bytes,8192,8192 bytes,0,0 bytes,8192,8192 bytes
raw_tushare,stk_mins_2027_05,table,,0,0 bytes,8192,8192 bytes,0,0 bytes,8192,8192 bytes
raw_tushare,stk_mins_2027_06,table,,0,0 bytes,8192,8192 bytes,0,0 bytes,8192,8192 bytes
raw_tushare,stk_mins_2027_07,table,,0,0 bytes,8192,8192 bytes,0,0 bytes,8192,8192 bytes
raw_tushare,stk_mins_2027_08,table,,0,0 bytes,8192,8192 bytes,0,0 bytes,8192,8192 bytes
raw_tushare,stk_mins_2027_09,table,,0,0 bytes,8192,8192 bytes,0,0 bytes,8192,8192 bytes
raw_tushare,stk_mins_2027_10,table,,0,0 bytes,8192,8192 bytes,0,0 bytes,8192,8192 bytes
raw_tushare,stk_mins_2027_11,table,,0,0 bytes,8192,8192 bytes,0,0 bytes,8192,8192 bytes
raw_tushare,stk_mins_2027_12,table,,0,0 bytes,8192,8192 bytes,0,0 bytes,8192,8192 bytes
raw_tushare,stk_mins_2028_01,table,,0,0 bytes,8192,8192 bytes,0,0 bytes,8192,8192 bytes
raw_tushare,stk_mins_2028_02,table,,0,0 bytes,8192,8192 bytes,0,0 bytes,8192,8192 bytes
raw_tushare,stk_mins_2028_03,table,,0,0 bytes,8192,8192 bytes,0,0 bytes,8192,8192 bytes
raw_tushare,stk_mins_2028_04,table,,0,0 bytes,8192,8192 bytes,0,0 bytes,8192,8192 bytes
raw_tushare,stk_mins_2028_05,table,,0,0 bytes,8192,8192 bytes,0,0 bytes,8192,8192 bytes
raw_tushare,stk_mins_2028_06,table,,0,0 bytes,8192,8192 bytes,0,0 bytes,8192,8192 bytes
raw_tushare,stk_mins_2028_07,table,,0,0 bytes,8192,8192 bytes,0,0 bytes,8192,8192 bytes
raw_tushare,stk_mins_2028_08,table,,0,0 bytes,8192,8192 bytes,0,0 bytes,8192,8192 bytes
raw_tushare,stk_mins_2028_09,table,,0,0 bytes,8192,8192 bytes,0,0 bytes,8192,8192 bytes
raw_tushare,stk_mins_2028_10,table,,0,0 bytes,8192,8192 bytes,0,0 bytes,8192,8192 bytes
raw_tushare,stk_mins_2028_11,table,,0,0 bytes,8192,8192 bytes,0,0 bytes,8192,8192 bytes
raw_tushare,stk_mins_2028_12,table,,0,0 bytes,8192,8192 bytes,0,0 bytes,8192,8192 bytes
raw_tushare,stk_mins_2029_01,table,,0,0 bytes,8192,8192 bytes,0,0 bytes,8192,8192 bytes
raw_tushare,stk_mins_2029_02,table,,0,0 bytes,8192,8192 bytes,0,0 bytes,8192,8192 bytes
raw_tushare,stk_mins_2029_03,table,,0,0 bytes,8192,8192 bytes,0,0 bytes,8192,8192 bytes
raw_tushare,stk_mins_2029_04,table,,0,0 bytes,8192,8192 bytes,0,0 bytes,8192,8192 bytes
raw_tushare,stk_mins_2029_05,table,,0,0 bytes,8192,8192 bytes,0,0 bytes,8192,8192 bytes
raw_tushare,stk_mins_2029_06,table,,0,0 bytes,8192,8192 bytes,0,0 bytes,8192,8192 bytes
raw_tushare,stk_mins_2029_07,table,,0,0 bytes,8192,8192 bytes,0,0 bytes,8192,8192 bytes
raw_tushare,stk_mins_2029_08,table,,0,0 bytes,8192,8192 bytes,0,0 bytes,8192,8192 bytes
raw_tushare,stk_mins_2029_09,table,,0,0 bytes,8192,8192 bytes,0,0 bytes,8192,8192 bytes
raw_tushare,stk_mins_2029_10,table,,0,0 bytes,8192,8192 bytes,0,0 bytes,8192,8192 bytes
raw_tushare,stk_mins_2029_11,table,,0,0 bytes,8192,8192 bytes,0,0 bytes,8192,8192 bytes
raw_tushare,stk_mins_2029_12,table,,0,0 bytes,8192,8192 bytes,0,0 bytes,8192,8192 bytes
raw_tushare,stk_mins_2030_01,table,,0,0 bytes,8192,8192 bytes,0,0 bytes,8192,8192 bytes
raw_tushare,stk_mins_2030_02,table,,0,0 bytes,8192,8192 bytes,0,0 bytes,8192,8192 bytes
raw_tushare,stk_mins_2030_03,table,,0,0 bytes,8192,8192 bytes,0,0 bytes,8192,8192 bytes
raw_tushare,stk_mins_2030_04,table,,0,0 bytes,8192,8192 bytes,0,0 bytes,8192,8192 bytes
raw_tushare,stk_mins_2030_05,table,,0,0 bytes,8192,8192 bytes,0,0 bytes,8192,8192 bytes
raw_tushare,stk_mins_2030_06,table,,0,0 bytes,8192,8192 bytes,0,0 bytes,8192,8192 bytes
raw_tushare,stk_mins_2030_07,table,,0,0 bytes,8192,8192 bytes,0,0 bytes,8192,8192 bytes
raw_tushare,stk_mins_2030_08,table,,0,0 bytes,8192,8192 bytes,0,0 bytes,8192,8192 bytes
raw_tushare,stk_mins_2030_09,table,,0,0 bytes,8192,8192 bytes,0,0 bytes,8192,8192 bytes
raw_tushare,stk_mins_2030_10,table,,0,0 bytes,8192,8192 bytes,0,0 bytes,8192,8192 bytes
raw_tushare,stk_mins_2030_11,table,,0,0 bytes,8192,8192 bytes,0,0 bytes,8192,8192 bytes
raw_tushare,stk_mins_2030_12,table,,0,0 bytes,8192,8192 bytes,0,0 bytes,8192,8192 bytes
raw_tushare,stk_mins_2031_01,table,,0,0 bytes,8192,8192 bytes,0,0 bytes,8192,8192 bytes
raw_tushare,stk_mins_2031_02,table,,0,0 bytes,8192,8192 bytes,0,0 bytes,8192,8192 bytes
raw_tushare,stk_mins_2031_03,table,,0,0 bytes,8192,8192 bytes,0,0 bytes,8192,8192 bytes
raw_tushare,stk_mins_2031_04,table,,0,0 bytes,8192,8192 bytes,0,0 bytes,8192,8192 bytes
raw_tushare,stk_mins_2031_05,table,,0,0 bytes,8192,8192 bytes,0,0 bytes,8192,8192 bytes
raw_tushare,stk_mins_2031_06,table,,0,0 bytes,8192,8192 bytes,0,0 bytes,8192,8192 bytes
raw_tushare,stk_mins_2031_07,table,,0,0 bytes,8192,8192 bytes,0,0 bytes,8192,8192 bytes
raw_tushare,stk_mins_2031_08,table,,0,0 bytes,8192,8192 bytes,0,0 bytes,8192,8192 bytes
raw_tushare,stk_mins_2031_09,table,,0,0 bytes,8192,8192 bytes,0,0 bytes,8192,8192 bytes
raw_tushare,stk_mins_2031_10,table,,0,0 bytes,8192,8192 bytes,0,0 bytes,8192,8192 bytes
raw_tushare,stk_mins_2031_11,table,,0,0 bytes,8192,8192 bytes,0,0 bytes,8192,8192 bytes
raw_tushare,stk_mins_2031_12,table,,0,0 bytes,8192,8192 bytes,0,0 bytes,8192,8192 bytes
raw_tushare,stk_mins_2032_01,table,,0,0 bytes,8192,8192 bytes,0,0 bytes,8192,8192 bytes
raw_tushare,stk_mins_2032_02,table,,0,0 bytes,8192,8192 bytes,0,0 bytes,8192,8192 bytes
raw_tushare,stk_mins_2032_03,table,,0,0 bytes,8192,8192 bytes,0,0 bytes,8192,8192 bytes
raw_tushare,stk_mins_2032_04,table,,0,0 bytes,8192,8192 bytes,0,0 bytes,8192,8192 bytes
raw_tushare,stk_mins_2032_05,table,,0,0 bytes,8192,8192 bytes,0,0 bytes,8192,8192 bytes
raw_tushare,stk_mins_2032_06,table,,0,0 bytes,8192,8192 bytes,0,0 bytes,8192,8192 bytes
raw_tushare,stk_mins_2032_07,table,,0,0 bytes,8192,8192 bytes,0,0 bytes,8192,8192 bytes
raw_tushare,stk_mins_2032_08,table,,0,0 bytes,8192,8192 bytes,0,0 bytes,8192,8192 bytes
raw_tushare,stk_mins_2032_09,table,,0,0 bytes,8192,8192 bytes,0,0 bytes,8192,8192 bytes
raw_tushare,stk_mins_2032_10,table,,0,0 bytes,8192,8192 bytes,0,0 bytes,8192,8192 bytes
raw_tushare,stk_mins_2032_11,table,,0,0 bytes,8192,8192 bytes,0,0 bytes,8192,8192 bytes
raw_tushare,stk_mins_2032_12,table,,0,0 bytes,8192,8192 bytes,0,0 bytes,8192,8192 bytes
raw_tushare,stk_mins_2033_01,table,,0,0 bytes,8192,8192 bytes,0,0 bytes,8192,8192 bytes
raw_tushare,stk_mins_2033_02,table,,0,0 bytes,8192,8192 bytes,0,0 bytes,8192,8192 bytes
raw_tushare,stk_mins_2033_03,table,,0,0 bytes,8192,8192 bytes,0,0 bytes,8192,8192 bytes
raw_tushare,stk_mins_2033_04,table,,0,0 bytes,8192,8192 bytes,0,0 bytes,8192,8192 bytes
raw_tushare,stk_mins_2033_05,table,,0,0 bytes,8192,8192 bytes,0,0 bytes,8192,8192 bytes
raw_tushare,stk_mins_2033_06,table,,0,0 bytes,8192,8192 bytes,0,0 bytes,8192,8192 bytes
raw_tushare,stk_mins_2033_07,table,,0,0 bytes,8192,8192 bytes,0,0 bytes,8192,8192 bytes
raw_tushare,stk_mins_2033_08,table,,0,0 bytes,8192,8192 bytes,0,0 bytes,8192,8192 bytes
raw_tushare,stk_mins_2033_09,table,,0,0 bytes,8192,8192 bytes,0,0 bytes,8192,8192 bytes
raw_tushare,stk_mins_2033_10,table,,0,0 bytes,8192,8192 bytes,0,0 bytes,8192,8192 bytes
raw_tushare,stk_mins_2033_11,table,,0,0 bytes,8192,8192 bytes,0,0 bytes,8192,8192 bytes
raw_tushare,stk_mins_2033_12,table,,0,0 bytes,8192,8192 bytes,0,0 bytes,8192,8192 bytes
raw_tushare,stk_mins_2034_01,table,,0,0 bytes,8192,8192 bytes,0,0 bytes,8192,8192 bytes
raw_tushare,stk_mins_2034_02,table,,0,0 bytes,8192,8192 bytes,0,0 bytes,8192,8192 bytes
raw_tushare,stk_mins_2034_03,table,,0,0 bytes,8192,8192 bytes,0,0 bytes,8192,8192 bytes
raw_tushare,stk_mins_2034_04,table,,0,0 bytes,8192,8192 bytes,0,0 bytes,8192,8192 bytes
raw_tushare,stk_mins_2034_05,table,,0,0 bytes,8192,8192 bytes,0,0 bytes,8192,8192 bytes
raw_tushare,stk_mins_2034_06,table,,0,0 bytes,8192,8192 bytes,0,0 bytes,8192,8192 bytes
raw_tushare,stk_mins_2034_07,table,,0,0 bytes,8192,8192 bytes,0,0 bytes,8192,8192 bytes
raw_tushare,stk_mins_2034_08,table,,0,0 bytes,8192,8192 bytes,0,0 bytes,8192,8192 bytes
raw_tushare,stk_mins_2034_09,table,,0,0 bytes,8192,8192 bytes,0,0 bytes,8192,8192 bytes
raw_tushare,stk_mins_2034_10,table,,0,0 bytes,8192,8192 bytes,0,0 bytes,8192,8192 bytes
raw_tushare,stk_mins_2034_11,table,,0,0 bytes,8192,8192 bytes,0,0 bytes,8192,8192 bytes
raw_tushare,stk_mins_2034_12,table,,0,0 bytes,8192,8192 bytes,0,0 bytes,8192,8192 bytes
raw_tushare,stk_mins_2035_01,table,,0,0 bytes,8192,8192 bytes,0,0 bytes,8192,8192 bytes
raw_tushare,stk_mins_2035_02,table,,0,0 bytes,8192,8192 bytes,0,0 bytes,8192,8192 bytes
raw_tushare,stk_mins_2035_03,table,,0,0 bytes,8192,8192 bytes,0,0 bytes,8192,8192 bytes
raw_tushare,stk_mins_2035_04,table,,0,0 bytes,8192,8192 bytes,0,0 bytes,8192,8192 bytes
raw_tushare,stk_mins_2035_05,table,,0,0 bytes,8192,8192 bytes,0,0 bytes,8192,8192 bytes
raw_tushare,stk_mins_2035_06,table,,0,0 bytes,8192,8192 bytes,0,0 bytes,8192,8192 bytes
raw_tushare,stk_mins_2035_07,table,,0,0 bytes,8192,8192 bytes,0,0 bytes,8192,8192 bytes
raw_tushare,stk_mins_2035_08,table,,0,0 bytes,8192,8192 bytes,0,0 bytes,8192,8192 bytes
raw_tushare,stk_mins_2035_09,table,,0,0 bytes,8192,8192 bytes,0,0 bytes,8192,8192 bytes
raw_tushare,stk_mins_2035_10,table,,0,0 bytes,8192,8192 bytes,0,0 bytes,8192,8192 bytes
raw_tushare,stk_mins_2035_11,table,,0,0 bytes,8192,8192 bytes,0,0 bytes,8192,8192 bytes
raw_tushare,stk_mins_2035_12,table,,0,0 bytes,8192,8192 bytes,0,0 bytes,8192,8192 bytes
raw_tushare,stk_mins_2036_01,table,,0,0 bytes,8192,8192 bytes,0,0 bytes,8192,8192 bytes
raw_tushare,stk_mins_2036_02,table,,0,0 bytes,8192,8192 bytes,0,0 bytes,8192,8192 bytes
raw_tushare,stk_mins_2036_03,table,,0,0 bytes,8192,8192 bytes,0,0 bytes,8192,8192 bytes
raw_tushare,stk_mins_2036_04,table,,0,0 bytes,8192,8192 bytes,0,0 bytes,8192,8192 bytes
raw_tushare,stk_mins_2036_05,table,,0,0 bytes,8192,8192 bytes,0,0 bytes,8192,8192 bytes
raw_tushare,stk_mins_2036_06,table,,0,0 bytes,8192,8192 bytes,0,0 bytes,8192,8192 bytes
raw_tushare,stk_mins_2036_07,table,,0,0 bytes,8192,8192 bytes,0,0 bytes,8192,8192 bytes
raw_tushare,stk_mins_2036_08,table,,0,0 bytes,8192,8192 bytes,0,0 bytes,8192,8192 bytes
raw_tushare,stk_mins_2036_09,table,,0,0 bytes,8192,8192 bytes,0,0 bytes,8192,8192 bytes
raw_tushare,stk_mins_2036_10,table,,0,0 bytes,8192,8192 bytes,0,0 bytes,8192,8192 bytes
raw_tushare,stk_mins_2036_11,table,,0,0 bytes,8192,8192 bytes,0,0 bytes,8192,8192 bytes
raw_tushare,stk_mins_2036_12,table,,0,0 bytes,8192,8192 bytes,0,0 bytes,8192,8192 bytes
raw_tushare,stk_mins_default,table,,0,0 bytes,8192,8192 bytes,0,0 bytes,8192,8192 bytes
core_serving_light,equity_daily_bar_light,partitioned_table,,0,0 bytes,0,0 bytes,0,0 bytes,0,0 bytes
dm,equity_daily_snapshot,materialized_view,,0,0 bytes,0,0 bytes,0,0 bytes,0,0 bytes
raw_tushare,stk_mins,partitioned_table,,0,0 bytes,0,0 bytes,0,0 bytes,0,0 bytes
