task_run_id,status,node_count,rows_rejected,terminal_without_end,nonterminal_nodes,audited_at
14234,success,1,0,0,0,2026-10-02 22:16:31.595014+08
14236,success,1,0,0,0,2026-10-02 22:16:31.595014+08
14237,success,1,0,0,0,2026-10-02 22:16:31.595014+08
14238,success,1,0,0,0,2026-10-02 22:16:31.595014+08
14239,success,1,0,0,0,2026-10-02 22:16:31.595014+08
14240,success,1,0,0,0,2026-10-02 22:16:31.595014+08
14241,success,1,0,0,0,2026-10-02 22:16:31.595014+08
14242,success,1,0,0,0,2026-10-02 22:16:31.595014+08
14243,success,1,0,0,0,2026-10-02 22:16:31.595014+08
14244,success,1,0,0,0,2026-10-02 22:16:31.595014+08
14245,success,1,0,0,0,2026-10-02 22:16:31.595014+08
14246,success,1,0,0,0,2026-10-02 22:16:31.595014+08
14247,success,1,0,0,0,2026-10-02 22:16:31.595014+08
14248,success,1,0,0,0,2026-10-02 22:16:31.595014+08
14249,success,1,0,0,0,2026-10-02 22:16:31.595014+08
14250,success,1,0,0,0,2026-10-02 22:16:31.595014+08
14251,success,1,0,0,0,2026-10-02 22:16:31.595014+08
14252,success,1,0,0,0,2026-10-02 22:16:31.595014+08
14253,success,1,0,0,0,2026-10-02 22:16:31.595014+08
14254,success,1,0,0,0,2026-10-02 22:16:31.595014+08
14255,success,1,0,0,0,2026-10-02 22:16:31.595014+08
14256,success,1,0,0,0,2026-10-02 22:16:31.595014+08
14257,success,1,0,0,0,2026-10-02 22:16:31.595014+08
14258,success,1,0,0,0,2026-10-02 22:16:31.595014+08
14259,success,1,0,0,0,2026-10-02 22:16:31.595014+08
14260,success,1,0,0,0,2026-10-02 22:16:31.595014+08
14261,success,1,0,0,0,2026-10-02 22:16:31.595014+08
14262,success,1,0,0,0,2026-10-02 22:16:31.595014+08
14263,success,1,0,0,0,2026-10-02 22:16:31.595014+08
14264,success,1,0,0,0,2026-10-02 22:16:31.595014+08
14265,success,1,0,0,0,2026-10-02 22:16:31.595014+08
14266,success,1,0,0,0,2026-10-02 22:16:31.595014+08
