source,year,ts_code,source_rows,min_trade_date,max_trade_date,non_friday_rows,null_business_rows
primary_adjusted,2024,000001.SZ,51,2024-01-05,2024-12-27,0,0
primary_adjusted,2024,000002.SZ,51,2024-01-05,2024-12-27,0,0
primary_adjusted,2024,000004.SZ,51,2024-01-05,2024-12-27,0,0
primary_adjusted,2024,000006.SZ,51,2024-01-05,2024-12-27,0,0
primary_adjusted,2024,000007.SZ,51,2024-01-05,2024-12-27,0,0
primary_adjusted,2024,000008.SZ,51,2024-01-05,2024-12-27,0,0
primary_adjusted,2024,000009.SZ,51,2024-01-05,2024-12-27,0,0
primary_adjusted,2024,000010.SZ,51,2024-01-05,2024-12-27,0,0
primary_adjusted,2024,000011.SZ,51,2024-01-05,2024-12-27,0,0
primary_adjusted,2024,000012.SZ,51,2024-01-05,2024-12-27,0,0
primary_adjusted,2024,000014.SZ,51,2024-01-05,2024-12-27,0,0
primary_adjusted,2024,000016.SZ,51,2024-01-05,2024-12-27,0,0
primary_adjusted,2024,000017.SZ,51,2024-01-05,2024-12-27,0,0
primary_adjusted,2024,000019.SZ,51,2024-01-05,2024-12-27,0,0
primary_adjusted,2024,000020.SZ,51,2024-01-05,2024-12-27,0,0
primary_adjusted,2024,000021.SZ,51,2024-01-05,2024-12-27,0,0
primary_adjusted,2024,000025.SZ,51,2024-01-05,2024-12-27,0,0
primary_adjusted,2024,000026.SZ,51,2024-01-05,2024-12-27,0,0
primary_adjusted,2024,000027.SZ,51,2024-01-05,2024-12-27,0,0
primary_adjusted,2024,000028.SZ,51,2024-01-05,2024-12-27,0,0
primary_adjusted,2024,000029.SZ,51,2024-01-05,2024-12-27,0,0
primary_adjusted,2024,000030.SZ,51,2024-01-05,2024-12-27,0,0
primary_adjusted,2024,000031.SZ,51,2024-01-05,2024-12-27,0,0
primary_adjusted,2024,000032.SZ,51,2024-01-05,2024-12-27,0,0
primary_adjusted,2024,000034.SZ,51,2024-01-05,2024-12-27,0,0
primary_adjusted,2024,000035.SZ,51,2024-01-05,2024-12-27,0,0
primary_adjusted,2024,000036.SZ,51,2024-01-05,2024-12-27,0,0
primary_adjusted,2024,000037.SZ,51,2024-01-05,2024-12-27,0,0
primary_adjusted,2024,000039.SZ,51,2024-01-05,2024-12-27,0,0
primary_adjusted,2024,000040.SZ,42,2024-01-05,2024-12-27,0,0
primary_adjusted,2024,000042.SZ,51,2024-01-05,2024-12-27,0,0
primary_adjusted,2024,000045.SZ,51,2024-01-05,2024-12-27,0,0
primary_adjusted,2024,000048.SZ,51,2024-01-05,2024-12-27,0,0
primary_adjusted,2024,000049.SZ,51,2024-01-05,2024-12-27,0,0
primary_adjusted,2024,000050.SZ,51,2024-01-05,2024-12-27,0,0
primary_adjusted,2024,000055.SZ,51,2024-01-05,2024-12-27,0,0
primary_adjusted,2024,000056.SZ,51,2024-01-05,2024-12-27,0,0
primary_adjusted,2024,000058.SZ,51,2024-01-05,2024-12-27,0,0
primary_adjusted,2024,000059.SZ,51,2024-01-05,2024-12-27,0,0
primary_adjusted,2024,000060.SZ,51,2024-01-05,2024-12-27,0,0
primary_adjusted,2024,000061.SZ,51,2024-01-05,2024-12-27,0,0
primary_adjusted,2024,000062.SZ,51,2024-01-05,2024-12-27,0,0
primary_adjusted,2024,000063.SZ,51,2024-01-05,2024-12-27,0,0
primary_adjusted,2024,000065.SZ,51,2024-01-05,2024-12-27,0,0
primary_adjusted,2024,000066.SZ,51,2024-01-05,2024-12-27,0,0
primary_adjusted,2024,000068.SZ,51,2024-01-05,2024-12-27,0,0
primary_adjusted,2024,000069.SZ,51,2024-01-05,2024-12-27,0,0
primary_adjusted,2024,000070.SZ,51,2024-01-05,2024-12-27,0,0
primary_adjusted,2024,000078.SZ,51,2024-01-05,2024-12-27,0,0
primary_adjusted,2024,000088.SZ,51,2024-01-05,2024-12-27,0,0
primary_adjusted,2024,000089.SZ,51,2024-01-05,2024-12-27,0,0
primary_adjusted,2024,000090.SZ,51,2024-01-05,2024-12-27,0,0
primary_adjusted,2024,000096.SZ,51,2024-01-05,2024-12-27,0,0
primary_adjusted,2024,000099.SZ,51,2024-01-05,2024-12-27,0,0
primary_adjusted,2024,000100.SZ,51,2024-01-05,2024-12-27,0,0
primary_adjusted,2024,000151.SZ,51,2024-01-05,2024-12-27,0,0
primary_adjusted,2024,000153.SZ,51,2024-01-05,2024-12-27,0,0
primary_adjusted,2024,000155.SZ,51,2024-01-05,2024-12-27,0,0
primary_adjusted,2024,000156.SZ,51,2024-01-05,2024-12-27,0,0
primary_adjusted,2024,000157.SZ,51,2024-01-05,2024-12-27,0,0
primary_adjusted,2024,000158.SZ,51,2024-01-05,2024-12-27,0,0
primary_adjusted,2024,000159.SZ,51,2024-01-05,2024-12-27,0,0
primary_adjusted,2024,000166.SZ,51,2024-01-05,2024-12-27,0,0
primary_adjusted,2024,000301.SZ,51,2024-01-05,2024-12-27,0,0
primary_adjusted,2024,000333.SZ,51,2024-01-05,2024-12-27,0,0
primary_adjusted,2024,000338.SZ,51,2024-01-05,2024-12-27,0,0
primary_adjusted,2024,000400.SZ,51,2024-01-05,2024-12-27,0,0
primary_adjusted,2024,000401.SZ,51,2024-01-05,2024-12-27,0,0
primary_adjusted,2024,000402.SZ,51,2024-01-05,2024-12-27,0,0
primary_adjusted,2024,000403.SZ,51,2024-01-05,2024-12-27,0,0
primary_adjusted,2024,000404.SZ,51,2024-01-05,2024-12-27,0,0
primary_adjusted,2024,000407.SZ,51,2024-01-05,2024-12-27,0,0
primary_adjusted,2024,000408.SZ,51,2024-01-05,2024-12-27,0,0
primary_adjusted,2024,000409.SZ,51,2024-01-05,2024-12-27,0,0
primary_adjusted,2024,000410.SZ,51,2024-01-05,2024-12-27,0,0
primary_adjusted,2024,000411.SZ,51,2024-01-05,2024-12-27,0,0
primary_adjusted,2024,000415.SZ,51,2024-01-05,2024-12-27,0,0
primary_adjusted,2024,000417.SZ,51,2024-01-05,2024-12-27,0,0
primary_adjusted,2024,000419.SZ,51,2024-01-05,2024-12-27,0,0
primary_adjusted,2024,000420.SZ,51,2024-01-05,2024-12-27,0,0
primary_adjusted,2024,000421.SZ,51,2024-01-05,2024-12-27,0,0
primary_adjusted,2024,000422.SZ,51,2024-01-05,2024-12-27,0,0
primary_adjusted,2024,000423.SZ,51,2024-01-05,2024-12-27,0,0
primary_adjusted,2024,000425.SZ,51,2024-01-05,2024-12-27,0,0
primary_adjusted,2024,000426.SZ,51,2024-01-05,2024-12-27,0,0
primary_adjusted,2024,000428.SZ,51,2024-01-05,2024-12-27,0,0
primary_adjusted,2024,000429.SZ,51,2024-01-05,2024-12-27,0,0
primary_adjusted,2024,000430.SZ,51,2024-01-05,2024-12-27,0,0
primary_adjusted,2024,000488.SZ,51,2024-01-05,2024-12-27,0,0
primary_adjusted,2024,000498.SZ,51,2024-01-05,2024-12-27,0,0
primary_adjusted,2024,000501.SZ,51,2024-01-05,2024-12-27,0,0
primary_adjusted,2024,000503.SZ,51,2024-01-05,2024-12-27,0,0
primary_adjusted,2024,000504.SZ,51,2024-01-05,2024-12-27,0,0
primary_adjusted,2024,000505.SZ,51,2024-01-05,2024-12-27,0,0
primary_adjusted,2024,000506.SZ,50,2024-01-05,2024-12-27,0,0
primary_adjusted,2024,000507.SZ,51,2024-01-05,2024-12-27,0,0
primary_adjusted,2024,000509.SZ,51,2024-01-05,2024-12-27,0,0
primary_adjusted,2024,000510.SZ,51,2024-01-05,2024-12-27,0,0
primary_adjusted,2024,000513.SZ,51,2024-01-05,2024-12-27,0,0
primary_adjusted,2024,000514.SZ,51,2024-01-05,2024-12-27,0,0
primary_adjusted,2024,000516.SZ,51,2024-01-05,2024-12-27,0,0
primary_adjusted,2024,000517.SZ,51,2024-01-05,2024-12-27,0,0
primary_adjusted,2024,000518.SZ,51,2024-01-05,2024-12-27,0,0
primary_adjusted,2024,000519.SZ,51,2024-01-05,2024-12-27,0,0
primary_adjusted,2024,000520.SZ,51,2024-01-05,2024-12-27,0,0
primary_adjusted,2024,000521.SZ,51,2024-01-05,2024-12-27,0,0
primary_adjusted,2024,000523.SZ,51,2024-01-05,2024-12-27,0,0
primary_adjusted,2024,000524.SZ,51,2024-01-05,2024-12-27,0,0
primary_adjusted,2024,000525.SZ,47,2024-01-05,2024-12-27,0,0
primary_adjusted,2024,000526.SZ,51,2024-01-05,2024-12-27,0,0
primary_adjusted,2024,000528.SZ,51,2024-01-05,2024-12-27,0,0
primary_adjusted,2024,000529.SZ,51,2024-01-05,2024-12-27,0,0
primary_adjusted,2024,000530.SZ,51,2024-01-05,2024-12-27,0,0
primary_adjusted,2024,000531.SZ,51,2024-01-05,2024-12-27,0,0
primary_adjusted,2024,000532.SZ,51,2024-01-05,2024-12-27,0,0
primary_adjusted,2024,000533.SZ,51,2024-01-05,2024-12-27,0,0
primary_adjusted,2024,000534.SZ,51,2024-01-05,2024-12-27,0,0
primary_adjusted,2024,000536.SZ,51,2024-01-05,2024-12-27,0,0
primary_adjusted,2024,000537.SZ,51,2024-01-05,2024-12-27,0,0
primary_adjusted,2024,000538.SZ,51,2024-01-05,2024-12-27,0,0
primary_adjusted,2024,000539.SZ,51,2024-01-05,2024-12-27,0,0
primary_adjusted,2024,000541.SZ,51,2024-01-05,2024-12-27,0,0
primary_adjusted,2024,000543.SZ,51,2024-01-05,2024-12-27,0,0
primary_adjusted,2024,000544.SZ,51,2024-01-05,2024-12-27,0,0
primary_adjusted,2024,000545.SZ,51,2024-01-05,2024-12-27,0,0
primary_adjusted,2024,000546.SZ,51,2024-01-05,2024-12-27,0,0
primary_adjusted,2024,000547.SZ,51,2024-01-05,2024-12-27,0,0
primary_adjusted,2024,000548.SZ,51,2024-01-05,2024-12-27,0,0
primary_adjusted,2024,000550.SZ,51,2024-01-05,2024-12-27,0,0
primary_adjusted,2024,000551.SZ,51,2024-01-05,2024-12-27,0,0
primary_adjusted,2024,000552.SZ,51,2024-01-05,2024-12-27,0,0
primary_adjusted,2024,000553.SZ,51,2024-01-05,2024-12-27,0,0
primary_adjusted,2024,000554.SZ,51,2024-01-05,2024-12-27,0,0
primary_adjusted,2024,000555.SZ,51,2024-01-05,2024-12-27,0,0
primary_adjusted,2024,000557.SZ,51,2024-01-05,2024-12-27,0,0
primary_adjusted,2024,000558.SZ,51,2024-01-05,2024-12-27,0,0
primary_adjusted,2024,000559.SZ,49,2024-01-05,2024-12-27,0,0
primary_adjusted,2024,000560.SZ,51,2024-01-05,2024-12-27,0,0
primary_adjusted,2024,000561.SZ,51,2024-01-05,2024-12-27,0,0
primary_adjusted,2024,000563.SZ,51,2024-01-05,2024-12-27,0,0
primary_adjusted,2024,000564.SZ,51,2024-01-05,2024-12-27,0,0
primary_adjusted,2024,000565.SZ,51,2024-01-05,2024-12-27,0,0
primary_adjusted,2024,000566.SZ,51,2024-01-05,2024-12-27,0,0
primary_adjusted,2024,000567.SZ,51,2024-01-05,2024-12-27,0,0
primary_adjusted,2024,000568.SZ,51,2024-01-05,2024-12-27,0,0
primary_adjusted,2024,000570.SZ,51,2024-01-05,2024-12-27,0,0
primary_adjusted,2024,000571.SZ,51,2024-01-05,2024-12-27,0,0
primary_adjusted,2024,000572.SZ,51,2024-01-05,2024-12-27,0,0
primary_adjusted,2024,000573.SZ,51,2024-01-05,2024-12-27,0,0
primary_adjusted,2024,000576.SZ,51,2024-01-05,2024-12-27,0,0
primary_adjusted,2024,000581.SZ,51,2024-01-05,2024-12-27,0,0
primary_adjusted,2024,000582.SZ,51,2024-01-05,2024-12-27,0,0
primary_adjusted,2024,000584.SZ,51,2024-01-05,2024-12-27,0,0
primary_adjusted,2024,000586.SZ,51,2024-01-05,2024-12-27,0,0
primary_adjusted,2024,000589.SZ,51,2024-01-05,2024-12-27,0,0
primary_adjusted,2024,000590.SZ,51,2024-01-05,2024-12-27,0,0
primary_adjusted,2024,000591.SZ,51,2024-01-05,2024-12-27,0,0
primary_adjusted,2024,000592.SZ,51,2024-01-05,2024-12-27,0,0
primary_adjusted,2024,000593.SZ,51,2024-01-05,2024-12-27,0,0
primary_adjusted,2024,000595.SZ,51,2024-01-05,2024-12-27,0,0
primary_adjusted,2024,000596.SZ,51,2024-01-05,2024-12-27,0,0
primary_adjusted,2024,000597.SZ,51,2024-01-05,2024-12-27,0,0
primary_adjusted,2024,000598.SZ,51,2024-01-05,2024-12-27,0,0
primary_adjusted,2024,000599.SZ,50,2024-01-05,2024-12-27,0,0
primary_adjusted,2024,000600.SZ,51,2024-01-05,2024-12-27,0,0
primary_adjusted,2024,000601.SZ,51,2024-01-05,2024-12-27,0,0
primary_adjusted,2024,000603.SZ,50,2024-01-05,2024-12-27,0,0
primary_adjusted,2024,000605.SZ,51,2024-01-05,2024-12-27,0,0
primary_adjusted,2024,000607.SZ,51,2024-01-05,2024-12-27,0,0
primary_adjusted,2024,000608.SZ,51,2024-01-05,2024-12-27,0,0
primary_adjusted,2024,000609.SZ,51,2024-01-05,2024-12-27,0,0
primary_adjusted,2024,000610.SZ,51,2024-01-05,2024-12-27,0,0
primary_adjusted,2024,000612.SZ,51,2024-01-05,2024-12-27,0,0
primary_adjusted,2024,000615.SZ,51,2024-01-05,2024-12-27,0,0
primary_adjusted,2024,000617.SZ,51,2024-01-05,2024-12-27,0,0
primary_adjusted,2024,000619.SZ,51,2024-01-05,2024-12-27,0,0
primary_adjusted,2024,000620.SZ,51,2024-01-05,2024-12-27,0,0
primary_adjusted,2024,000622.SZ,51,2024-01-05,2024-12-27,0,0
primary_adjusted,2024,000623.SZ,51,2024-01-05,2024-12-27,0,0
primary_adjusted,2024,000625.SZ,51,2024-01-05,2024-12-27,0,0
primary_adjusted,2024,000626.SZ,51,2024-01-05,2024-12-27,0,0
primary_adjusted,2024,000627.SZ,51,2024-01-05,2024-12-27,0,0
primary_adjusted,2024,000628.SZ,51,2024-01-05,2024-12-27,0,0
primary_adjusted,2024,000629.SZ,51,2024-01-05,2024-12-27,0,0
primary_adjusted,2024,000630.SZ,51,2024-01-05,2024-12-27,0,0
primary_adjusted,2024,000631.SZ,51,2024-01-05,2024-12-27,0,0
primary_adjusted,2024,000632.SZ,51,2024-01-05,2024-12-27,0,0
primary_adjusted,2024,000633.SZ,51,2024-01-05,2024-12-27,0,0
primary_adjusted,2024,000635.SZ,51,2024-01-05,2024-12-27,0,0
primary_adjusted,2024,000636.SZ,51,2024-01-05,2024-12-27,0,0
primary_adjusted,2024,000637.SZ,51,2024-01-05,2024-12-27,0,0
primary_adjusted,2024,000638.SZ,51,2024-01-05,2024-12-27,0,0
primary_adjusted,2024,000639.SZ,51,2024-01-05,2024-12-27,0,0
primary_adjusted,2024,000650.SZ,51,2024-01-05,2024-12-27,0,0
primary_adjusted,2024,000651.SZ,51,2024-01-05,2024-12-27,0,0
primary_adjusted,2024,000652.SZ,51,2024-01-05,2024-12-27,0,0
primary_adjusted,2024,000655.SZ,51,2024-01-05,2024-12-27,0,0
primary_adjusted,2024,000656.SZ,51,2024-01-05,2024-12-27,0,0
primary_adjusted,2024,000657.SZ,50,2024-01-12,2024-12-27,0,0
primary_adjusted,2024,000659.SZ,51,2024-01-05,2024-12-27,0,0
primary_adjusted,2024,000661.SZ,51,2024-01-05,2024-12-27,0,0
primary_adjusted,2024,000663.SZ,51,2024-01-05,2024-12-27,0,0
primary_adjusted,2024,000665.SZ,51,2024-01-05,2024-12-27,0,0
primary_adjusted,2024,000668.SZ,51,2024-01-05,2024-12-27,0,0
primary_adjusted,2024,000669.SZ,51,2024-01-05,2024-12-27,0,0
primary_adjusted,2024,000670.SZ,51,2024-01-05,2024-12-27,0,0
primary_adjusted,2024,000672.SZ,51,2024-01-05,2024-12-27,0,0
primary_adjusted,2024,000676.SZ,51,2024-01-05,2024-12-27,0,0
primary_adjusted,2024,000677.SZ,51,2024-01-05,2024-12-27,0,0
primary_adjusted,2024,000678.SZ,51,2024-01-05,2024-12-27,0,0
primary_adjusted,2024,000679.SZ,51,2024-01-05,2024-12-27,0,0
primary_adjusted,2024,000680.SZ,51,2024-01-05,2024-12-27,0,0
primary_adjusted,2024,000681.SZ,51,2024-01-05,2024-12-27,0,0
primary_adjusted,2024,000682.SZ,51,2024-01-05,2024-12-27,0,0
primary_adjusted,2024,000683.SZ,51,2024-01-05,2024-12-27,0,0
primary_adjusted,2024,000685.SZ,51,2024-01-05,2024-12-27,0,0
primary_adjusted,2024,000686.SZ,51,2024-01-05,2024-12-27,0,0
primary_adjusted,2024,000688.SZ,51,2024-01-05,2024-12-27,0,0
primary_adjusted,2024,000690.SZ,51,2024-01-05,2024-12-27,0,0
primary_adjusted,2024,000691.SZ,51,2024-01-05,2024-12-27,0,0
primary_adjusted,2024,000692.SZ,51,2024-01-05,2024-12-27,0,0
primary_adjusted,2024,000695.SZ,51,2024-01-05,2024-12-27,0,0
primary_adjusted,2024,000697.SZ,51,2024-01-05,2024-12-27,0,0
primary_adjusted,2024,000698.SZ,51,2024-01-05,2024-12-27,0,0
primary_adjusted,2024,000700.SZ,51,2024-01-05,2024-12-27,0,0
primary_adjusted,2024,000701.SZ,51,2024-01-05,2024-12-27,0,0
primary_adjusted,2024,000702.SZ,51,2024-01-05,2024-12-27,0,0
primary_adjusted,2024,000703.SZ,51,2024-01-05,2024-12-27,0,0
primary_adjusted,2024,000705.SZ,51,2024-01-05,2024-12-27,0,0
primary_adjusted,2024,000707.SZ,51,2024-01-05,2024-12-27,0,0
primary_adjusted,2024,000708.SZ,51,2024-01-05,2024-12-27,0,0
primary_adjusted,2024,000709.SZ,51,2024-01-05,2024-12-27,0,0
primary_adjusted,2024,000710.SZ,51,2024-01-05,2024-12-27,0,0
primary_adjusted,2024,000711.SZ,51,2024-01-05,2024-12-27,0,0
primary_adjusted,2024,000712.SZ,51,2024-01-05,2024-12-27,0,0
primary_adjusted,2024,000713.SZ,51,2024-01-05,2024-12-27,0,0
primary_adjusted,2024,000715.SZ,51,2024-01-05,2024-12-27,0,0
primary_adjusted,2024,000716.SZ,51,2024-01-05,2024-12-27,0,0
primary_adjusted,2024,000717.SZ,51,2024-01-05,2024-12-27,0,0
primary_adjusted,2024,000718.SZ,51,2024-01-05,2024-12-27,0,0
primary_adjusted,2024,000719.SZ,51,2024-01-05,2024-12-27,0,0
primary_adjusted,2024,000720.SZ,51,2024-01-05,2024-12-27,0,0
primary_adjusted,2024,000721.SZ,51,2024-01-05,2024-12-27,0,0
primary_adjusted,2024,000722.SZ,51,2024-01-05,2024-12-27,0,0
primary_adjusted,2024,000723.SZ,51,2024-01-05,2024-12-27,0,0
primary_adjusted,2024,000725.SZ,51,2024-01-05,2024-12-27,0,0
primary_adjusted,2024,000726.SZ,51,2024-01-05,2024-12-27,0,0
primary_adjusted,2024,000727.SZ,51,2024-01-05,2024-12-27,0,0
primary_adjusted,2024,000728.SZ,51,2024-01-05,2024-12-27,0,0
primary_adjusted,2024,000729.SZ,51,2024-01-05,2024-12-27,0,0
primary_adjusted,2024,000731.SZ,51,2024-01-05,2024-12-27,0,0
primary_adjusted,2024,000733.SZ,51,2024-01-05,2024-12-27,0,0
primary_adjusted,2024,000735.SZ,51,2024-01-05,2024-12-27,0,0
primary_adjusted,2024,000736.SZ,51,2024-01-05,2024-12-27,0,0
primary_adjusted,2024,000737.SZ,51,2024-01-05,2024-12-27,0,0
primary_adjusted,2024,000738.SZ,51,2024-01-05,2024-12-27,0,0
primary_adjusted,2024,000739.SZ,51,2024-01-05,2024-12-27,0,0
primary_adjusted,2024,000750.SZ,51,2024-01-05,2024-12-27,0,0
primary_adjusted,2024,000751.SZ,51,2024-01-05,2024-12-27,0,0
primary_adjusted,2024,000752.SZ,51,2024-01-05,2024-12-27,0,0
primary_adjusted,2024,000753.SZ,51,2024-01-05,2024-12-27,0,0
primary_adjusted,2024,000755.SZ,51,2024-01-05,2024-12-27,0,0
primary_adjusted,2024,000756.SZ,51,2024-01-05,2024-12-27,0,0
primary_adjusted,2024,000757.SZ,51,2024-01-05,2024-12-27,0,0
primary_adjusted,2024,000758.SZ,51,2024-01-05,2024-12-27,0,0
primary_adjusted,2024,000759.SZ,51,2024-01-05,2024-12-27,0,0
primary_adjusted,2024,000761.SZ,51,2024-01-05,2024-12-27,0,0
primary_adjusted,2024,000762.SZ,51,2024-01-05,2024-12-27,0,0
primary_adjusted,2024,000766.SZ,51,2024-01-05,2024-12-27,0,0
primary_adjusted,2024,000767.SZ,51,2024-01-05,2024-12-27,0,0
primary_adjusted,2024,000768.SZ,51,2024-01-05,2024-12-27,0,0
primary_adjusted,2024,000776.SZ,51,2024-01-05,2024-12-27,0,0
primary_adjusted,2024,000777.SZ,51,2024-01-05,2024-12-27,0,0
primary_adjusted,2024,000778.SZ,51,2024-01-05,2024-12-27,0,0
primary_adjusted,2024,000779.SZ,51,2024-01-05,2024-12-27,0,0
primary_adjusted,2024,000782.SZ,51,2024-01-05,2024-12-27,0,0
primary_adjusted,2024,000783.SZ,51,2024-01-05,2024-12-27,0,0
primary_adjusted,2024,000785.SZ,51,2024-01-05,2024-12-27,0,0
primary_adjusted,2024,000786.SZ,51,2024-01-05,2024-12-27,0,0
primary_adjusted,2024,000788.SZ,51,2024-01-05,2024-12-27,0,0
primary_adjusted,2024,000789.SZ,51,2024-01-05,2024-12-27,0,0
primary_adjusted,2024,000790.SZ,51,2024-01-05,2024-12-27,0,0
primary_adjusted,2024,000791.SZ,50,2024-01-05,2024-12-27,0,0
primary_adjusted,2024,000792.SZ,51,2024-01-05,2024-12-27,0,0
primary_adjusted,2024,000793.SZ,51,2024-01-05,2024-12-27,0,0
primary_adjusted,2024,000795.SZ,51,2024-01-05,2024-12-27,0,0
primary_adjusted,2024,000796.SZ,51,2024-01-05,2024-12-27,0,0
primary_adjusted,2024,000797.SZ,51,2024-01-05,2024-12-27,0,0
primary_adjusted,2024,000798.SZ,51,2024-01-05,2024-12-27,0,0
primary_adjusted,2024,000799.SZ,51,2024-01-05,2024-12-27,0,0
primary_adjusted,2024,000800.SZ,51,2024-01-05,2024-12-27,0,0
primary_adjusted,2024,000801.SZ,51,2024-01-05,2024-12-27,0,0
primary_adjusted,2024,000802.SZ,51,2024-01-05,2024-12-27,0,0
primary_adjusted,2024,000803.SZ,51,2024-01-05,2024-12-27,0,0
primary_adjusted,2024,000807.SZ,51,2024-01-05,2024-12-27,0,0
primary_adjusted,2024,000809.SZ,51,2024-01-05,2024-12-27,0,0
primary_adjusted,2024,000810.SZ,51,2024-01-05,2024-12-27,0,0
primary_adjusted,2024,000811.SZ,51,2024-01-05,2024-12-27,0,0
primary_adjusted,2024,000812.SZ,51,2024-01-05,2024-12-27,0,0
primary_adjusted,2024,000813.SZ,51,2024-01-05,2024-12-27,0,0
primary_adjusted,2025,000001.SZ,52,2025-01-03,2025-12-26,0,0
primary_adjusted,2025,000002.SZ,52,2025-01-03,2025-12-26,0,0
primary_adjusted,2025,000004.SZ,52,2025-01-03,2025-12-26,0,0
primary_adjusted,2025,000006.SZ,52,2025-01-03,2025-12-26,0,0
primary_adjusted,2025,000007.SZ,52,2025-01-03,2025-12-26,0,0
primary_adjusted,2025,000008.SZ,52,2025-01-03,2025-12-26,0,0
primary_adjusted,2025,000009.SZ,52,2025-01-03,2025-12-26,0,0
primary_adjusted,2025,000010.SZ,52,2025-01-03,2025-12-26,0,0
primary_adjusted,2025,000011.SZ,52,2025-01-03,2025-12-26,0,0
primary_adjusted,2025,000012.SZ,52,2025-01-03,2025-12-26,0,0
primary_adjusted,2025,000014.SZ,52,2025-01-03,2025-12-26,0,0
primary_adjusted,2025,000016.SZ,50,2025-01-17,2025-12-26,0,0
primary_adjusted,2025,000017.SZ,52,2025-01-03,2025-12-26,0,0
primary_adjusted,2025,000019.SZ,52,2025-01-03,2025-12-26,0,0
primary_adjusted,2025,000020.SZ,52,2025-01-03,2025-12-26,0,0
primary_adjusted,2025,000021.SZ,52,2025-01-03,2025-12-26,0,0
primary_adjusted,2025,000025.SZ,52,2025-01-03,2025-12-26,0,0
primary_adjusted,2025,000026.SZ,52,2025-01-03,2025-12-26,0,0
primary_adjusted,2025,000027.SZ,52,2025-01-03,2025-12-26,0,0
primary_adjusted,2025,000028.SZ,52,2025-01-03,2025-12-26,0,0
primary_adjusted,2025,000029.SZ,52,2025-01-03,2025-12-26,0,0
primary_adjusted,2025,000030.SZ,52,2025-01-03,2025-12-26,0,0
primary_adjusted,2025,000031.SZ,52,2025-01-03,2025-12-26,0,0
primary_adjusted,2025,000032.SZ,52,2025-01-03,2025-12-26,0,0
primary_adjusted,2025,000034.SZ,52,2025-01-03,2025-12-26,0,0
primary_adjusted,2025,000035.SZ,52,2025-01-03,2025-12-26,0,0
primary_adjusted,2025,000036.SZ,52,2025-01-03,2025-12-26,0,0
primary_adjusted,2025,000037.SZ,52,2025-01-03,2025-12-26,0,0
primary_adjusted,2025,000039.SZ,52,2025-01-03,2025-12-26,0,0
primary_adjusted,2025,000040.SZ,6,2025-01-03,2025-04-04,0,0
primary_adjusted,2025,000042.SZ,52,2025-01-03,2025-12-26,0,0
primary_adjusted,2025,000045.SZ,52,2025-01-03,2025-12-26,0,0
primary_adjusted,2025,000048.SZ,52,2025-01-03,2025-12-26,0,0
primary_adjusted,2025,000049.SZ,52,2025-01-03,2025-12-26,0,0
primary_adjusted,2025,000050.SZ,52,2025-01-03,2025-12-26,0,0
primary_adjusted,2025,000055.SZ,52,2025-01-03,2025-12-26,0,0
primary_adjusted,2025,000056.SZ,52,2025-01-03,2025-12-26,0,0
primary_adjusted,2025,000058.SZ,52,2025-01-03,2025-12-26,0,0
primary_adjusted,2025,000059.SZ,52,2025-01-03,2025-12-26,0,0
primary_adjusted,2025,000060.SZ,52,2025-01-03,2025-12-26,0,0
primary_adjusted,2025,000061.SZ,52,2025-01-03,2025-12-26,0,0
primary_adjusted,2025,000062.SZ,52,2025-01-03,2025-12-26,0,0
primary_adjusted,2025,000063.SZ,52,2025-01-03,2025-12-26,0,0
primary_adjusted,2025,000065.SZ,52,2025-01-03,2025-12-26,0,0
primary_adjusted,2025,000066.SZ,52,2025-01-03,2025-12-26,0,0
primary_adjusted,2025,000068.SZ,52,2025-01-03,2025-12-26,0,0
primary_adjusted,2025,000069.SZ,52,2025-01-03,2025-12-26,0,0
primary_adjusted,2025,000070.SZ,52,2025-01-03,2025-12-26,0,0
primary_adjusted,2025,000078.SZ,52,2025-01-03,2025-12-26,0,0
primary_adjusted,2025,000088.SZ,52,2025-01-03,2025-12-26,0,0
primary_adjusted,2025,000089.SZ,52,2025-01-03,2025-12-26,0,0
primary_adjusted,2025,000090.SZ,52,2025-01-03,2025-12-26,0,0
primary_adjusted,2025,000096.SZ,52,2025-01-03,2025-12-26,0,0
primary_adjusted,2025,000099.SZ,52,2025-01-03,2025-12-26,0,0
primary_adjusted,2025,000100.SZ,52,2025-01-03,2025-12-26,0,0
primary_adjusted,2025,000151.SZ,51,2025-01-03,2025-12-26,0,0
primary_adjusted,2025,000153.SZ,52,2025-01-03,2025-12-26,0,0
primary_adjusted,2025,000155.SZ,52,2025-01-03,2025-12-26,0,0
primary_adjusted,2025,000156.SZ,52,2025-01-03,2025-12-26,0,0
primary_adjusted,2025,000157.SZ,52,2025-01-03,2025-12-26,0,0
primary_adjusted,2025,000158.SZ,52,2025-01-03,2025-12-26,0,0
primary_adjusted,2025,000159.SZ,52,2025-01-03,2025-12-26,0,0
primary_adjusted,2025,000166.SZ,52,2025-01-03,2025-12-26,0,0
primary_adjusted,2025,000301.SZ,52,2025-01-03,2025-12-26,0,0
primary_adjusted,2025,000333.SZ,52,2025-01-03,2025-12-26,0,0
primary_adjusted,2025,000338.SZ,52,2025-01-03,2025-12-26,0,0
primary_adjusted,2025,000400.SZ,52,2025-01-03,2025-12-26,0,0
primary_adjusted,2025,000401.SZ,52,2025-01-03,2025-12-26,0,0
primary_adjusted,2025,000402.SZ,52,2025-01-03,2025-12-26,0,0
primary_adjusted,2025,000403.SZ,52,2025-01-03,2025-12-26,0,0
primary_adjusted,2025,000404.SZ,52,2025-01-03,2025-12-26,0,0
primary_adjusted,2025,000407.SZ,51,2025-01-03,2025-12-26,0,0
primary_adjusted,2025,000408.SZ,52,2025-01-03,2025-12-26,0,0
primary_adjusted,2025,000409.SZ,52,2025-01-03,2025-12-26,0,0
primary_adjusted,2025,000410.SZ,52,2025-01-03,2025-12-26,0,0
primary_adjusted,2025,000411.SZ,52,2025-01-03,2025-12-26,0,0
primary_adjusted,2025,000415.SZ,52,2025-01-03,2025-12-26,0,0
primary_adjusted,2025,000417.SZ,52,2025-01-03,2025-12-26,0,0
primary_adjusted,2025,000419.SZ,52,2025-01-03,2025-12-26,0,0
primary_adjusted,2025,000420.SZ,52,2025-01-03,2025-12-26,0,0
primary_adjusted,2025,000421.SZ,50,2025-01-17,2025-12-26,0,0
primary_adjusted,2025,000422.SZ,52,2025-01-03,2025-12-26,0,0
primary_adjusted,2025,000423.SZ,52,2025-01-03,2025-12-26,0,0
primary_adjusted,2025,000425.SZ,52,2025-01-03,2025-12-26,0,0
primary_adjusted,2025,000426.SZ,52,2025-01-03,2025-12-26,0,0
primary_adjusted,2025,000428.SZ,52,2025-01-03,2025-12-26,0,0
primary_adjusted,2025,000429.SZ,52,2025-01-03,2025-12-26,0,0
primary_adjusted,2025,000430.SZ,52,2025-01-03,2025-12-26,0,0
primary_adjusted,2025,000488.SZ,52,2025-01-03,2025-12-26,0,0
primary_adjusted,2025,000498.SZ,52,2025-01-03,2025-12-26,0,0
primary_adjusted,2025,000501.SZ,52,2025-01-03,2025-12-26,0,0
primary_adjusted,2025,000503.SZ,52,2025-01-03,2025-12-26,0,0
primary_adjusted,2025,000504.SZ,52,2025-01-03,2025-12-26,0,0
primary_adjusted,2025,000505.SZ,52,2025-01-03,2025-12-26,0,0
primary_adjusted,2025,000506.SZ,52,2025-01-03,2025-12-26,0,0
primary_adjusted,2025,000507.SZ,52,2025-01-03,2025-12-26,0,0
primary_adjusted,2025,000509.SZ,52,2025-01-03,2025-12-26,0,0
primary_adjusted,2025,000510.SZ,52,2025-01-03,2025-12-26,0,0
primary_adjusted,2025,000513.SZ,52,2025-01-03,2025-12-26,0,0
primary_adjusted,2025,000514.SZ,52,2025-01-03,2025-12-26,0,0
primary_adjusted,2025,000516.SZ,52,2025-01-03,2025-12-26,0,0
primary_adjusted,2025,000517.SZ,52,2025-01-03,2025-12-26,0,0
primary_adjusted,2025,000518.SZ,52,2025-01-03,2025-12-26,0,0
primary_adjusted,2025,000519.SZ,52,2025-01-03,2025-12-26,0,0
primary_adjusted,2025,000520.SZ,52,2025-01-03,2025-12-26,0,0
primary_adjusted,2025,000521.SZ,52,2025-01-03,2025-12-26,0,0
primary_adjusted,2025,000523.SZ,52,2025-01-03,2025-12-26,0,0
primary_adjusted,2025,000524.SZ,52,2025-01-03,2025-12-26,0,0
primary_adjusted,2025,000525.SZ,52,2025-01-03,2025-12-26,0,0
primary_adjusted,2025,000526.SZ,52,2025-01-03,2025-12-26,0,0
primary_adjusted,2025,000528.SZ,52,2025-01-03,2025-12-26,0,0
primary_adjusted,2025,000529.SZ,52,2025-01-03,2025-12-26,0,0
primary_adjusted,2025,000530.SZ,52,2025-01-03,2025-12-26,0,0
primary_adjusted,2025,000531.SZ,52,2025-01-03,2025-12-26,0,0
primary_adjusted,2025,000532.SZ,52,2025-01-03,2025-12-26,0,0
primary_adjusted,2025,000533.SZ,52,2025-01-03,2025-12-26,0,0
primary_adjusted,2025,000534.SZ,52,2025-01-03,2025-12-26,0,0
primary_adjusted,2025,000536.SZ,52,2025-01-03,2025-12-26,0,0
primary_adjusted,2025,000537.SZ,52,2025-01-03,2025-12-26,0,0
primary_adjusted,2025,000538.SZ,52,2025-01-03,2025-12-26,0,0
primary_adjusted,2025,000539.SZ,52,2025-01-03,2025-12-26,0,0
primary_adjusted,2025,000541.SZ,52,2025-01-03,2025-12-26,0,0
primary_adjusted,2025,000543.SZ,52,2025-01-03,2025-12-26,0,0
primary_adjusted,2025,000544.SZ,52,2025-01-03,2025-12-26,0,0
primary_adjusted,2025,000545.SZ,51,2025-01-03,2025-12-26,0,0
primary_adjusted,2025,000546.SZ,52,2025-01-03,2025-12-26,0,0
primary_adjusted,2025,000547.SZ,52,2025-01-03,2025-12-26,0,0
primary_adjusted,2025,000548.SZ,52,2025-01-03,2025-12-26,0,0
primary_adjusted,2025,000550.SZ,52,2025-01-03,2025-12-26,0,0
primary_adjusted,2025,000551.SZ,52,2025-01-03,2025-12-26,0,0
primary_adjusted,2025,000552.SZ,52,2025-01-03,2025-12-26,0,0
primary_adjusted,2025,000553.SZ,52,2025-01-03,2025-12-26,0,0
primary_adjusted,2025,000554.SZ,52,2025-01-03,2025-12-26,0,0
primary_adjusted,2025,000555.SZ,52,2025-01-03,2025-12-26,0,0
primary_adjusted,2025,000557.SZ,52,2025-01-03,2025-12-26,0,0
primary_adjusted,2025,000558.SZ,52,2025-01-03,2025-12-26,0,0
primary_adjusted,2025,000559.SZ,52,2025-01-03,2025-12-26,0,0
primary_adjusted,2025,000560.SZ,52,2025-01-03,2025-12-26,0,0
primary_adjusted,2025,000561.SZ,52,2025-01-03,2025-12-26,0,0
primary_adjusted,2025,000563.SZ,52,2025-01-03,2025-12-26,0,0
primary_adjusted,2025,000564.SZ,52,2025-01-03,2025-12-26,0,0
primary_adjusted,2025,000565.SZ,52,2025-01-03,2025-12-26,0,0
primary_adjusted,2025,000566.SZ,52,2025-01-03,2025-12-26,0,0
primary_adjusted,2025,000567.SZ,52,2025-01-03,2025-12-26,0,0
primary_adjusted,2025,000568.SZ,52,2025-01-03,2025-12-26,0,0
primary_adjusted,2025,000570.SZ,52,2025-01-03,2025-12-26,0,0
primary_adjusted,2025,000571.SZ,52,2025-01-03,2025-12-26,0,0
primary_adjusted,2025,000572.SZ,52,2025-01-03,2025-12-26,0,0
primary_adjusted,2025,000573.SZ,52,2025-01-03,2025-12-26,0,0
primary_adjusted,2025,000576.SZ,52,2025-01-03,2025-12-26,0,0
primary_adjusted,2025,000581.SZ,52,2025-01-03,2025-12-26,0,0
primary_adjusted,2025,000582.SZ,52,2025-01-03,2025-12-26,0,0
primary_adjusted,2025,000584.SZ,21,2025-01-03,2025-07-11,0,0
primary_adjusted,2025,000586.SZ,52,2025-01-03,2025-12-26,0,0
primary_adjusted,2025,000589.SZ,52,2025-01-03,2025-12-26,0,0
primary_adjusted,2025,000590.SZ,52,2025-01-03,2025-12-26,0,0
primary_adjusted,2025,000591.SZ,52,2025-01-03,2025-12-26,0,0
primary_adjusted,2025,000592.SZ,52,2025-01-03,2025-12-26,0,0
primary_adjusted,2025,000593.SZ,52,2025-01-03,2025-12-26,0,0
primary_adjusted,2025,000595.SZ,52,2025-01-03,2025-12-26,0,0
primary_adjusted,2025,000596.SZ,52,2025-01-03,2025-12-26,0,0
primary_adjusted,2025,000597.SZ,52,2025-01-03,2025-12-26,0,0
primary_adjusted,2025,000598.SZ,52,2025-01-03,2025-12-26,0,0
primary_adjusted,2025,000599.SZ,52,2025-01-03,2025-12-26,0,0
primary_adjusted,2025,000600.SZ,52,2025-01-03,2025-12-26,0,0
primary_adjusted,2025,000601.SZ,52,2025-01-03,2025-12-26,0,0
primary_adjusted,2025,000603.SZ,52,2025-01-03,2025-12-26,0,0
primary_adjusted,2025,000605.SZ,52,2025-01-03,2025-12-26,0,0
primary_adjusted,2025,000607.SZ,52,2025-01-03,2025-12-26,0,0
primary_adjusted,2025,000608.SZ,52,2025-01-03,2025-12-26,0,0
primary_adjusted,2025,000609.SZ,52,2025-01-03,2025-12-26,0,0
primary_adjusted,2025,000610.SZ,52,2025-01-03,2025-12-26,0,0
primary_adjusted,2025,000612.SZ,50,2025-01-03,2025-12-26,0,0
primary_adjusted,2025,000615.SZ,52,2025-01-03,2025-12-26,0,0
primary_adjusted,2025,000617.SZ,52,2025-01-03,2025-12-26,0,0
primary_adjusted,2025,000619.SZ,52,2025-01-03,2025-12-26,0,0
primary_adjusted,2025,000620.SZ,52,2025-01-03,2025-12-26,0,0
primary_adjusted,2025,000622.SZ,22,2025-01-03,2025-07-18,0,0
primary_adjusted,2025,000623.SZ,52,2025-01-03,2025-12-26,0,0
primary_adjusted,2025,000625.SZ,52,2025-01-03,2025-12-26,0,0
primary_adjusted,2025,000626.SZ,52,2025-01-03,2025-12-26,0,0
primary_adjusted,2025,000627.SZ,24,2025-01-03,2025-08-15,0,0
primary_adjusted,2025,000628.SZ,52,2025-01-03,2025-12-26,0,0
primary_adjusted,2025,000629.SZ,52,2025-01-03,2025-12-26,0,0
primary_adjusted,2025,000630.SZ,52,2025-01-03,2025-12-26,0,0
primary_adjusted,2025,000631.SZ,52,2025-01-03,2025-12-26,0,0
primary_adjusted,2025,000632.SZ,52,2025-01-03,2025-12-26,0,0
primary_adjusted,2025,000633.SZ,52,2025-01-03,2025-12-26,0,0
primary_adjusted,2025,000635.SZ,52,2025-01-03,2025-12-26,0,0
primary_adjusted,2025,000636.SZ,52,2025-01-03,2025-12-26,0,0
primary_adjusted,2025,000637.SZ,52,2025-01-03,2025-12-26,0,0
primary_adjusted,2025,000638.SZ,52,2025-01-03,2025-12-26,0,0
primary_adjusted,2025,000639.SZ,52,2025-01-03,2025-12-26,0,0
primary_adjusted,2025,000650.SZ,52,2025-01-03,2025-12-26,0,0
primary_adjusted,2025,000651.SZ,52,2025-01-03,2025-12-26,0,0
primary_adjusted,2025,000652.SZ,52,2025-01-03,2025-12-26,0,0
primary_adjusted,2025,000655.SZ,52,2025-01-03,2025-12-26,0,0
primary_adjusted,2025,000656.SZ,52,2025-01-03,2025-12-26,0,0
primary_adjusted,2025,000657.SZ,52,2025-01-03,2025-12-26,0,0
primary_adjusted,2025,000659.SZ,52,2025-01-03,2025-12-26,0,0
primary_adjusted,2025,000661.SZ,52,2025-01-03,2025-12-26,0,0
primary_adjusted,2025,000663.SZ,52,2025-01-03,2025-12-26,0,0
primary_adjusted,2025,000665.SZ,52,2025-01-03,2025-12-26,0,0
primary_adjusted,2025,000668.SZ,52,2025-01-03,2025-12-26,0,0
primary_adjusted,2025,000669.SZ,52,2025-01-03,2025-12-26,0,0
primary_adjusted,2025,000670.SZ,52,2025-01-03,2025-12-26,0,0
primary_adjusted,2025,000672.SZ,52,2025-01-03,2025-12-26,0,0
primary_adjusted,2025,000676.SZ,52,2025-01-03,2025-12-26,0,0
primary_adjusted,2025,000677.SZ,52,2025-01-03,2025-12-26,0,0
primary_adjusted,2025,000678.SZ,52,2025-01-03,2025-12-26,0,0
primary_adjusted,2025,000679.SZ,52,2025-01-03,2025-12-26,0,0
primary_adjusted,2025,000680.SZ,52,2025-01-03,2025-12-26,0,0
primary_adjusted,2025,000681.SZ,52,2025-01-03,2025-12-26,0,0
primary_adjusted,2025,000682.SZ,52,2025-01-03,2025-12-26,0,0
primary_adjusted,2025,000683.SZ,52,2025-01-03,2025-12-26,0,0
primary_adjusted,2025,000685.SZ,52,2025-01-03,2025-12-26,0,0
primary_adjusted,2025,000686.SZ,52,2025-01-03,2025-12-26,0,0
primary_adjusted,2025,000688.SZ,52,2025-01-03,2025-12-26,0,0
primary_adjusted,2025,000690.SZ,52,2025-01-03,2025-12-26,0,0
primary_adjusted,2025,000691.SZ,52,2025-01-03,2025-12-26,0,0
primary_adjusted,2025,000692.SZ,52,2025-01-03,2025-12-26,0,0
primary_adjusted,2025,000695.SZ,50,2025-01-03,2025-12-26,0,0
primary_adjusted,2025,000697.SZ,52,2025-01-03,2025-12-26,0,0
primary_adjusted,2025,000698.SZ,52,2025-01-03,2025-12-26,0,0
primary_adjusted,2025,000700.SZ,52,2025-01-03,2025-12-26,0,0
primary_adjusted,2025,000701.SZ,52,2025-01-03,2025-12-26,0,0
primary_adjusted,2025,000702.SZ,52,2025-01-03,2025-12-26,0,0
primary_adjusted,2025,000703.SZ,52,2025-01-03,2025-12-26,0,0
primary_adjusted,2025,000705.SZ,52,2025-01-03,2025-12-26,0,0
primary_adjusted,2025,000707.SZ,52,2025-01-03,2025-12-26,0,0
primary_adjusted,2025,000708.SZ,52,2025-01-03,2025-12-26,0,0
primary_adjusted,2025,000709.SZ,52,2025-01-03,2025-12-26,0,0
primary_adjusted,2025,000710.SZ,52,2025-01-03,2025-12-26,0,0
primary_adjusted,2025,000711.SZ,52,2025-01-03,2025-12-26,0,0
primary_adjusted,2025,000712.SZ,52,2025-01-03,2025-12-26,0,0
primary_adjusted,2025,000713.SZ,52,2025-01-03,2025-12-26,0,0
primary_adjusted,2025,000715.SZ,52,2025-01-03,2025-12-26,0,0
primary_adjusted,2025,000716.SZ,51,2025-01-03,2025-12-26,0,0
primary_adjusted,2025,000717.SZ,52,2025-01-03,2025-12-26,0,0
primary_adjusted,2025,000718.SZ,52,2025-01-03,2025-12-26,0,0
primary_adjusted,2025,000719.SZ,52,2025-01-03,2025-12-26,0,0
primary_adjusted,2025,000720.SZ,52,2025-01-03,2025-12-26,0,0
primary_adjusted,2025,000721.SZ,52,2025-01-03,2025-12-26,0,0
primary_adjusted,2025,000722.SZ,51,2025-01-03,2025-12-26,0,0
primary_adjusted,2025,000723.SZ,52,2025-01-03,2025-12-26,0,0
primary_adjusted,2025,000725.SZ,52,2025-01-03,2025-12-26,0,0
primary_adjusted,2025,000726.SZ,52,2025-01-03,2025-12-26,0,0
primary_adjusted,2025,000727.SZ,52,2025-01-03,2025-12-26,0,0
primary_adjusted,2025,000728.SZ,52,2025-01-03,2025-12-26,0,0
primary_adjusted,2025,000729.SZ,52,2025-01-03,2025-12-26,0,0
primary_adjusted,2025,000731.SZ,52,2025-01-03,2025-12-26,0,0
primary_adjusted,2025,000733.SZ,52,2025-01-03,2025-12-26,0,0
primary_adjusted,2025,000735.SZ,52,2025-01-03,2025-12-26,0,0
primary_adjusted,2025,000736.SZ,52,2025-01-03,2025-12-26,0,0
primary_adjusted,2025,000737.SZ,52,2025-01-03,2025-12-26,0,0
primary_adjusted,2025,000738.SZ,52,2025-01-03,2025-12-26,0,0
primary_adjusted,2025,000739.SZ,52,2025-01-03,2025-12-26,0,0
primary_adjusted,2025,000750.SZ,52,2025-01-03,2025-12-26,0,0
primary_adjusted,2025,000751.SZ,52,2025-01-03,2025-12-26,0,0
primary_adjusted,2025,000752.SZ,52,2025-01-03,2025-12-26,0,0
primary_adjusted,2025,000753.SZ,52,2025-01-03,2025-12-26,0,0
primary_adjusted,2025,000755.SZ,52,2025-01-03,2025-12-26,0,0
primary_adjusted,2025,000756.SZ,52,2025-01-03,2025-12-26,0,0
primary_adjusted,2025,000757.SZ,52,2025-01-03,2025-12-26,0,0
primary_adjusted,2025,000758.SZ,52,2025-01-03,2025-12-26,0,0
primary_adjusted,2025,000759.SZ,52,2025-01-03,2025-12-26,0,0
primary_adjusted,2025,000761.SZ,52,2025-01-03,2025-12-26,0,0
primary_adjusted,2025,000762.SZ,52,2025-01-03,2025-12-26,0,0
primary_adjusted,2025,000766.SZ,52,2025-01-03,2025-12-26,0,0
primary_adjusted,2025,000767.SZ,52,2025-01-03,2025-12-26,0,0
primary_adjusted,2025,000768.SZ,52,2025-01-03,2025-12-26,0,0
primary_adjusted,2025,000776.SZ,52,2025-01-03,2025-12-26,0,0
primary_adjusted,2025,000777.SZ,50,2025-01-17,2025-12-26,0,0
primary_adjusted,2025,000778.SZ,52,2025-01-03,2025-12-26,0,0
primary_adjusted,2025,000779.SZ,52,2025-01-03,2025-12-26,0,0
primary_adjusted,2025,000782.SZ,52,2025-01-03,2025-12-26,0,0
primary_adjusted,2025,000783.SZ,52,2025-01-03,2025-12-26,0,0
primary_adjusted,2025,000785.SZ,52,2025-01-03,2025-12-26,0,0
primary_adjusted,2025,000786.SZ,52,2025-01-03,2025-12-26,0,0
primary_adjusted,2025,000788.SZ,52,2025-01-03,2025-12-26,0,0
primary_adjusted,2025,000789.SZ,52,2025-01-03,2025-12-26,0,0
primary_adjusted,2025,000790.SZ,52,2025-01-03,2025-12-26,0,0
primary_adjusted,2025,000791.SZ,52,2025-01-03,2025-12-26,0,0
primary_adjusted,2025,000792.SZ,52,2025-01-03,2025-12-26,0,0
primary_adjusted,2025,000793.SZ,52,2025-01-03,2025-12-26,0,0
primary_adjusted,2025,000795.SZ,52,2025-01-03,2025-12-26,0,0
primary_adjusted,2025,000796.SZ,52,2025-01-03,2025-12-26,0,0
primary_adjusted,2025,000797.SZ,52,2025-01-03,2025-12-26,0,0
primary_adjusted,2025,000798.SZ,52,2025-01-03,2025-12-26,0,0
primary_adjusted,2025,000799.SZ,52,2025-01-03,2025-12-26,0,0
primary_adjusted,2025,000800.SZ,52,2025-01-03,2025-12-26,0,0
primary_adjusted,2025,000801.SZ,52,2025-01-03,2025-12-26,0,0
primary_adjusted,2025,000802.SZ,52,2025-01-03,2025-12-26,0,0
primary_adjusted,2025,000803.SZ,52,2025-01-03,2025-12-26,0,0
primary_adjusted,2025,000807.SZ,52,2025-01-03,2025-12-26,0,0
primary_adjusted,2025,000809.SZ,52,2025-01-03,2025-12-26,0,0
primary_adjusted,2025,000810.SZ,52,2025-01-03,2025-12-26,0,0
primary_adjusted,2025,000811.SZ,52,2025-01-03,2025-12-26,0,0
primary_adjusted,2025,000812.SZ,52,2025-01-03,2025-12-26,0,0
primary_adjusted,2025,000813.SZ,52,2025-01-03,2025-12-26,0,0
primary_adjusted,2026,000001.SZ,38,2026-01-02,2026-09-25,0,0
primary_adjusted,2026,000002.SZ,38,2026-01-02,2026-09-25,0,0
primary_adjusted,2026,000004.SZ,21,2026-01-02,2026-07-17,0,0
primary_adjusted,2026,000006.SZ,38,2026-01-02,2026-09-25,0,0
primary_adjusted,2026,000007.SZ,38,2026-01-02,2026-09-25,0,0
primary_adjusted,2026,000008.SZ,38,2026-01-02,2026-09-25,0,0
primary_adjusted,2026,000009.SZ,38,2026-01-02,2026-09-25,0,0
primary_adjusted,2026,000010.SZ,38,2026-01-02,2026-09-25,0,0
primary_adjusted,2026,000011.SZ,38,2026-01-02,2026-09-25,0,0
primary_adjusted,2026,000012.SZ,38,2026-01-02,2026-09-25,0,0
primary_adjusted,2026,000014.SZ,38,2026-01-02,2026-09-25,0,0
primary_adjusted,2026,000016.SZ,35,2026-01-02,2026-09-04,0,0
primary_adjusted,2026,000017.SZ,38,2026-01-02,2026-09-25,0,0
primary_adjusted,2026,000019.SZ,38,2026-01-02,2026-09-25,0,0
primary_adjusted,2026,000020.SZ,38,2026-01-02,2026-09-25,0,0
primary_adjusted,2026,000021.SZ,38,2026-01-02,2026-09-25,0,0
primary_adjusted,2026,000025.SZ,38,2026-01-02,2026-09-25,0,0
primary_adjusted,2026,000026.SZ,38,2026-01-02,2026-09-25,0,0
primary_adjusted,2026,000027.SZ,38,2026-01-02,2026-09-25,0,0
primary_adjusted,2026,000028.SZ,38,2026-01-02,2026-09-25,0,0
primary_adjusted,2026,000029.SZ,38,2026-01-02,2026-09-25,0,0
primary_adjusted,2026,000030.SZ,38,2026-01-02,2026-09-25,0,0
primary_adjusted,2026,000031.SZ,38,2026-01-02,2026-09-25,0,0
primary_adjusted,2026,000032.SZ,38,2026-01-02,2026-09-25,0,0
primary_adjusted,2026,000034.SZ,38,2026-01-02,2026-09-25,0,0
primary_adjusted,2026,000035.SZ,38,2026-01-02,2026-09-25,0,0
primary_adjusted,2026,000036.SZ,38,2026-01-02,2026-09-25,0,0
primary_adjusted,2026,000037.SZ,38,2026-01-02,2026-09-25,0,0
primary_adjusted,2026,000039.SZ,38,2026-01-02,2026-09-25,0,0
primary_adjusted,2026,000042.SZ,38,2026-01-02,2026-09-25,0,0
primary_adjusted,2026,000045.SZ,38,2026-01-02,2026-09-25,0,0
primary_adjusted,2026,000048.SZ,38,2026-01-02,2026-09-25,0,0
primary_adjusted,2026,000049.SZ,38,2026-01-02,2026-09-25,0,0
primary_adjusted,2026,000050.SZ,38,2026-01-02,2026-09-25,0,0
primary_adjusted,2026,000055.SZ,38,2026-01-02,2026-09-25,0,0
primary_adjusted,2026,000056.SZ,38,2026-01-02,2026-09-25,0,0
primary_adjusted,2026,000058.SZ,38,2026-01-02,2026-09-25,0,0
primary_adjusted,2026,000059.SZ,38,2026-01-02,2026-09-25,0,0
primary_adjusted,2026,000060.SZ,38,2026-01-02,2026-09-25,0,0
primary_adjusted,2026,000061.SZ,38,2026-01-02,2026-09-25,0,0
primary_adjusted,2026,000062.SZ,38,2026-01-02,2026-09-25,0,0
primary_adjusted,2026,000063.SZ,38,2026-01-02,2026-09-25,0,0
primary_adjusted,2026,000065.SZ,38,2026-01-02,2026-09-25,0,0
primary_adjusted,2026,000066.SZ,38,2026-01-02,2026-09-25,0,0
primary_adjusted,2026,000068.SZ,38,2026-01-02,2026-09-25,0,0
primary_adjusted,2026,000069.SZ,38,2026-01-02,2026-09-25,0,0
primary_adjusted,2026,000070.SZ,38,2026-01-02,2026-09-25,0,0
primary_adjusted,2026,000078.SZ,38,2026-01-02,2026-09-25,0,0
primary_adjusted,2026,000088.SZ,38,2026-01-02,2026-09-25,0,0
primary_adjusted,2026,000089.SZ,38,2026-01-02,2026-09-25,0,0
primary_adjusted,2026,000090.SZ,38,2026-01-02,2026-09-25,0,0
primary_adjusted,2026,000096.SZ,38,2026-01-02,2026-09-25,0,0
primary_adjusted,2026,000099.SZ,38,2026-01-02,2026-09-25,0,0
primary_adjusted,2026,000100.SZ,38,2026-01-02,2026-09-25,0,0
primary_adjusted,2026,000151.SZ,38,2026-01-02,2026-09-25,0,0
primary_adjusted,2026,000153.SZ,38,2026-01-02,2026-09-25,0,0
primary_adjusted,2026,000155.SZ,38,2026-01-02,2026-09-25,0,0
primary_adjusted,2026,000156.SZ,38,2026-01-02,2026-09-25,0,0
primary_adjusted,2026,000157.SZ,38,2026-01-02,2026-09-25,0,0
primary_adjusted,2026,000158.SZ,38,2026-01-02,2026-09-25,0,0
primary_adjusted,2026,000159.SZ,38,2026-01-02,2026-09-25,0,0
primary_adjusted,2026,000166.SZ,38,2026-01-02,2026-09-25,0,0
primary_adjusted,2026,000301.SZ,38,2026-01-02,2026-09-25,0,0
primary_adjusted,2026,000333.SZ,38,2026-01-02,2026-09-25,0,0
primary_adjusted,2026,000338.SZ,38,2026-01-02,2026-09-25,0,0
primary_adjusted,2026,000400.SZ,38,2026-01-02,2026-09-25,0,0
primary_adjusted,2026,000401.SZ,38,2026-01-02,2026-09-25,0,0
primary_adjusted,2026,000402.SZ,38,2026-01-02,2026-09-25,0,0
primary_adjusted,2026,000403.SZ,38,2026-01-02,2026-09-25,0,0
primary_adjusted,2026,000404.SZ,38,2026-01-02,2026-09-25,0,0
primary_adjusted,2026,000407.SZ,38,2026-01-02,2026-09-25,0,0
primary_adjusted,2026,000408.SZ,38,2026-01-02,2026-09-25,0,0
primary_adjusted,2026,000409.SZ,38,2026-01-02,2026-09-25,0,0
primary_adjusted,2026,000410.SZ,38,2026-01-02,2026-09-25,0,0
primary_adjusted,2026,000411.SZ,38,2026-01-02,2026-09-25,0,0
primary_adjusted,2026,000415.SZ,38,2026-01-02,2026-09-25,0,0
primary_adjusted,2026,000417.SZ,38,2026-01-02,2026-09-25,0,0
primary_adjusted,2026,000419.SZ,38,2026-01-02,2026-09-25,0,0
primary_adjusted,2026,000420.SZ,38,2026-01-02,2026-09-25,0,0
primary_adjusted,2026,000421.SZ,38,2026-01-02,2026-09-25,0,0
primary_adjusted,2026,000422.SZ,38,2026-01-02,2026-09-25,0,0
primary_adjusted,2026,000423.SZ,38,2026-01-02,2026-09-25,0,0
primary_adjusted,2026,000425.SZ,38,2026-01-02,2026-09-25,0,0
primary_adjusted,2026,000426.SZ,38,2026-01-02,2026-09-25,0,0
primary_adjusted,2026,000428.SZ,38,2026-01-02,2026-09-25,0,0
primary_adjusted,2026,000429.SZ,38,2026-01-02,2026-09-25,0,0
primary_adjusted,2026,000430.SZ,38,2026-01-02,2026-09-25,0,0
primary_adjusted,2026,000488.SZ,38,2026-01-02,2026-09-25,0,0
primary_adjusted,2026,000498.SZ,38,2026-01-02,2026-09-25,0,0
primary_adjusted,2026,000501.SZ,38,2026-01-02,2026-09-25,0,0
primary_adjusted,2026,000503.SZ,38,2026-01-02,2026-09-25,0,0
primary_adjusted,2026,000504.SZ,38,2026-01-02,2026-09-25,0,0
primary_adjusted,2026,000505.SZ,38,2026-01-02,2026-09-25,0,0
primary_adjusted,2026,000506.SZ,38,2026-01-02,2026-09-25,0,0
primary_adjusted,2026,000507.SZ,38,2026-01-02,2026-09-25,0,0
primary_adjusted,2026,000509.SZ,38,2026-01-02,2026-09-25,0,0
primary_adjusted,2026,000510.SZ,38,2026-01-02,2026-09-25,0,0
primary_adjusted,2026,000513.SZ,38,2026-01-02,2026-09-25,0,0
primary_adjusted,2026,000514.SZ,38,2026-01-02,2026-09-25,0,0
primary_adjusted,2026,000516.SZ,38,2026-01-02,2026-09-25,0,0
primary_adjusted,2026,000517.SZ,38,2026-01-02,2026-09-25,0,0
primary_adjusted,2026,000518.SZ,38,2026-01-02,2026-09-25,0,0
primary_adjusted,2026,000519.SZ,38,2026-01-02,2026-09-25,0,0
primary_adjusted,2026,000520.SZ,38,2026-01-02,2026-09-25,0,0
primary_adjusted,2026,000521.SZ,38,2026-01-02,2026-09-25,0,0
primary_adjusted,2026,000523.SZ,38,2026-01-02,2026-09-25,0,0
primary_adjusted,2026,000524.SZ,37,2026-01-02,2026-09-25,0,0
primary_adjusted,2026,000525.SZ,38,2026-01-02,2026-09-25,0,0
primary_adjusted,2026,000526.SZ,38,2026-01-02,2026-09-25,0,0
primary_adjusted,2026,000528.SZ,38,2026-01-02,2026-09-25,0,0
primary_adjusted,2026,000529.SZ,38,2026-01-02,2026-09-25,0,0
primary_adjusted,2026,000530.SZ,38,2026-01-02,2026-09-25,0,0
primary_adjusted,2026,000531.SZ,38,2026-01-02,2026-09-25,0,0
primary_adjusted,2026,000532.SZ,38,2026-01-02,2026-09-25,0,0
primary_adjusted,2026,000533.SZ,38,2026-01-02,2026-09-25,0,0
primary_adjusted,2026,000534.SZ,38,2026-01-02,2026-09-25,0,0
primary_adjusted,2026,000536.SZ,38,2026-01-02,2026-09-25,0,0
primary_adjusted,2026,000537.SZ,38,2026-01-02,2026-09-25,0,0
primary_adjusted,2026,000538.SZ,38,2026-01-02,2026-09-25,0,0
primary_adjusted,2026,000539.SZ,38,2026-01-02,2026-09-25,0,0
primary_adjusted,2026,000541.SZ,38,2026-01-02,2026-09-25,0,0
primary_adjusted,2026,000543.SZ,38,2026-01-02,2026-09-25,0,0
primary_adjusted,2026,000544.SZ,38,2026-01-02,2026-09-25,0,0
primary_adjusted,2026,000545.SZ,38,2026-01-02,2026-09-25,0,0
primary_adjusted,2026,000546.SZ,38,2026-01-02,2026-09-25,0,0
primary_adjusted,2026,000547.SZ,38,2026-01-02,2026-09-25,0,0
primary_adjusted,2026,000548.SZ,38,2026-01-02,2026-09-25,0,0
primary_adjusted,2026,000550.SZ,38,2026-01-02,2026-09-25,0,0
primary_adjusted,2026,000551.SZ,38,2026-01-02,2026-09-25,0,0
primary_adjusted,2026,000552.SZ,37,2026-01-02,2026-09-25,0,0
primary_adjusted,2026,000553.SZ,38,2026-01-02,2026-09-25,0,0
primary_adjusted,2026,000554.SZ,38,2026-01-02,2026-09-25,0,0
primary_adjusted,2026,000555.SZ,38,2026-01-02,2026-09-25,0,0
primary_adjusted,2026,000557.SZ,38,2026-01-02,2026-09-25,0,0
primary_adjusted,2026,000558.SZ,38,2026-01-02,2026-09-25,0,0
primary_adjusted,2026,000559.SZ,38,2026-01-02,2026-09-25,0,0
primary_adjusted,2026,000560.SZ,38,2026-01-02,2026-09-25,0,0
primary_adjusted,2026,000561.SZ,38,2026-01-02,2026-09-25,0,0
primary_adjusted,2026,000563.SZ,38,2026-01-02,2026-09-25,0,0
primary_adjusted,2026,000564.SZ,38,2026-01-02,2026-09-25,0,0
primary_adjusted,2026,000565.SZ,38,2026-01-02,2026-09-25,0,0
primary_adjusted,2026,000566.SZ,38,2026-01-02,2026-09-25,0,0
primary_adjusted,2026,000567.SZ,38,2026-01-02,2026-09-25,0,0
primary_adjusted,2026,000568.SZ,38,2026-01-02,2026-09-25,0,0
primary_adjusted,2026,000570.SZ,38,2026-01-02,2026-09-25,0,0
primary_adjusted,2026,000571.SZ,38,2026-01-02,2026-09-25,0,0
primary_adjusted,2026,000572.SZ,38,2026-01-02,2026-09-25,0,0
primary_adjusted,2026,000573.SZ,38,2026-01-02,2026-09-25,0,0
primary_adjusted,2026,000576.SZ,38,2026-01-02,2026-09-25,0,0
primary_adjusted,2026,000581.SZ,38,2026-01-02,2026-09-25,0,0
primary_adjusted,2026,000582.SZ,38,2026-01-02,2026-09-25,0,0
primary_adjusted,2026,000586.SZ,38,2026-01-02,2026-09-25,0,0
primary_adjusted,2026,000589.SZ,38,2026-01-02,2026-09-25,0,0
primary_adjusted,2026,000590.SZ,38,2026-01-02,2026-09-25,0,0
primary_adjusted,2026,000591.SZ,38,2026-01-02,2026-09-25,0,0
primary_adjusted,2026,000592.SZ,38,2026-01-02,2026-09-25,0,0
primary_adjusted,2026,000593.SZ,38,2026-01-02,2026-09-25,0,0
primary_adjusted,2026,000595.SZ,38,2026-01-02,2026-09-25,0,0
primary_adjusted,2026,000596.SZ,38,2026-01-02,2026-09-25,0,0
primary_adjusted,2026,000597.SZ,38,2026-01-02,2026-09-25,0,0
primary_adjusted,2026,000598.SZ,38,2026-01-02,2026-09-25,0,0
primary_adjusted,2026,000599.SZ,38,2026-01-02,2026-09-25,0,0
primary_adjusted,2026,000600.SZ,38,2026-01-02,2026-09-25,0,0
primary_adjusted,2026,000601.SZ,38,2026-01-02,2026-09-25,0,0
primary_adjusted,2026,000603.SZ,38,2026-01-02,2026-09-25,0,0
primary_adjusted,2026,000605.SZ,38,2026-01-02,2026-09-25,0,0
primary_adjusted,2026,000607.SZ,38,2026-01-02,2026-09-25,0,0
primary_adjusted,2026,000608.SZ,38,2026-01-02,2026-09-25,0,0
primary_adjusted,2026,000609.SZ,38,2026-01-02,2026-09-25,0,0
primary_adjusted,2026,000610.SZ,38,2026-01-02,2026-09-25,0,0
primary_adjusted,2026,000612.SZ,38,2026-01-02,2026-09-25,0,0
primary_adjusted,2026,000615.SZ,38,2026-01-02,2026-09-25,0,0
primary_adjusted,2026,000617.SZ,38,2026-01-02,2026-09-25,0,0
primary_adjusted,2026,000619.SZ,38,2026-01-02,2026-09-25,0,0
primary_adjusted,2026,000620.SZ,38,2026-01-02,2026-09-25,0,0
primary_adjusted,2026,000623.SZ,38,2026-01-02,2026-09-25,0,0
primary_adjusted,2026,000625.SZ,38,2026-01-02,2026-09-25,0,0
primary_adjusted,2026,000626.SZ,38,2026-01-02,2026-09-25,0,0
primary_adjusted,2026,000628.SZ,38,2026-01-02,2026-09-25,0,0
primary_adjusted,2026,000629.SZ,38,2026-01-02,2026-09-25,0,0
primary_adjusted,2026,000630.SZ,38,2026-01-02,2026-09-25,0,0
primary_adjusted,2026,000631.SZ,38,2026-01-02,2026-09-25,0,0
primary_adjusted,2026,000632.SZ,38,2026-01-02,2026-09-25,0,0
primary_adjusted,2026,000633.SZ,38,2026-01-02,2026-09-25,0,0
primary_adjusted,2026,000635.SZ,38,2026-01-02,2026-09-25,0,0
primary_adjusted,2026,000636.SZ,38,2026-01-02,2026-09-25,0,0
primary_adjusted,2026,000637.SZ,38,2026-01-02,2026-09-25,0,0
primary_adjusted,2026,000638.SZ,15,2026-01-02,2026-04-17,0,0
primary_adjusted,2026,000639.SZ,38,2026-01-02,2026-09-25,0,0
primary_adjusted,2026,000650.SZ,38,2026-01-02,2026-09-25,0,0
primary_adjusted,2026,000651.SZ,38,2026-01-02,2026-09-25,0,0
primary_adjusted,2026,000652.SZ,38,2026-01-02,2026-09-25,0,0
primary_adjusted,2026,000655.SZ,38,2026-01-02,2026-09-25,0,0
primary_adjusted,2026,000656.SZ,38,2026-01-02,2026-09-25,0,0
primary_adjusted,2026,000657.SZ,38,2026-01-02,2026-09-25,0,0
primary_adjusted,2026,000659.SZ,38,2026-01-02,2026-09-25,0,0
primary_adjusted,2026,000661.SZ,38,2026-01-02,2026-09-25,0,0
primary_adjusted,2026,000663.SZ,38,2026-01-02,2026-09-25,0,0
primary_adjusted,2026,000665.SZ,38,2026-01-02,2026-09-25,0,0
primary_adjusted,2026,000668.SZ,38,2026-01-02,2026-09-25,0,0
primary_adjusted,2026,000669.SZ,38,2026-01-02,2026-09-25,0,0
primary_adjusted,2026,000670.SZ,37,2026-01-02,2026-09-25,0,0
primary_adjusted,2026,000672.SZ,38,2026-01-02,2026-09-25,0,0
primary_adjusted,2026,000676.SZ,38,2026-01-02,2026-09-25,0,0
primary_adjusted,2026,000677.SZ,38,2026-01-02,2026-09-25,0,0
primary_adjusted,2026,000678.SZ,38,2026-01-02,2026-09-25,0,0
primary_adjusted,2026,000679.SZ,38,2026-01-02,2026-09-25,0,0
primary_adjusted,2026,000680.SZ,38,2026-01-02,2026-09-25,0,0
primary_adjusted,2026,000681.SZ,38,2026-01-02,2026-09-25,0,0
primary_adjusted,2026,000682.SZ,38,2026-01-02,2026-09-25,0,0
primary_adjusted,2026,000683.SZ,38,2026-01-02,2026-09-25,0,0
primary_adjusted,2026,000685.SZ,38,2026-01-02,2026-09-25,0,0
primary_adjusted,2026,000686.SZ,38,2026-01-02,2026-09-25,0,0
primary_adjusted,2026,000688.SZ,38,2026-01-02,2026-09-25,0,0
primary_adjusted,2026,000690.SZ,38,2026-01-02,2026-09-25,0,0
primary_adjusted,2026,000691.SZ,38,2026-01-02,2026-09-25,0,0
primary_adjusted,2026,000692.SZ,38,2026-01-02,2026-09-25,0,0
primary_adjusted,2026,000695.SZ,38,2026-01-02,2026-09-25,0,0
primary_adjusted,2026,000697.SZ,38,2026-01-02,2026-09-25,0,0
primary_adjusted,2026,000698.SZ,38,2026-01-02,2026-09-25,0,0
primary_adjusted,2026,000700.SZ,38,2026-01-02,2026-09-25,0,0
primary_adjusted,2026,000701.SZ,38,2026-01-02,2026-09-25,0,0
primary_adjusted,2026,000702.SZ,38,2026-01-02,2026-09-25,0,0
primary_adjusted,2026,000703.SZ,38,2026-01-02,2026-09-25,0,0
primary_adjusted,2026,000705.SZ,38,2026-01-02,2026-09-25,0,0
primary_adjusted,2026,000707.SZ,38,2026-01-02,2026-09-25,0,0
primary_adjusted,2026,000708.SZ,38,2026-01-02,2026-09-25,0,0
primary_adjusted,2026,000709.SZ,38,2026-01-02,2026-09-25,0,0
primary_adjusted,2026,000710.SZ,38,2026-01-02,2026-09-25,0,0
primary_adjusted,2026,000711.SZ,38,2026-01-02,2026-09-25,0,0
primary_adjusted,2026,000712.SZ,38,2026-01-02,2026-09-25,0,0
primary_adjusted,2026,000713.SZ,38,2026-01-02,2026-09-25,0,0
primary_adjusted,2026,000715.SZ,38,2026-01-02,2026-09-25,0,0
primary_adjusted,2026,000716.SZ,38,2026-01-02,2026-09-25,0,0
primary_adjusted,2026,000717.SZ,38,2026-01-02,2026-09-25,0,0
primary_adjusted,2026,000718.SZ,38,2026-01-02,2026-09-25,0,0
primary_adjusted,2026,000719.SZ,38,2026-01-02,2026-09-25,0,0
primary_adjusted,2026,000720.SZ,38,2026-01-02,2026-09-25,0,0
primary_adjusted,2026,000721.SZ,38,2026-01-02,2026-09-25,0,0
primary_adjusted,2026,000722.SZ,38,2026-01-02,2026-09-25,0,0
primary_adjusted,2026,000723.SZ,38,2026-01-02,2026-09-25,0,0
primary_adjusted,2026,000725.SZ,38,2026-01-02,2026-09-25,0,0
primary_adjusted,2026,000726.SZ,38,2026-01-02,2026-09-25,0,0
primary_adjusted,2026,000727.SZ,38,2026-01-02,2026-09-25,0,0
primary_adjusted,2026,000728.SZ,38,2026-01-02,2026-09-25,0,0
primary_adjusted,2026,000729.SZ,38,2026-01-02,2026-09-25,0,0
primary_adjusted,2026,000731.SZ,38,2026-01-02,2026-09-25,0,0
primary_adjusted,2026,000733.SZ,38,2026-01-02,2026-09-25,0,0
primary_adjusted,2026,000735.SZ,38,2026-01-02,2026-09-25,0,0
primary_adjusted,2026,000736.SZ,38,2026-01-02,2026-09-25,0,0
primary_adjusted,2026,000737.SZ,38,2026-01-02,2026-09-25,0,0
primary_adjusted,2026,000738.SZ,38,2026-01-02,2026-09-25,0,0
primary_adjusted,2026,000739.SZ,38,2026-01-02,2026-09-25,0,0
primary_adjusted,2026,000750.SZ,38,2026-01-02,2026-09-25,0,0
primary_adjusted,2026,000751.SZ,38,2026-01-02,2026-09-25,0,0
primary_adjusted,2026,000752.SZ,38,2026-01-02,2026-09-25,0,0
primary_adjusted,2026,000753.SZ,38,2026-01-02,2026-09-25,0,0
primary_adjusted,2026,000755.SZ,38,2026-01-02,2026-09-25,0,0
primary_adjusted,2026,000756.SZ,38,2026-01-02,2026-09-25,0,0
primary_adjusted,2026,000757.SZ,38,2026-01-02,2026-09-25,0,0
primary_adjusted,2026,000758.SZ,38,2026-01-02,2026-09-25,0,0
primary_adjusted,2026,000759.SZ,38,2026-01-02,2026-09-25,0,0
primary_adjusted,2026,000761.SZ,38,2026-01-02,2026-09-25,0,0
primary_adjusted,2026,000762.SZ,38,2026-01-02,2026-09-25,0,0
primary_adjusted,2026,000766.SZ,38,2026-01-02,2026-09-25,0,0
primary_adjusted,2026,000767.SZ,38,2026-01-02,2026-09-25,0,0
primary_adjusted,2026,000768.SZ,38,2026-01-02,2026-09-25,0,0
primary_adjusted,2026,000776.SZ,38,2026-01-02,2026-09-25,0,0
primary_adjusted,2026,000777.SZ,38,2026-01-02,2026-09-25,0,0
primary_adjusted,2026,000778.SZ,38,2026-01-02,2026-09-25,0,0
primary_adjusted,2026,000779.SZ,38,2026-01-02,2026-09-25,0,0
primary_adjusted,2026,000782.SZ,38,2026-01-02,2026-09-25,0,0
primary_adjusted,2026,000783.SZ,38,2026-01-02,2026-09-25,0,0
primary_adjusted,2026,000785.SZ,38,2026-01-02,2026-09-25,0,0
primary_adjusted,2026,000786.SZ,38,2026-01-02,2026-09-25,0,0
primary_adjusted,2026,000788.SZ,38,2026-01-02,2026-09-25,0,0
primary_adjusted,2026,000789.SZ,38,2026-01-02,2026-09-25,0,0
primary_adjusted,2026,000790.SZ,38,2026-01-02,2026-09-25,0,0
primary_adjusted,2026,000791.SZ,38,2026-01-02,2026-09-25,0,0
primary_adjusted,2026,000792.SZ,38,2026-01-02,2026-09-25,0,0
primary_adjusted,2026,000793.SZ,38,2026-01-02,2026-09-25,0,0
primary_adjusted,2026,000795.SZ,38,2026-01-02,2026-09-25,0,0
primary_adjusted,2026,000796.SZ,38,2026-01-02,2026-09-25,0,0
primary_adjusted,2026,000797.SZ,38,2026-01-02,2026-09-25,0,0
primary_adjusted,2026,000798.SZ,38,2026-01-02,2026-09-25,0,0
primary_adjusted,2026,000799.SZ,38,2026-01-02,2026-09-25,0,0
primary_adjusted,2026,000800.SZ,38,2026-01-02,2026-09-25,0,0
primary_adjusted,2026,000801.SZ,38,2026-01-02,2026-09-25,0,0
primary_adjusted,2026,000802.SZ,38,2026-01-02,2026-09-25,0,0
primary_adjusted,2026,000803.SZ,38,2026-01-02,2026-09-25,0,0
primary_adjusted,2026,000807.SZ,38,2026-01-02,2026-09-25,0,0
primary_adjusted,2026,000809.SZ,38,2026-01-02,2026-09-25,0,0
primary_adjusted,2026,000810.SZ,38,2026-01-02,2026-09-25,0,0
primary_adjusted,2026,000811.SZ,38,2026-01-02,2026-09-25,0,0
primary_adjusted,2026,000812.SZ,38,2026-01-02,2026-09-25,0,0
primary_adjusted,2026,000813.SZ,38,2026-01-02,2026-09-25,0,0
