ts_code,first_key,last_key,candidate_keys,code_years
832317.BJ,2020-07-31,2021-10-22,65,2
833874.BJ,2020-07-31,2021-11-05,67,2
833994.BJ,2020-07-31,2021-11-05,67,2
920000.BJ,2021-01-01,2025-09-05,240,5
920001.BJ,2023-01-06,2025-09-05,137,3
920006.BJ,2023-05-26,2025-09-05,118,3
920010.BJ,2020-07-31,2025-09-05,262,6
920014.BJ,2022-12-23,2025-09-05,139,4
920017.BJ,2023-06-09,2025-09-05,116,3
920021.BJ,2020-07-31,2025-09-05,262,6
920023.BJ,2023-02-10,2025-09-05,133,3
920026.BJ,2023-10-27,2025-09-05,97,3
920030.BJ,2020-12-04,2025-09-05,244,6
920033.BJ,2022-12-30,2025-09-05,138,4
920039.BJ,2021-08-27,2025-09-05,205,5
920046.BJ,2022-10-21,2025-09-05,148,4
920047.BJ,2020-12-04,2025-09-05,244,6
920057.BJ,2023-03-24,2025-09-05,127,3
920058.BJ,2023-08-18,2025-09-05,106,3
920061.BJ,2023-12-29,2025-09-05,88,3
920062.BJ,2022-07-22,2025-09-05,160,4
920075.BJ,2022-12-23,2025-09-05,139,4
920077.BJ,2021-09-10,2025-09-05,204,5
920087.BJ,2022-12-16,2025-09-05,140,4
920089.BJ,2021-11-19,2025-09-05,194,5
920090.BJ,2021-08-13,2025-09-05,208,5
920092.BJ,2021-11-19,2025-09-05,194,5
920110.BJ,2022-12-16,2025-09-05,140,4
920122.BJ,2022-10-14,2025-09-05,149,4
920123.BJ,2024-04-05,2025-09-05,75,2
920130.BJ,2023-11-10,2025-09-05,95,3
920132.BJ,2023-11-24,2025-09-05,93,3
920139.BJ,2022-11-04,2025-09-05,146,4
920145.BJ,2021-11-19,2025-09-05,194,5
920146.BJ,2021-07-30,2025-09-05,210,5
920149.BJ,2020-07-31,2025-09-05,262,6
920152.BJ,2022-09-09,2025-09-05,153,4
920163.BJ,2020-07-31,2025-09-05,262,6
920169.BJ,2022-04-22,2025-09-05,173,4
920171.BJ,2021-11-19,2025-09-05,194,5
920174.BJ,2021-08-27,2025-09-05,205,5
920175.BJ,2023-07-07,2025-09-05,112,3
920179.BJ,2022-03-11,2025-09-05,179,4
920184.BJ,2020-07-31,2025-09-05,262,6
920185.BJ,2020-07-31,2025-09-05,262,6
920190.BJ,2022-12-30,2025-09-05,138,4
920195.BJ,2023-01-06,2025-09-05,137,3
920198.BJ,2020-07-31,2025-09-05,261,6
920199.BJ,2022-12-09,2025-09-05,141,4
920204.BJ,2022-01-28,2025-09-05,184,4
920207.BJ,2022-09-30,2025-09-05,150,4
920208.BJ,2023-07-07,2025-09-05,112,3
920212.BJ,2021-06-18,2025-09-05,216,5
920221.BJ,2023-06-16,2025-09-05,115,3
920223.BJ,2022-06-17,2025-09-05,165,4
920225.BJ,2021-03-05,2025-09-05,231,5
920227.BJ,2023-01-06,2025-09-05,137,3
920230.BJ,2022-12-16,2025-09-05,140,4
920237.BJ,2022-12-02,2025-09-05,142,4
920239.BJ,2021-02-19,2025-09-05,232,5
920242.BJ,2020-07-31,2025-09-05,262,6
920245.BJ,2022-01-14,2025-09-05,186,4
920247.BJ,2022-12-30,2025-09-05,138,4
920249.BJ,2023-02-24,2025-09-05,131,3
920252.BJ,2023-02-03,2025-09-05,134,3
920260.BJ,2021-11-19,2025-09-05,194,5
920261.BJ,2023-04-07,2025-09-05,125,3
920262.BJ,2023-01-06,2025-09-05,137,3
920263.BJ,2020-07-31,2025-09-05,261,6
920266.BJ,2020-07-31,2025-09-05,262,6
920267.BJ,2022-06-03,2025-09-05,167,4
920270.BJ,2022-09-09,2025-09-05,153,4
920271.BJ,2022-06-10,2025-09-05,166,4
920273.BJ,2023-03-03,2025-09-05,130,3
920274.BJ,2023-08-25,2025-09-05,105,3
920275.BJ,2021-01-29,2025-09-05,236,5
920278.BJ,2020-07-31,2025-09-05,262,6
920284.BJ,2023-12-29,2025-09-05,88,3
920299.BJ,2022-06-17,2025-09-05,165,4
920300.BJ,2022-12-16,2025-09-05,140,4
920304.BJ,2023-04-28,2025-09-05,122,3
920305.BJ,2021-09-03,2025-09-05,204,5
920339.BJ,2022-11-25,2025-09-05,143,4
920344.BJ,2021-01-15,2025-09-05,238,5
920346.BJ,2022-03-04,2025-09-05,180,4
920351.BJ,2023-01-06,2025-09-05,137,3
920357.BJ,2022-11-25,2025-09-05,143,4
920363.BJ,2024-01-05,2025-09-05,87,2
920367.BJ,2023-02-17,2025-09-05,132,3
920368.BJ,2020-07-31,2025-09-05,262,6
920370.BJ,2020-07-31,2025-09-05,262,6
920371.BJ,2023-02-03,2025-09-05,134,3
920374.BJ,2022-12-09,2025-09-05,141,4
920375.BJ,2023-12-22,2025-09-05,89,3
920378.BJ,2022-06-24,2025-09-05,164,4
920392.BJ,2023-01-06,2025-09-05,137,3
920394.BJ,2023-05-05,2025-09-05,121,3
920395.BJ,2022-09-09,2025-09-05,153,4
920396.BJ,2020-11-27,2025-09-05,245,6
920402.BJ,2022-10-14,2025-09-05,149,4
920403.BJ,2024-01-26,2025-09-05,84,2
920405.BJ,2021-11-12,2025-09-05,195,5
920407.BJ,2023-02-24,2025-09-05,131,3
920414.BJ,2022-12-16,2025-09-05,140,4
920415.BJ,2020-07-31,2025-09-05,259,6
920418.BJ,2020-07-31,2025-09-05,262,6
920419.BJ,2022-03-18,2025-09-05,178,4
920422.BJ,2023-03-10,2025-09-05,129,3
920425.BJ,2023-02-03,2025-09-05,134,3
920427.BJ,2021-02-12,2025-09-05,234,5
920429.BJ,2022-12-23,2025-09-05,139,4
920433.BJ,2020-07-31,2025-09-05,262,6
920436.BJ,2021-11-19,2025-09-05,194,5
920438.BJ,2024-03-29,2025-09-05,76,2
920454.BJ,2021-11-19,2025-09-05,194,5
920455.BJ,2023-06-30,2025-09-05,113,3
920469.BJ,2023-09-22,2025-09-05,101,3
920471.BJ,2023-06-02,2025-09-05,117,3
920475.BJ,2020-07-31,2025-09-05,262,6
920476.BJ,2022-10-21,2025-09-05,148,4
920478.BJ,2023-03-03,2025-09-05,130,3
920491.BJ,2022-06-24,2025-09-05,164,4
920493.BJ,2023-11-10,2025-09-05,95,3
920496.BJ,2024-02-02,2025-09-05,83,2
920504.BJ,2023-08-25,2025-09-05,105,3
920505.BJ,2022-12-30,2025-09-05,138,4
920508.BJ,2020-07-31,2025-09-05,262,6
920509.BJ,2021-01-15,2025-09-05,238,5
920510.BJ,2021-01-01,2025-09-05,240,5
920519.BJ,2023-09-22,2025-09-05,101,3
920522.BJ,2023-11-24,2025-09-05,93,3
920523.BJ,2021-06-11,2025-09-05,217,5
920526.BJ,2022-12-30,2025-09-05,138,4
920527.BJ,2022-11-04,2025-09-05,146,4
920533.BJ,2022-06-03,2025-09-05,167,4
920541.BJ,2023-03-17,2025-09-05,128,3
920547.BJ,2023-12-22,2025-09-05,89,3
920553.BJ,2021-08-13,2025-09-05,208,5
920556.BJ,2023-03-24,2025-09-05,127,3
920564.BJ,2022-06-24,2025-09-05,164,4
920566.BJ,2021-08-20,2025-09-05,207,5
920570.BJ,2023-12-01,2025-09-05,92,3
920571.BJ,2022-12-23,2025-09-05,139,4
920575.BJ,2023-03-24,2025-09-05,127,3
920576.BJ,2023-07-21,2025-09-05,110,3
920578.BJ,2023-05-19,2025-09-05,119,3
920579.BJ,2023-12-08,2025-09-05,91,3
920580.BJ,2022-05-20,2025-09-05,169,4
920592.BJ,2023-07-14,2025-09-05,111,3
920593.BJ,2023-04-21,2025-09-05,123,3
920599.BJ,2021-02-26,2025-09-05,232,5
920608.BJ,2022-12-23,2025-09-05,139,4
920627.BJ,2023-09-15,2025-09-05,102,3
920634.BJ,2022-12-02,2025-09-05,142,4
920639.BJ,2022-07-22,2025-09-05,160,4
920640.BJ,2020-07-31,2025-09-05,262,6
920641.BJ,2022-12-09,2025-09-05,141,4
920642.BJ,2021-08-20,2025-09-05,207,5
920651.BJ,2023-07-07,2025-09-05,112,3
920656.BJ,2024-02-09,2025-09-05,82,2
920662.BJ,2022-12-02,2025-09-05,142,4
920663.BJ,2023-03-24,2025-09-05,127,3
920665.BJ,2023-10-13,2025-09-05,99,3
920670.BJ,2020-12-18,2025-09-05,242,6
920675.BJ,2021-01-01,2025-09-05,240,5
920679.BJ,2023-11-17,2025-09-05,94,3
920680.BJ,2021-11-19,2025-08-08,188,5
920685.BJ,2022-10-14,2025-09-05,149,4
920689.BJ,2022-03-25,2025-09-05,177,4
920690.BJ,2024-01-12,2025-09-05,86,2
920693.BJ,2023-11-03,2025-09-05,96,3
920694.BJ,2023-04-28,2025-09-05,122,3
920699.BJ,2023-05-19,2025-09-05,119,3
920701.BJ,2023-07-28,2025-09-05,109,3
920703.BJ,2023-12-15,2025-09-05,90,3
920706.BJ,2024-03-15,2025-09-05,78,2
920717.BJ,2023-07-07,2025-09-05,112,3
920718.BJ,2022-12-30,2025-09-05,138,4
920719.BJ,2023-06-02,2025-09-05,117,3
920720.BJ,2021-12-03,2025-09-05,192,5
920725.BJ,2022-07-22,2025-09-05,160,4
920726.BJ,2021-06-04,2025-09-05,218,5
920729.BJ,2020-07-31,2025-09-05,262,6
920735.BJ,2021-02-26,2025-09-05,232,5
920748.BJ,2023-08-25,2025-09-05,105,3
920751.BJ,2023-07-21,2025-09-05,110,3
920753.BJ,2022-11-04,2025-09-05,145,4
920765.BJ,2021-07-09,2025-09-05,213,5
920768.BJ,2021-07-02,2025-09-05,214,5
920770.BJ,2023-03-10,2025-09-05,129,3
920779.BJ,2023-06-09,2025-09-05,116,3
920781.BJ,2022-12-30,2025-09-05,138,4
920786.BJ,2023-10-20,2025-09-05,98,3
920790.BJ,2022-09-09,2025-09-05,153,4
920792.BJ,2023-04-07,2025-09-05,125,3
920802.BJ,2023-02-10,2025-09-05,133,3
920806.BJ,2024-01-19,2025-09-05,85,2
920807.BJ,2022-12-30,2025-09-05,138,4
920808.BJ,2022-11-25,2025-09-05,141,4
920809.BJ,2023-03-31,2025-09-05,126,3
920810.BJ,2022-12-23,2025-09-05,139,4
920821.BJ,2022-07-15,2025-09-05,161,4
920826.BJ,2021-01-22,2025-09-05,237,5
920832.BJ,2021-03-05,2025-09-05,231,5
920833.BJ,2023-11-17,2025-09-05,94,3
920834.BJ,2022-08-26,2025-09-05,155,4
920837.BJ,2023-05-19,2025-09-05,119,3
920839.BJ,2020-11-13,2025-09-05,247,6
920855.BJ,2023-01-06,2025-09-05,137,3
920856.BJ,2021-01-01,2025-09-05,238,5
920857.BJ,2022-03-04,2025-09-05,180,4
920866.BJ,2022-12-16,2025-09-05,140,4
920870.BJ,2022-07-15,2025-09-05,161,4
920871.BJ,2022-07-29,2025-09-05,159,4
920873.BJ,2021-11-19,2025-09-05,194,5
920876.BJ,2022-11-18,2025-09-05,144,4
920879.BJ,2022-12-30,2025-09-05,138,4
920885.BJ,2021-07-16,2025-09-05,212,5
920892.BJ,2021-11-05,2025-09-05,196,5
920895.BJ,2023-04-14,2025-09-05,124,3
920896.BJ,2023-04-28,2025-09-05,122,3
920906.BJ,2023-03-03,2025-09-05,130,3
920914.BJ,2022-11-18,2025-09-05,144,4
920924.BJ,2021-11-12,2025-09-05,195,5
920925.BJ,2021-10-29,2025-09-05,197,5
920926.BJ,2023-08-18,2025-09-05,106,3
920931.BJ,2024-04-12,2025-09-05,74,2
920932.BJ,2021-11-19,2025-09-05,194,5
920942.BJ,2022-12-16,2025-09-05,140,4
920943.BJ,2022-07-01,2025-09-05,163,4
920946.BJ,2020-07-31,2025-09-05,262,6
920950.BJ,2023-01-20,2025-09-05,135,3
920953.BJ,2023-09-01,2025-09-05,104,3
920957.BJ,2022-12-23,2025-09-05,139,4
920961.BJ,2020-07-31,2025-09-05,262,6
920964.BJ,2020-07-31,2025-09-05,262,6
920970.BJ,2022-05-27,2025-09-05,168,4
920971.BJ,2022-10-14,2025-09-05,149,4
920974.BJ,2023-03-17,2025-09-05,128,3
920976.BJ,2023-09-08,2025-09-05,103,3
920978.BJ,2023-10-13,2025-09-05,99,3
920981.BJ,2021-11-19,2025-09-05,194,5
920982.BJ,2023-07-28,2025-09-05,109,3
920985.BJ,2022-08-12,2025-09-05,157,4
920992.BJ,2022-10-28,2025-09-05,147,4
