source,year,source_rows,codes,first_date,last_date,non_friday_rows,null_business_rows,units
primary_adjusted,2010,86710,1854,2010-01-01,2010-12-31,0,0,7
primary_adjusted,2011,100307,2123,2011-01-07,2011-12-30,0,0,8
primary_adjusted,2012,108981,2269,2012-01-06,2012-12-28,0,0,8
primary_adjusted,2013,112881,2284,2013-01-04,2013-12-27,0,0,8
primary_adjusted,2014,113936,2394,2014-01-03,2014-12-26,0,0,8
primary_adjusted,2015,116352,2614,2015-01-02,2015-12-25,0,0,9
primary_adjusted,2016,127358,2851,2016-01-01,2016-12-30,0,0,10
primary_adjusted,2017,148625,3283,2017-01-06,2017-12-29,0,0,11
primary_adjusted,2018,164152,3389,2018-01-05,2018-12-28,0,0,12
primary_adjusted,2019,176777,3588,2019-01-04,2019-12-27,0,0,12
primary_adjusted,2020,190980,3977,2020-01-03,2020-12-25,0,0,14
primary_adjusted,2021,223831,4469,2021-01-01,2021-12-31,0,0,15
primary_adjusted,2022,231840,4815,2022-01-07,2022-12-30,0,0,17
primary_adjusted,2023,246988,5051,2023-01-06,2023-12-29,0,0,17
primary_adjusted,2024,259544,5141,2024-01-05,2024-12-27,0,0,18
primary_adjusted,2025,272685,5495,2025-01-03,2025-12-26,0,0,19
primary_adjusted,2026,209315,5591,2026-01-02,2026-09-25,0,0,19
primary_unadjusted,2010,87023,1861,2010-01-01,2010-12-31,0,0,7
primary_unadjusted,2011,100600,2129,2011-01-07,2011-12-30,0,0,8
primary_unadjusted,2012,109269,2275,2012-01-06,2012-12-28,0,0,8
primary_unadjusted,2013,113184,2290,2013-01-04,2013-12-27,0,0,8
primary_unadjusted,2014,114197,2400,2014-01-03,2014-12-26,0,0,8
primary_unadjusted,2015,116610,2620,2015-01-02,2015-12-25,0,0,9
primary_unadjusted,2016,127647,2857,2016-01-01,2016-12-30,0,0,10
primary_unadjusted,2017,148921,3289,2017-01-06,2017-12-29,0,0,11
primary_unadjusted,2018,164458,3395,2018-01-05,2018-12-28,0,0,12
primary_unadjusted,2019,177090,3595,2019-01-04,2019-12-27,0,0,12
primary_unadjusted,2020,191336,3984,2020-01-03,2020-12-25,0,0,14
primary_unadjusted,2021,224201,4476,2021-01-01,2021-12-31,0,0,15
primary_unadjusted,2022,232190,4822,2022-01-07,2022-12-30,0,0,17
primary_unadjusted,2023,247338,5058,2023-01-06,2023-12-29,0,0,17
primary_unadjusted,2024,259720,5148,2024-01-05,2024-12-27,0,0,18
primary_unadjusted,2025,272685,5495,2025-01-03,2025-12-26,0,0,19
primary_unadjusted,2026,209315,5591,2026-01-02,2026-09-25,0,0,19
