latest_ts_code,source_ts_code,valid_from,valid_to,identity_source,confidence,reason
920000.BJ,832000.BJ,2020-12-23,,bse_mapping,confirmed,bse_mapping o_code=832000.BJ -> n_code=920000.BJ
920001.BJ,873001.BJ,2022-12-27,,bse_mapping,confirmed,bse_mapping o_code=873001.BJ -> n_code=920001.BJ
920006.BJ,837006.BJ,2023-05-18,,bse_mapping,confirmed,bse_mapping o_code=837006.BJ -> n_code=920006.BJ
920010.BJ,831010.BJ,2020-07-27,,bse_mapping,confirmed,bse_mapping o_code=831010.BJ -> n_code=920010.BJ
920014.BJ,834014.BJ,2022-12-13,,bse_mapping,confirmed,bse_mapping o_code=834014.BJ -> n_code=920014.BJ
920017.BJ,430017.BJ,2023-05-31,,bse_mapping,confirmed,bse_mapping o_code=430017.BJ -> n_code=920017.BJ
920023.BJ,832023.BJ,2023-02-02,,bse_mapping,confirmed,bse_mapping o_code=832023.BJ -> n_code=920023.BJ
920026.BJ,873726.BJ,2023-10-19,,bse_mapping,confirmed,bse_mapping o_code=873726.BJ -> n_code=920026.BJ
920030.BJ,838030.BJ,2020-11-27,,bse_mapping,confirmed,bse_mapping o_code=838030.BJ -> n_code=920030.BJ
920033.BJ,834033.BJ,2022-12-21,,bse_mapping,confirmed,bse_mapping o_code=834033.BJ -> n_code=920033.BJ
920039.BJ,831039.BJ,2021-08-18,,bse_mapping,confirmed,bse_mapping o_code=831039.BJ -> n_code=920039.BJ
920046.BJ,837046.BJ,2022-10-13,,bse_mapping,confirmed,bse_mapping o_code=837046.BJ -> n_code=920046.BJ
920047.BJ,430047.BJ,2020-11-24,,bse_mapping,confirmed,bse_mapping o_code=430047.BJ -> n_code=920047.BJ
920057.BJ,835857.BJ,2023-03-14,,bse_mapping,confirmed,bse_mapping o_code=835857.BJ -> n_code=920057.BJ
920058.BJ,834058.BJ,2023-08-10,,bse_mapping,confirmed,bse_mapping o_code=834058.BJ -> n_code=920058.BJ
920061.BJ,836961.BJ,2023-12-21,,bse_mapping,confirmed,bse_mapping o_code=836961.BJ -> n_code=920061.BJ
920062.BJ,834062.BJ,2022-07-13,,bse_mapping,confirmed,bse_mapping o_code=834062.BJ -> n_code=920062.BJ
920075.BJ,833075.BJ,2022-12-14,,bse_mapping,confirmed,bse_mapping o_code=833075.BJ -> n_code=920075.BJ
920077.BJ,836077.BJ,2021-08-31,,bse_mapping,confirmed,bse_mapping o_code=836077.BJ -> n_code=920077.BJ
920087.BJ,831087.BJ,2022-12-07,,bse_mapping,confirmed,bse_mapping o_code=831087.BJ -> n_code=920087.BJ
920089.BJ,832089.BJ,2021-11-09,,bse_mapping,confirmed,bse_mapping o_code=832089.BJ -> n_code=920089.BJ
920090.BJ,430090.BJ,2021-08-09,,bse_mapping,confirmed,bse_mapping o_code=430090.BJ -> n_code=920090.BJ
920092.BJ,837092.BJ,2021-11-15,,bse_mapping,confirmed,bse_mapping o_code=837092.BJ -> n_code=920092.BJ
920110.BJ,832110.BJ,2022-12-06,,bse_mapping,confirmed,bse_mapping o_code=832110.BJ -> n_code=920110.BJ
920123.BJ,837023.BJ,2024-03-29,,bse_mapping,confirmed,bse_mapping o_code=837023.BJ -> n_code=920123.BJ
920130.BJ,833030.BJ,2023-11-02,,bse_mapping,confirmed,bse_mapping o_code=833030.BJ -> n_code=920130.BJ
920132.BJ,873132.BJ,2023-11-16,,bse_mapping,confirmed,bse_mapping o_code=873132.BJ -> n_code=920132.BJ
920139.BJ,430139.BJ,2022-10-28,,bse_mapping,confirmed,bse_mapping o_code=430139.BJ -> n_code=920139.BJ
920145.BJ,832145.BJ,2021-11-15,,bse_mapping,confirmed,bse_mapping o_code=832145.BJ -> n_code=920145.BJ
920146.BJ,839946.BJ,2021-07-20,,bse_mapping,confirmed,bse_mapping o_code=839946.BJ -> n_code=920146.BJ
920149.BJ,836149.BJ,2020-07-27,,bse_mapping,confirmed,bse_mapping o_code=836149.BJ -> n_code=920149.BJ
920152.BJ,831152.BJ,2022-09-01,,bse_mapping,confirmed,bse_mapping o_code=831152.BJ -> n_code=920152.BJ
920167.BJ,839167.BJ,2020-07-27,,bse_mapping,confirmed,bse_mapping o_code=839167.BJ -> n_code=920167.BJ
920169.BJ,873169.BJ,2022-04-15,,bse_mapping,confirmed,bse_mapping o_code=873169.BJ -> n_code=920169.BJ
920171.BJ,832171.BJ,2021-11-15,,bse_mapping,confirmed,bse_mapping o_code=832171.BJ -> n_code=920171.BJ
920174.BJ,835174.BJ,2021-08-20,,bse_mapping,confirmed,bse_mapping o_code=835174.BJ -> n_code=920174.BJ
920175.BJ,832175.BJ,2023-06-30,,bse_mapping,confirmed,bse_mapping o_code=832175.BJ -> n_code=920175.BJ
920179.BJ,835179.BJ,2022-03-04,,bse_mapping,confirmed,bse_mapping o_code=835179.BJ -> n_code=920179.BJ
920184.BJ,835184.BJ,2020-07-27,,bse_mapping,confirmed,bse_mapping o_code=835184.BJ -> n_code=920184.BJ
920185.BJ,835185.BJ,2020-07-27,,bse_mapping,confirmed,bse_mapping o_code=835185.BJ -> n_code=920185.BJ
920190.BJ,872190.BJ,2022-12-23,,bse_mapping,confirmed,bse_mapping o_code=872190.BJ -> n_code=920190.BJ
920195.BJ,831195.BJ,2022-12-30,,bse_mapping,confirmed,bse_mapping o_code=831195.BJ -> n_code=920195.BJ
920198.BJ,430198.BJ,2020-07-27,,bse_mapping,confirmed,bse_mapping o_code=430198.BJ -> n_code=920198.BJ
920199.BJ,870199.BJ,2022-12-01,,bse_mapping,confirmed,bse_mapping o_code=870199.BJ -> n_code=920199.BJ
920204.BJ,870204.BJ,2022-01-18,,bse_mapping,confirmed,bse_mapping o_code=870204.BJ -> n_code=920204.BJ
920207.BJ,835207.BJ,2022-09-23,,bse_mapping,confirmed,bse_mapping o_code=835207.BJ -> n_code=920207.BJ
920208.BJ,836208.BJ,2023-06-29,,bse_mapping,confirmed,bse_mapping o_code=836208.BJ -> n_code=920208.BJ
920212.BJ,837212.BJ,2021-06-08,,bse_mapping,confirmed,bse_mapping o_code=837212.BJ -> n_code=920212.BJ
920221.BJ,836221.BJ,2023-06-08,,bse_mapping,confirmed,bse_mapping o_code=836221.BJ -> n_code=920221.BJ
920223.BJ,873223.BJ,2022-06-09,,bse_mapping,confirmed,bse_mapping o_code=873223.BJ -> n_code=920223.BJ
920225.BJ,832225.BJ,2021-02-25,,bse_mapping,confirmed,bse_mapping o_code=832225.BJ -> n_code=920225.BJ
920227.BJ,838227.BJ,2022-12-28,,bse_mapping,confirmed,bse_mapping o_code=838227.BJ -> n_code=920227.BJ
920230.BJ,833230.BJ,2022-12-09,,bse_mapping,confirmed,bse_mapping o_code=833230.BJ -> n_code=920230.BJ
920237.BJ,835237.BJ,2022-11-25,,bse_mapping,confirmed,bse_mapping o_code=835237.BJ -> n_code=920237.BJ
920239.BJ,836239.BJ,2021-02-09,,bse_mapping,confirmed,bse_mapping o_code=836239.BJ -> n_code=920239.BJ
920242.BJ,837242.BJ,2020-07-27,,bse_mapping,confirmed,bse_mapping o_code=837242.BJ -> n_code=920242.BJ
920245.BJ,871245.BJ,2022-01-06,,bse_mapping,confirmed,bse_mapping o_code=871245.BJ -> n_code=920245.BJ
920247.BJ,836247.BJ,2022-12-23,,bse_mapping,confirmed,bse_mapping o_code=836247.BJ -> n_code=920247.BJ
920249.BJ,832149.BJ,2023-02-17,,bse_mapping,confirmed,bse_mapping o_code=832149.BJ -> n_code=920249.BJ
920252.BJ,873152.BJ,2023-01-19,,bse_mapping,confirmed,bse_mapping o_code=873152.BJ -> n_code=920252.BJ
920260.BJ,836260.BJ,2021-11-15,,bse_mapping,confirmed,bse_mapping o_code=836260.BJ -> n_code=920260.BJ
920261.BJ,834261.BJ,2023-04-03,,bse_mapping,confirmed,bse_mapping o_code=834261.BJ -> n_code=920261.BJ
920262.BJ,838262.BJ,2022-12-30,,bse_mapping,confirmed,bse_mapping o_code=838262.BJ -> n_code=920262.BJ
920263.BJ,836263.BJ,2020-07-27,,bse_mapping,confirmed,bse_mapping o_code=836263.BJ -> n_code=920263.BJ
920266.BJ,833266.BJ,2020-07-27,,bse_mapping,confirmed,bse_mapping o_code=833266.BJ -> n_code=920266.BJ
920267.BJ,831167.BJ,2022-05-27,,bse_mapping,confirmed,bse_mapping o_code=831167.BJ -> n_code=920267.BJ
920270.BJ,836270.BJ,2022-09-02,,bse_mapping,confirmed,bse_mapping o_code=836270.BJ -> n_code=920270.BJ
920271.BJ,838171.BJ,2022-06-02,,bse_mapping,confirmed,bse_mapping o_code=838171.BJ -> n_code=920271.BJ
920273.BJ,839273.BJ,2023-02-21,,bse_mapping,confirmed,bse_mapping o_code=839273.BJ -> n_code=920273.BJ
920274.BJ,837174.BJ,2023-08-18,,bse_mapping,confirmed,bse_mapping o_code=837174.BJ -> n_code=920274.BJ
920275.BJ,838275.BJ,2021-01-25,,bse_mapping,confirmed,bse_mapping o_code=838275.BJ -> n_code=920275.BJ
920278.BJ,832278.BJ,2020-07-27,,bse_mapping,confirmed,bse_mapping o_code=832278.BJ -> n_code=920278.BJ
920284.BJ,833284.BJ,2023-12-19,,bse_mapping,confirmed,bse_mapping o_code=833284.BJ -> n_code=920284.BJ
920299.BJ,870299.BJ,2022-06-10,,bse_mapping,confirmed,bse_mapping o_code=870299.BJ -> n_code=920299.BJ
920300.BJ,430300.BJ,2022-12-07,,bse_mapping,confirmed,bse_mapping o_code=430300.BJ -> n_code=920300.BJ
920304.BJ,831304.BJ,2023-04-18,,bse_mapping,confirmed,bse_mapping o_code=831304.BJ -> n_code=920304.BJ
920339.BJ,873339.BJ,2022-11-17,,bse_mapping,confirmed,bse_mapping o_code=873339.BJ -> n_code=920339.BJ
920344.BJ,837344.BJ,2021-01-08,,bse_mapping,confirmed,bse_mapping o_code=837344.BJ -> n_code=920344.BJ
920346.BJ,833346.BJ,2022-02-23,,bse_mapping,confirmed,bse_mapping o_code=833346.BJ -> n_code=920346.BJ
920351.BJ,872351.BJ,2022-12-29,,bse_mapping,confirmed,bse_mapping o_code=872351.BJ -> n_code=920351.BJ
920357.BJ,870357.BJ,2022-11-18,,bse_mapping,confirmed,bse_mapping o_code=870357.BJ -> n_code=920357.BJ
920363.BJ,871263.BJ,2023-12-28,,bse_mapping,confirmed,bse_mapping o_code=871263.BJ -> n_code=920363.BJ
920367.BJ,873167.BJ,2023-02-09,,bse_mapping,confirmed,bse_mapping o_code=873167.BJ -> n_code=920367.BJ
920368.BJ,835368.BJ,2020-07-27,,bse_mapping,confirmed,bse_mapping o_code=835368.BJ -> n_code=920368.BJ
920370.BJ,831370.BJ,2020-07-27,,bse_mapping,confirmed,bse_mapping o_code=831370.BJ -> n_code=920370.BJ
920371.BJ,839371.BJ,2023-01-18,,bse_mapping,confirmed,bse_mapping o_code=839371.BJ -> n_code=920371.BJ
920374.BJ,872374.BJ,2022-11-29,,bse_mapping,confirmed,bse_mapping o_code=872374.BJ -> n_code=920374.BJ
920375.BJ,831175.BJ,2023-12-14,,bse_mapping,confirmed,bse_mapping o_code=831175.BJ -> n_code=920375.BJ
920378.BJ,831278.BJ,2022-06-20,,bse_mapping,confirmed,bse_mapping o_code=831278.BJ -> n_code=920378.BJ
920392.BJ,872392.BJ,2022-12-30,,bse_mapping,confirmed,bse_mapping o_code=872392.BJ -> n_code=920392.BJ
920394.BJ,833394.BJ,2023-04-25,,bse_mapping,confirmed,bse_mapping o_code=833394.BJ -> n_code=920394.BJ
920395.BJ,836395.BJ,2022-09-01,,bse_mapping,confirmed,bse_mapping o_code=836395.BJ -> n_code=920395.BJ
920396.BJ,871396.BJ,2020-11-18,,bse_mapping,confirmed,bse_mapping o_code=871396.BJ -> n_code=920396.BJ
920402.BJ,838402.BJ,2022-09-28,,bse_mapping,confirmed,bse_mapping o_code=838402.BJ -> n_code=920402.BJ
920403.BJ,837403.BJ,2024-01-18,,bse_mapping,confirmed,bse_mapping o_code=837403.BJ -> n_code=920403.BJ
920405.BJ,831305.BJ,2021-11-05,,bse_mapping,confirmed,bse_mapping o_code=831305.BJ -> n_code=920405.BJ
920407.BJ,834407.BJ,2023-02-16,,bse_mapping,confirmed,bse_mapping o_code=834407.BJ -> n_code=920407.BJ
920414.BJ,836414.BJ,2022-12-12,,bse_mapping,confirmed,bse_mapping o_code=836414.BJ -> n_code=920414.BJ
920415.BJ,834415.BJ,2020-07-27,,bse_mapping,confirmed,bse_mapping o_code=834415.BJ -> n_code=920415.BJ
920418.BJ,430418.BJ,2020-07-27,,bse_mapping,confirmed,bse_mapping o_code=430418.BJ -> n_code=920418.BJ
920419.BJ,832419.BJ,2022-03-11,,bse_mapping,confirmed,bse_mapping o_code=832419.BJ -> n_code=920419.BJ
920422.BJ,836422.BJ,2023-03-01,,bse_mapping,confirmed,bse_mapping o_code=836422.BJ -> n_code=920422.BJ
920425.BJ,430425.BJ,2023-01-30,,bse_mapping,confirmed,bse_mapping o_code=430425.BJ -> n_code=920425.BJ
920427.BJ,833427.BJ,2021-02-05,,bse_mapping,confirmed,bse_mapping o_code=833427.BJ -> n_code=920427.BJ
920429.BJ,833429.BJ,2022-12-15,,bse_mapping,confirmed,bse_mapping o_code=833429.BJ -> n_code=920429.BJ
920433.BJ,836433.BJ,2020-07-27,,bse_mapping,confirmed,bse_mapping o_code=836433.BJ -> n_code=920433.BJ
920436.BJ,870436.BJ,2021-11-15,,bse_mapping,confirmed,bse_mapping o_code=870436.BJ -> n_code=920436.BJ
920438.BJ,835438.BJ,2024-03-25,,bse_mapping,confirmed,bse_mapping o_code=835438.BJ -> n_code=920438.BJ
920445.BJ,831445.BJ,2020-07-27,,bse_mapping,confirmed,bse_mapping o_code=831445.BJ -> n_code=920445.BJ
920454.BJ,833454.BJ,2021-11-15,,bse_mapping,confirmed,bse_mapping o_code=833454.BJ -> n_code=920454.BJ
920455.BJ,833455.BJ,2023-06-21,,bse_mapping,confirmed,bse_mapping o_code=833455.BJ -> n_code=920455.BJ
920469.BJ,832469.BJ,2023-09-18,,bse_mapping,confirmed,bse_mapping o_code=832469.BJ -> n_code=920469.BJ
920471.BJ,832471.BJ,2023-05-25,,bse_mapping,confirmed,bse_mapping o_code=832471.BJ -> n_code=920471.BJ
920475.BJ,834475.BJ,2020-07-27,,bse_mapping,confirmed,bse_mapping o_code=834475.BJ -> n_code=920475.BJ
920476.BJ,430476.BJ,2022-10-14,,bse_mapping,confirmed,bse_mapping o_code=430476.BJ -> n_code=920476.BJ
920478.BJ,430478.BJ,2023-02-23,,bse_mapping,confirmed,bse_mapping o_code=430478.BJ -> n_code=920478.BJ
920489.BJ,430489.BJ,2020-07-27,,bse_mapping,confirmed,bse_mapping o_code=430489.BJ -> n_code=920489.BJ
920491.BJ,832491.BJ,2022-06-14,,bse_mapping,confirmed,bse_mapping o_code=832491.BJ -> n_code=920491.BJ
920493.BJ,839493.BJ,2023-11-01,,bse_mapping,confirmed,bse_mapping o_code=839493.BJ -> n_code=920493.BJ
920496.BJ,831396.BJ,2024-01-26,,bse_mapping,confirmed,bse_mapping o_code=831396.BJ -> n_code=920496.BJ
920504.BJ,836504.BJ,2023-08-17,,bse_mapping,confirmed,bse_mapping o_code=836504.BJ -> n_code=920504.BJ
920505.BJ,873305.BJ,2022-12-21,,bse_mapping,confirmed,bse_mapping o_code=873305.BJ -> n_code=920505.BJ
920508.BJ,835508.BJ,2020-07-27,,bse_mapping,confirmed,bse_mapping o_code=835508.BJ -> n_code=920508.BJ
920509.BJ,833509.BJ,2021-01-11,,bse_mapping,confirmed,bse_mapping o_code=833509.BJ -> n_code=920509.BJ
920510.BJ,430510.BJ,2020-12-28,,bse_mapping,confirmed,bse_mapping o_code=430510.BJ -> n_code=920510.BJ
920519.BJ,836419.BJ,2023-09-15,,bse_mapping,confirmed,bse_mapping o_code=836419.BJ -> n_code=920519.BJ
920522.BJ,832522.BJ,2023-11-16,,bse_mapping,confirmed,bse_mapping o_code=832522.BJ -> n_code=920522.BJ
920523.BJ,833523.BJ,2021-06-03,,bse_mapping,confirmed,bse_mapping o_code=833523.BJ -> n_code=920523.BJ
920526.BJ,831526.BJ,2022-12-22,,bse_mapping,confirmed,bse_mapping o_code=831526.BJ -> n_code=920526.BJ
920527.BJ,873527.BJ,2022-10-27,,bse_mapping,confirmed,bse_mapping o_code=873527.BJ -> n_code=920527.BJ
920533.BJ,833533.BJ,2022-05-24,,bse_mapping,confirmed,bse_mapping o_code=833533.BJ -> n_code=920533.BJ
920541.BJ,872541.BJ,2023-03-10,,bse_mapping,confirmed,bse_mapping o_code=872541.BJ -> n_code=920541.BJ
920547.BJ,836547.BJ,2023-12-12,,bse_mapping,confirmed,bse_mapping o_code=836547.BJ -> n_code=920547.BJ
920553.BJ,871553.BJ,2021-08-06,,bse_mapping,confirmed,bse_mapping o_code=871553.BJ -> n_code=920553.BJ
920556.BJ,430556.BJ,2023-03-17,,bse_mapping,confirmed,bse_mapping o_code=430556.BJ -> n_code=920556.BJ
920564.BJ,430564.BJ,2022-06-17,,bse_mapping,confirmed,bse_mapping o_code=430564.BJ -> n_code=920564.BJ
920566.BJ,832566.BJ,2021-08-13,,bse_mapping,confirmed,bse_mapping o_code=832566.BJ -> n_code=920566.BJ
920570.BJ,873570.BJ,2023-11-23,,bse_mapping,confirmed,bse_mapping o_code=873570.BJ -> n_code=920570.BJ
920571.BJ,833171.BJ,2022-12-15,,bse_mapping,confirmed,bse_mapping o_code=833171.BJ -> n_code=920571.BJ
920575.BJ,833575.BJ,2023-03-15,,bse_mapping,confirmed,bse_mapping o_code=833575.BJ -> n_code=920575.BJ
920576.BJ,873576.BJ,2023-07-12,,bse_mapping,confirmed,bse_mapping o_code=873576.BJ -> n_code=920576.BJ
920578.BJ,871478.BJ,2023-05-12,,bse_mapping,confirmed,bse_mapping o_code=871478.BJ -> n_code=920578.BJ
920579.BJ,835579.BJ,2023-11-30,,bse_mapping,confirmed,bse_mapping o_code=835579.BJ -> n_code=920579.BJ
920580.BJ,833580.BJ,2022-05-13,,bse_mapping,confirmed,bse_mapping o_code=833580.BJ -> n_code=920580.BJ
920592.BJ,837592.BJ,2023-07-10,,bse_mapping,confirmed,bse_mapping o_code=837592.BJ -> n_code=920592.BJ
920593.BJ,873593.BJ,2023-04-13,,bse_mapping,confirmed,bse_mapping o_code=873593.BJ -> n_code=920593.BJ
920599.BJ,834599.BJ,2021-02-22,,bse_mapping,confirmed,bse_mapping o_code=834599.BJ -> n_code=920599.BJ
920608.BJ,870508.BJ,2022-12-16,,bse_mapping,confirmed,bse_mapping o_code=870508.BJ -> n_code=920608.BJ
920627.BJ,831627.BJ,2023-09-07,,bse_mapping,confirmed,bse_mapping o_code=831627.BJ -> n_code=920627.BJ
920634.BJ,871634.BJ,2022-11-24,,bse_mapping,confirmed,bse_mapping o_code=871634.BJ -> n_code=920634.BJ
920639.BJ,834639.BJ,2022-07-12,,bse_mapping,confirmed,bse_mapping o_code=834639.BJ -> n_code=920639.BJ
920640.BJ,835640.BJ,2020-07-27,,bse_mapping,confirmed,bse_mapping o_code=835640.BJ -> n_code=920640.BJ
920641.BJ,831641.BJ,2022-12-02,,bse_mapping,confirmed,bse_mapping o_code=831641.BJ -> n_code=920641.BJ
920642.BJ,871642.BJ,2021-08-16,,bse_mapping,confirmed,bse_mapping o_code=871642.BJ -> n_code=920642.BJ
920651.BJ,832651.BJ,2023-06-27,,bse_mapping,confirmed,bse_mapping o_code=832651.BJ -> n_code=920651.BJ
920656.BJ,870656.BJ,2024-02-02,,bse_mapping,confirmed,bse_mapping o_code=870656.BJ -> n_code=920656.BJ
920662.BJ,832662.BJ,2022-11-28,,bse_mapping,confirmed,bse_mapping o_code=832662.BJ -> n_code=920662.BJ
920663.BJ,837663.BJ,2023-03-15,,bse_mapping,confirmed,bse_mapping o_code=837663.BJ -> n_code=920663.BJ
920665.BJ,873665.BJ,2023-09-26,,bse_mapping,confirmed,bse_mapping o_code=873665.BJ -> n_code=920665.BJ
920670.BJ,835670.BJ,2020-12-08,,bse_mapping,confirmed,bse_mapping o_code=835670.BJ -> n_code=920670.BJ
920675.BJ,836675.BJ,2020-12-28,,bse_mapping,confirmed,bse_mapping o_code=836675.BJ -> n_code=920675.BJ
920679.BJ,873679.BJ,2023-11-10,,bse_mapping,confirmed,bse_mapping o_code=873679.BJ -> n_code=920679.BJ
920680.BJ,839680.BJ,2021-11-15,,bse_mapping,confirmed,bse_mapping o_code=839680.BJ -> n_code=920680.BJ
920682.BJ,834682.BJ,2020-07-27,,bse_mapping,confirmed,bse_mapping o_code=834682.BJ -> n_code=920682.BJ
920685.BJ,430685.BJ,2022-10-10,,bse_mapping,confirmed,bse_mapping o_code=430685.BJ -> n_code=920685.BJ
920689.BJ,831689.BJ,2022-03-21,,bse_mapping,confirmed,bse_mapping o_code=831689.BJ -> n_code=920689.BJ
920690.BJ,873690.BJ,2024-01-05,,bse_mapping,confirmed,bse_mapping o_code=873690.BJ -> n_code=920690.BJ
920693.BJ,873693.BJ,2023-10-27,,bse_mapping,confirmed,bse_mapping o_code=873693.BJ -> n_code=920693.BJ
920694.BJ,871694.BJ,2023-04-24,,bse_mapping,confirmed,bse_mapping o_code=871694.BJ -> n_code=920694.BJ
920699.BJ,836699.BJ,2023-05-09,,bse_mapping,confirmed,bse_mapping o_code=836699.BJ -> n_code=920699.BJ
920701.BJ,838701.BJ,2023-07-19,,bse_mapping,confirmed,bse_mapping o_code=838701.BJ -> n_code=920701.BJ
920703.BJ,873703.BJ,2023-12-05,,bse_mapping,confirmed,bse_mapping o_code=873703.BJ -> n_code=920703.BJ
920706.BJ,873706.BJ,2024-03-08,,bse_mapping,confirmed,bse_mapping o_code=873706.BJ -> n_code=920706.BJ
920717.BJ,836717.BJ,2023-07-03,,bse_mapping,confirmed,bse_mapping o_code=836717.BJ -> n_code=920717.BJ
920718.BJ,430718.BJ,2022-12-22,,bse_mapping,confirmed,bse_mapping o_code=430718.BJ -> n_code=920718.BJ
920719.BJ,839719.BJ,2023-05-26,,bse_mapping,confirmed,bse_mapping o_code=839719.BJ -> n_code=920719.BJ
920720.BJ,836720.BJ,2021-11-24,,bse_mapping,confirmed,bse_mapping o_code=836720.BJ -> n_code=920720.BJ
920725.BJ,839725.BJ,2022-07-18,,bse_mapping,confirmed,bse_mapping o_code=839725.BJ -> n_code=920725.BJ
920726.BJ,831726.BJ,2021-05-27,,bse_mapping,confirmed,bse_mapping o_code=831726.BJ -> n_code=920726.BJ
920729.BJ,839729.BJ,2020-07-27,,bse_mapping,confirmed,bse_mapping o_code=839729.BJ -> n_code=920729.BJ
920735.BJ,832735.BJ,2021-02-19,,bse_mapping,confirmed,bse_mapping o_code=832735.BJ -> n_code=920735.BJ
920748.BJ,837748.BJ,2023-08-16,,bse_mapping,confirmed,bse_mapping o_code=837748.BJ -> n_code=920748.BJ
920751.BJ,833751.BJ,2023-07-17,,bse_mapping,confirmed,bse_mapping o_code=833751.BJ -> n_code=920751.BJ
920753.BJ,871753.BJ,2022-10-31,,bse_mapping,confirmed,bse_mapping o_code=871753.BJ -> n_code=920753.BJ
920765.BJ,834765.BJ,2021-07-05,,bse_mapping,confirmed,bse_mapping o_code=834765.BJ -> n_code=920765.BJ
920768.BJ,831768.BJ,2021-06-28,,bse_mapping,confirmed,bse_mapping o_code=831768.BJ -> n_code=920768.BJ
920770.BJ,834770.BJ,2023-02-28,,bse_mapping,confirmed,bse_mapping o_code=834770.BJ -> n_code=920770.BJ
920779.BJ,830779.BJ,2023-06-01,,bse_mapping,confirmed,bse_mapping o_code=830779.BJ -> n_code=920779.BJ
920781.BJ,833781.BJ,2022-12-26,,bse_mapping,confirmed,bse_mapping o_code=833781.BJ -> n_code=920781.BJ
920786.BJ,832786.BJ,2023-10-13,,bse_mapping,confirmed,bse_mapping o_code=832786.BJ -> n_code=920786.BJ
920790.BJ,839790.BJ,2022-09-02,,bse_mapping,confirmed,bse_mapping o_code=839790.BJ -> n_code=920790.BJ
920792.BJ,839792.BJ,2023-03-30,,bse_mapping,confirmed,bse_mapping o_code=839792.BJ -> n_code=920792.BJ
920799.BJ,830799.BJ,2020-07-27,,bse_mapping,confirmed,bse_mapping o_code=830799.BJ -> n_code=920799.BJ
920802.BJ,832802.BJ,2023-02-06,,bse_mapping,confirmed,bse_mapping o_code=832802.BJ -> n_code=920802.BJ
920806.BJ,873806.BJ,2024-01-11,,bse_mapping,confirmed,bse_mapping o_code=873806.BJ -> n_code=920806.BJ
920807.BJ,836807.BJ,2022-12-20,,bse_mapping,confirmed,bse_mapping o_code=836807.BJ -> n_code=920807.BJ
920808.BJ,872808.BJ,2022-11-18,,bse_mapping,confirmed,bse_mapping o_code=872808.BJ -> n_code=920808.BJ
920809.BJ,830809.BJ,2023-03-23,,bse_mapping,confirmed,bse_mapping o_code=830809.BJ -> n_code=920809.BJ
920819.BJ,833819.BJ,2020-07-27,,bse_mapping,confirmed,bse_mapping o_code=833819.BJ -> n_code=920819.BJ
920821.BJ,837821.BJ,2022-07-06,,bse_mapping,confirmed,bse_mapping o_code=837821.BJ -> n_code=920821.BJ
920826.BJ,836826.BJ,2021-01-12,,bse_mapping,confirmed,bse_mapping o_code=836826.BJ -> n_code=920826.BJ
920832.BJ,830832.BJ,2021-02-23,,bse_mapping,confirmed,bse_mapping o_code=830832.BJ -> n_code=920832.BJ
920833.BJ,873833.BJ,2023-11-08,,bse_mapping,confirmed,bse_mapping o_code=873833.BJ -> n_code=920833.BJ
920837.BJ,838837.BJ,2023-05-15,,bse_mapping,confirmed,bse_mapping o_code=838837.BJ -> n_code=920837.BJ
920839.BJ,830839.BJ,2020-11-09,,bse_mapping,confirmed,bse_mapping o_code=830839.BJ -> n_code=920839.BJ
920855.BJ,831855.BJ,2022-12-29,,bse_mapping,confirmed,bse_mapping o_code=831855.BJ -> n_code=920855.BJ
920856.BJ,831856.BJ,2020-12-25,,bse_mapping,confirmed,bse_mapping o_code=831856.BJ -> n_code=920856.BJ
920857.BJ,871857.BJ,2022-02-28,,bse_mapping,confirmed,bse_mapping o_code=871857.BJ -> n_code=920857.BJ
920866.BJ,870866.BJ,2022-12-09,,bse_mapping,confirmed,bse_mapping o_code=870866.BJ -> n_code=920866.BJ
920870.BJ,838670.BJ,2022-07-05,,bse_mapping,confirmed,bse_mapping o_code=838670.BJ -> n_code=920870.BJ
920871.BJ,836871.BJ,2022-07-22,,bse_mapping,confirmed,bse_mapping o_code=836871.BJ -> n_code=920871.BJ
920873.BJ,833873.BJ,2021-11-15,,bse_mapping,confirmed,bse_mapping o_code=833873.BJ -> n_code=920873.BJ
920876.BJ,832876.BJ,2022-11-09,,bse_mapping,confirmed,bse_mapping o_code=832876.BJ -> n_code=920876.BJ
920885.BJ,832885.BJ,2021-07-08,,bse_mapping,confirmed,bse_mapping o_code=832885.BJ -> n_code=920885.BJ
920892.BJ,836892.BJ,2021-10-28,,bse_mapping,confirmed,bse_mapping o_code=836892.BJ -> n_code=920892.BJ
920895.BJ,872895.BJ,2023-04-06,,bse_mapping,confirmed,bse_mapping o_code=872895.BJ -> n_code=920895.BJ
920896.BJ,830896.BJ,2023-04-19,,bse_mapping,confirmed,bse_mapping o_code=830896.BJ -> n_code=920896.BJ
920906.BJ,831906.BJ,2023-02-22,,bse_mapping,confirmed,bse_mapping o_code=831906.BJ -> n_code=920906.BJ
920914.BJ,833914.BJ,2022-11-11,,bse_mapping,confirmed,bse_mapping o_code=833914.BJ -> n_code=920914.BJ
920924.BJ,838924.BJ,2021-11-03,,bse_mapping,confirmed,bse_mapping o_code=838924.BJ -> n_code=920924.BJ
920925.BJ,872925.BJ,2021-10-25,,bse_mapping,confirmed,bse_mapping o_code=872925.BJ -> n_code=920925.BJ
920926.BJ,870726.BJ,2023-08-08,,bse_mapping,confirmed,bse_mapping o_code=870726.BJ -> n_code=920926.BJ
920931.BJ,872931.BJ,2024-04-08,,bse_mapping,confirmed,bse_mapping o_code=872931.BJ -> n_code=920931.BJ
920932.BJ,831832.BJ,2021-11-15,,bse_mapping,confirmed,bse_mapping o_code=831832.BJ -> n_code=920932.BJ
920942.BJ,836942.BJ,2022-12-08,,bse_mapping,confirmed,bse_mapping o_code=836942.BJ -> n_code=920942.BJ
920943.BJ,833943.BJ,2022-06-24,,bse_mapping,confirmed,bse_mapping o_code=833943.BJ -> n_code=920943.BJ
920946.BJ,830946.BJ,2020-07-27,,bse_mapping,confirmed,bse_mapping o_code=830946.BJ -> n_code=920946.BJ
920950.BJ,834950.BJ,2023-01-11,,bse_mapping,confirmed,bse_mapping o_code=834950.BJ -> n_code=920950.BJ
920953.BJ,872953.BJ,2023-08-23,,bse_mapping,confirmed,bse_mapping o_code=872953.BJ -> n_code=920953.BJ
920957.BJ,836957.BJ,2022-12-14,,bse_mapping,confirmed,bse_mapping o_code=836957.BJ -> n_code=920957.BJ
920964.BJ,830964.BJ,2020-07-27,,bse_mapping,confirmed,bse_mapping o_code=830964.BJ -> n_code=920964.BJ
920970.BJ,871970.BJ,2022-05-18,,bse_mapping,confirmed,bse_mapping o_code=871970.BJ -> n_code=920970.BJ
920971.BJ,838971.BJ,2022-09-27,,bse_mapping,confirmed,bse_mapping o_code=838971.BJ -> n_code=920971.BJ
920974.BJ,830974.BJ,2023-03-08,,bse_mapping,confirmed,bse_mapping o_code=830974.BJ -> n_code=920974.BJ
920976.BJ,870976.BJ,2023-09-01,,bse_mapping,confirmed,bse_mapping o_code=870976.BJ -> n_code=920976.BJ
920978.BJ,832978.BJ,2023-09-28,,bse_mapping,confirmed,bse_mapping o_code=832978.BJ -> n_code=920978.BJ
920981.BJ,871981.BJ,2021-11-15,,bse_mapping,confirmed,bse_mapping o_code=871981.BJ -> n_code=920981.BJ
920982.BJ,832982.BJ,2023-07-20,,bse_mapping,confirmed,bse_mapping o_code=832982.BJ -> n_code=920982.BJ
920985.BJ,835985.BJ,2022-08-08,,bse_mapping,confirmed,bse_mapping o_code=835985.BJ -> n_code=920985.BJ
920992.BJ,835892.BJ,2022-10-18,,bse_mapping,confirmed,bse_mapping o_code=835892.BJ -> n_code=920992.BJ
001872.SZ,000022.SZ,1993-05-05,,namechange,inferred,namechange exact-overlap source_ts_code=000022.SZ -> latest_ts_code=001872.SZ
001914.SZ,000043.SZ,1994-09-28,,namechange,inferred,namechange exact-overlap source_ts_code=000043.SZ -> latest_ts_code=001914.SZ
302132.SZ,300114.SZ,2010-08-27,,namechange,inferred,namechange exact-overlap source_ts_code=300114.SZ -> latest_ts_code=302132.SZ
920021.BJ,834021.BJ,2020-07-27,,namechange,inferred,namechange exact-overlap source_ts_code=834021.BJ -> latest_ts_code=920021.BJ
920122.BJ,873122.BJ,2022-09-27,,namechange,inferred,namechange exact-overlap source_ts_code=873122.BJ -> latest_ts_code=920122.BJ
920163.BJ,838163.BJ,2020-07-27,,namechange,inferred,namechange exact-overlap source_ts_code=838163.BJ -> latest_ts_code=920163.BJ
920305.BJ,835305.BJ,2021-08-26,,namechange,inferred,namechange exact-overlap source_ts_code=835305.BJ -> latest_ts_code=920305.BJ
920810.BJ,838810.BJ,2022-12-16,,namechange,inferred,namechange exact-overlap source_ts_code=838810.BJ -> latest_ts_code=920810.BJ
920834.BJ,831834.BJ,2022-08-22,,namechange,inferred,namechange exact-overlap source_ts_code=831834.BJ -> latest_ts_code=920834.BJ
920879.BJ,830879.BJ,2022-12-20,,namechange,inferred,namechange exact-overlap source_ts_code=830879.BJ -> latest_ts_code=920879.BJ
920961.BJ,831961.BJ,2020-07-27,,namechange,inferred,namechange exact-overlap source_ts_code=831961.BJ -> latest_ts_code=920961.BJ
