node_path,parent_path,industry_level,name,display_order
农林牧渔,,1,农林牧渔,1
农林牧渔/种植业,农林牧渔,2,种植业,2
农林牧渔/种植业/种子,农林牧渔/种植业,3,种子,3
农林牧渔/种植业/粮食种植,农林牧渔/种植业,3,粮食种植,4
农林牧渔/种植业/其他种植业,农林牧渔/种植业,3,其他种植业,5
农林牧渔/种植业/食用菌,农林牧渔/种植业,3,食用菌,6
农林牧渔/渔业,农林牧渔,2,渔业,7
农林牧渔/渔业/海洋捕捞,农林牧渔/渔业,3,海洋捕捞,8
农林牧渔/渔业/水产养殖,农林牧渔/渔业,3,水产养殖,9
农林牧渔/林业Ⅱ,农林牧渔,2,林业Ⅱ,10
农林牧渔/林业Ⅱ/林业Ⅲ,农林牧渔/林业Ⅱ,3,林业Ⅲ,11
农林牧渔/饲料,农林牧渔,2,饲料,12
农林牧渔/饲料/畜禽饲料,农林牧渔/饲料,3,畜禽饲料,13
农林牧渔/饲料/水产饲料,农林牧渔/饲料,3,水产饲料,14
农林牧渔/饲料/宠物食品,农林牧渔/饲料,3,宠物食品,15
农林牧渔/农产品加工,农林牧渔,2,农产品加工,16
农林牧渔/农产品加工/果蔬加工,农林牧渔/农产品加工,3,果蔬加工,17
农林牧渔/农产品加工/粮油加工,农林牧渔/农产品加工,3,粮油加工,18
农林牧渔/农产品加工/其他农产品加工,农林牧渔/农产品加工,3,其他农产品加工,19
农林牧渔/养殖业,农林牧渔,2,养殖业,20
农林牧渔/养殖业/生猪养殖,农林牧渔/养殖业,3,生猪养殖,21
农林牧渔/养殖业/肉鸡养殖,农林牧渔/养殖业,3,肉鸡养殖,22
农林牧渔/养殖业/其他养殖,农林牧渔/养殖业,3,其他养殖,23
农林牧渔/动物保健Ⅱ,农林牧渔,2,动物保健Ⅱ,24
农林牧渔/动物保健Ⅱ/动物保健Ⅲ,农林牧渔/动物保健Ⅱ,3,动物保健Ⅲ,25
农林牧渔/农业综合Ⅱ,农林牧渔,2,农业综合Ⅱ,26
农林牧渔/农业综合Ⅱ/农业综合Ⅲ,农林牧渔/农业综合Ⅱ,3,农业综合Ⅲ,27
基础化工,,1,基础化工,28
基础化工/化学原料,基础化工,2,化学原料,29
基础化工/化学原料/纯碱,基础化工/化学原料,3,纯碱,30
基础化工/化学原料/氯碱,基础化工/化学原料,3,氯碱,31
基础化工/化学原料/无机盐,基础化工/化学原料,3,无机盐,32
基础化工/化学原料/其他化学原料,基础化工/化学原料,3,其他化学原料,33
基础化工/化学原料/煤化工,基础化工/化学原料,3,煤化工,34
基础化工/化学原料/钛白粉,基础化工/化学原料,3,钛白粉,35
基础化工/化学制品,基础化工,2,化学制品,36
基础化工/化学制品/涂料油墨,基础化工/化学制品,3,涂料油墨,37
基础化工/化学制品/民爆制品,基础化工/化学制品,3,民爆制品,38
基础化工/化学制品/纺织化学制品,基础化工/化学制品,3,纺织化学制品,39
基础化工/化学制品/其他化学制品,基础化工/化学制品,3,其他化学制品,40
基础化工/化学制品/氟化工,基础化工/化学制品,3,氟化工,41
基础化工/化学制品/聚氨酯,基础化工/化学制品,3,聚氨酯,42
基础化工/化学制品/食品及饲料添加剂,基础化工/化学制品,3,食品及饲料添加剂,43
基础化工/化学制品/有机硅,基础化工/化学制品,3,有机硅,44
基础化工/化学制品/胶黏剂及胶带,基础化工/化学制品,3,胶黏剂及胶带,45
基础化工/化学纤维,基础化工,2,化学纤维,46
基础化工/化学纤维/涤纶,基础化工/化学纤维,3,涤纶,47
基础化工/化学纤维/粘胶,基础化工/化学纤维,3,粘胶,48
基础化工/化学纤维/其他化学纤维,基础化工/化学纤维,3,其他化学纤维,49
基础化工/化学纤维/氨纶,基础化工/化学纤维,3,氨纶,50
基础化工/化学纤维/锦纶,基础化工/化学纤维,3,锦纶,51
基础化工/塑料,基础化工,2,塑料,52
基础化工/塑料/其他塑料制品,基础化工/塑料,3,其他塑料制品,53
基础化工/塑料/改性塑料,基础化工/塑料,3,改性塑料,54
基础化工/塑料/合成树脂,基础化工/塑料,3,合成树脂,55
基础化工/塑料/膜材料,基础化工/塑料,3,膜材料,56
基础化工/橡胶,基础化工,2,橡胶,57
基础化工/橡胶/其他橡胶制品,基础化工/橡胶,3,其他橡胶制品,58
基础化工/橡胶/炭黑,基础化工/橡胶,3,炭黑,59
基础化工/橡胶/橡胶助剂,基础化工/橡胶,3,橡胶助剂,60
基础化工/农化制品,基础化工,2,农化制品,61
基础化工/农化制品/氮肥,基础化工/农化制品,3,氮肥,62
基础化工/农化制品/磷肥及磷化工,基础化工/农化制品,3,磷肥及磷化工,63
基础化工/农化制品/农药,基础化工/农化制品,3,农药,64
基础化工/农化制品/钾肥,基础化工/农化制品,3,钾肥,65
基础化工/农化制品/复合肥,基础化工/农化制品,3,复合肥,66
基础化工/非金属材料Ⅱ,基础化工,2,非金属材料Ⅱ,67
基础化工/非金属材料Ⅱ/非金属材料Ⅲ,基础化工/非金属材料Ⅱ,3,非金属材料Ⅲ,68
钢铁,,1,钢铁,69
钢铁/冶钢原料,钢铁,2,冶钢原料,70
钢铁/冶钢原料/铁矿石,钢铁/冶钢原料,3,铁矿石,71
钢铁/冶钢原料/冶钢辅料,钢铁/冶钢原料,3,冶钢辅料,72
钢铁/普钢,钢铁,2,普钢,73
钢铁/普钢/长材,钢铁/普钢,3,长材,74
钢铁/普钢/板材,钢铁/普钢,3,板材,75
钢铁/普钢/钢铁管材,钢铁/普钢,3,钢铁管材,76
钢铁/特钢Ⅱ,钢铁,2,特钢Ⅱ,77
钢铁/特钢Ⅱ/特钢Ⅲ,钢铁/特钢Ⅱ,3,特钢Ⅲ,78
有色金属,,1,有色金属,79
有色金属/金属新材料,有色金属,2,金属新材料,80
有色金属/金属新材料/其他金属新材料,有色金属/金属新材料,3,其他金属新材料,81
有色金属/金属新材料/磁性材料,有色金属/金属新材料,3,磁性材料,82
有色金属/工业金属,有色金属,2,工业金属,83
有色金属/工业金属/铝,有色金属/工业金属,3,铝,84
有色金属/工业金属/铜,有色金属/工业金属,3,铜,85
有色金属/工业金属/铅锌,有色金属/工业金属,3,铅锌,86
有色金属/贵金属,有色金属,2,贵金属,87
有色金属/贵金属/黄金,有色金属/贵金属,3,黄金,88
有色金属/贵金属/白银,有色金属/贵金属,3,白银,89
有色金属/小金属,有色金属,2,小金属,90
有色金属/小金属/稀土,有色金属/小金属,3,稀土,91
有色金属/小金属/钨,有色金属/小金属,3,钨,92
有色金属/小金属/其他小金属,有色金属/小金属,3,其他小金属,93
有色金属/小金属/钼,有色金属/小金属,3,钼,94
有色金属/能源金属,有色金属,2,能源金属,95
有色金属/能源金属/钴,有色金属/能源金属,3,钴,96
有色金属/能源金属/镍,有色金属/能源金属,3,镍,97
有色金属/能源金属/锂,有色金属/能源金属,3,锂,98
电子,,1,电子,99
电子/半导体,电子,2,半导体,100
电子/半导体/分立器件,电子/半导体,3,分立器件,101
电子/半导体/半导体材料,电子/半导体,3,半导体材料,102
电子/半导体/数字芯片设计,电子/半导体,3,数字芯片设计,103
电子/半导体/模拟芯片设计,电子/半导体,3,模拟芯片设计,104
电子/半导体/集成电路制造,电子/半导体,3,集成电路制造,105
电子/半导体/集成电路封测,电子/半导体,3,集成电路封测,106
电子/半导体/半导体设备,电子/半导体,3,半导体设备,107
电子/元件,电子,2,元件,108
电子/元件/印制电路板,电子/元件,3,印制电路板,109
电子/元件/被动元件,电子/元件,3,被动元件,110
电子/光学光电子,电子,2,光学光电子,111
电子/光学光电子/面板,电子/光学光电子,3,面板,112
电子/光学光电子/LED,电子/光学光电子,3,LED,113
电子/光学光电子/光学元件,电子/光学光电子,3,光学元件,114
电子/其他电子Ⅱ,电子,2,其他电子Ⅱ,115
电子/其他电子Ⅱ/其他电子Ⅲ,电子/其他电子Ⅱ,3,其他电子Ⅲ,116
电子/消费电子,电子,2,消费电子,117
电子/消费电子/品牌消费电子,电子/消费电子,3,品牌消费电子,118
电子/消费电子/消费电子零部件及组装,电子/消费电子,3,消费电子零部件及组装,119
电子/电子化学品Ⅱ,电子,2,电子化学品Ⅱ,120
电子/电子化学品Ⅱ/电子化学品Ⅲ,电子/电子化学品Ⅱ,3,电子化学品Ⅲ,121
汽车,,1,汽车,122
汽车/汽车零部件,汽车,2,汽车零部件,123
汽车/汽车零部件/车身附件及饰件,汽车/汽车零部件,3,车身附件及饰件,124
汽车/汽车零部件/底盘与发动机系统,汽车/汽车零部件,3,底盘与发动机系统,125
汽车/汽车零部件/轮胎轮毂,汽车/汽车零部件,3,轮胎轮毂,126
汽车/汽车零部件/其他汽车零部件,汽车/汽车零部件,3,其他汽车零部件,127
汽车/汽车零部件/汽车电子电气系统,汽车/汽车零部件,3,汽车电子电气系统,128
汽车/汽车服务,汽车,2,汽车服务,129
汽车/汽车服务/汽车经销商,汽车/汽车服务,3,汽车经销商,130
汽车/汽车服务/汽车综合服务,汽车/汽车服务,3,汽车综合服务,131
汽车/摩托车及其他,汽车,2,摩托车及其他,132
汽车/摩托车及其他/其他运输设备,汽车/摩托车及其他,3,其他运输设备,133
汽车/摩托车及其他/摩托车,汽车/摩托车及其他,3,摩托车,134
汽车/乘用车,汽车,2,乘用车,135
汽车/乘用车/电动乘用车,汽车/乘用车,3,电动乘用车,136
汽车/乘用车/综合乘用车,汽车/乘用车,3,综合乘用车,137
汽车/商用车,汽车,2,商用车,138
汽车/商用车/商用载货车,汽车/商用车,3,商用载货车,139
汽车/商用车/商用载客车,汽车/商用车,3,商用载客车,140
家用电器,,1,家用电器,141
家用电器/白色家电,家用电器,2,白色家电,142
家用电器/白色家电/空调,家用电器/白色家电,3,空调,143
家用电器/白色家电/冰洗,家用电器/白色家电,3,冰洗,144
家用电器/黑色家电,家用电器,2,黑色家电,145
家用电器/黑色家电/彩电,家用电器/黑色家电,3,彩电,146
家用电器/黑色家电/其他黑色家电,家用电器/黑色家电,3,其他黑色家电,147
家用电器/小家电,家用电器,2,小家电,148
家用电器/小家电/厨房小家电,家用电器/小家电,3,厨房小家电,149
家用电器/小家电/清洁小家电,家用电器/小家电,3,清洁小家电,150
家用电器/小家电/个护小家电,家用电器/小家电,3,个护小家电,151
家用电器/厨卫电器,家用电器,2,厨卫电器,152
家用电器/厨卫电器/厨房电器,家用电器/厨卫电器,3,厨房电器,153
家用电器/厨卫电器/卫浴电器,家用电器/厨卫电器,3,卫浴电器,154
家用电器/照明设备Ⅱ,家用电器,2,照明设备Ⅱ,155
家用电器/照明设备Ⅱ/照明设备Ⅲ,家用电器/照明设备Ⅱ,3,照明设备Ⅲ,156
家用电器/家电零部件Ⅱ,家用电器,2,家电零部件Ⅱ,157
家用电器/家电零部件Ⅱ/家电零部件Ⅲ,家用电器/家电零部件Ⅱ,3,家电零部件Ⅲ,158
家用电器/其他家电Ⅱ,家用电器,2,其他家电Ⅱ,159
家用电器/其他家电Ⅱ/其他家电Ⅲ,家用电器/其他家电Ⅱ,3,其他家电Ⅲ,160
食品饮料,,1,食品饮料,161
食品饮料/食品加工,食品饮料,2,食品加工,162
食品饮料/食品加工/肉制品,食品饮料/食品加工,3,肉制品,163
食品饮料/食品加工/预加工食品,食品饮料/食品加工,3,预加工食品,164
食品饮料/食品加工/保健品,食品饮料/食品加工,3,保健品,165
食品饮料/白酒Ⅱ,食品饮料,2,白酒Ⅱ,166
食品饮料/白酒Ⅱ/白酒Ⅲ,食品饮料/白酒Ⅱ,3,白酒Ⅲ,167
食品饮料/非白酒,食品饮料,2,非白酒,168
食品饮料/非白酒/啤酒,食品饮料/非白酒,3,啤酒,169
食品饮料/非白酒/其他酒类,食品饮料/非白酒,3,其他酒类,170
食品饮料/饮料乳品,食品饮料,2,饮料乳品,171
食品饮料/饮料乳品/软饮料,食品饮料/饮料乳品,3,软饮料,172
食品饮料/饮料乳品/乳品,食品饮料/饮料乳品,3,乳品,173
食品饮料/休闲食品,食品饮料,2,休闲食品,174
食品饮料/休闲食品/零食,食品饮料/休闲食品,3,零食,175
食品饮料/休闲食品/烘焙食品,食品饮料/休闲食品,3,烘焙食品,176
食品饮料/休闲食品/熟食,食品饮料/休闲食品,3,熟食,177
食品饮料/调味发酵品Ⅱ,食品饮料,2,调味发酵品Ⅱ,178
食品饮料/调味发酵品Ⅱ/调味发酵品Ⅲ,食品饮料/调味发酵品Ⅱ,3,调味发酵品Ⅲ,179
纺织服饰,,1,纺织服饰,180
纺织服饰/纺织制造,纺织服饰,2,纺织制造,181
纺织服饰/纺织制造/棉纺,纺织服饰/纺织制造,3,棉纺,182
纺织服饰/纺织制造/印染,纺织服饰/纺织制造,3,印染,183
纺织服饰/纺织制造/辅料,纺织服饰/纺织制造,3,辅料,184
纺织服饰/纺织制造/其他纺织,纺织服饰/纺织制造,3,其他纺织,185
纺织服饰/纺织制造/纺织鞋类制造,纺织服饰/纺织制造,3,纺织鞋类制造,186
纺织服饰/服装家纺,纺织服饰,2,服装家纺,187
纺织服饰/服装家纺/鞋帽及其他,纺织服饰/服装家纺,3,鞋帽及其他,188
纺织服饰/服装家纺/家纺,纺织服饰/服装家纺,3,家纺,189
纺织服饰/服装家纺/运动服装,纺织服饰/服装家纺,3,运动服装,190
纺织服饰/服装家纺/非运动服装,纺织服饰/服装家纺,3,非运动服装,191
纺织服饰/饰品,纺织服饰,2,饰品,192
纺织服饰/饰品/钟表珠宝,纺织服饰/饰品,3,钟表珠宝,193
纺织服饰/饰品/其他饰品,纺织服饰/饰品,3,其他饰品,194
轻工制造,,1,轻工制造,195
轻工制造/造纸,轻工制造,2,造纸,196
轻工制造/造纸/大宗用纸,轻工制造/造纸,3,大宗用纸,197
轻工制造/造纸/特种纸,轻工制造/造纸,3,特种纸,198
轻工制造/包装印刷,轻工制造,2,包装印刷,199
轻工制造/包装印刷/印刷,轻工制造/包装印刷,3,印刷,200
轻工制造/包装印刷/金属包装,轻工制造/包装印刷,3,金属包装,201
轻工制造/包装印刷/塑料包装,轻工制造/包装印刷,3,塑料包装,202
轻工制造/包装印刷/纸包装,轻工制造/包装印刷,3,纸包装,203
轻工制造/包装印刷/综合包装,轻工制造/包装印刷,3,综合包装,204
轻工制造/家居用品,轻工制造,2,家居用品,205
轻工制造/家居用品/瓷砖地板,轻工制造/家居用品,3,瓷砖地板,206
轻工制造/家居用品/成品家居,轻工制造/家居用品,3,成品家居,207
轻工制造/家居用品/定制家居,轻工制造/家居用品,3,定制家居,208
轻工制造/家居用品/卫浴制品,轻工制造/家居用品,3,卫浴制品,209
轻工制造/家居用品/其他家居用品,轻工制造/家居用品,3,其他家居用品,210
轻工制造/文娱用品,轻工制造,2,文娱用品,211
轻工制造/文娱用品/文化用品,轻工制造/文娱用品,3,文化用品,212
轻工制造/文娱用品/娱乐用品,轻工制造/文娱用品,3,娱乐用品,213
医药生物,,1,医药生物,214
医药生物/化学制药,医药生物,2,化学制药,215
医药生物/化学制药/原料药,医药生物/化学制药,3,原料药,216
医药生物/化学制药/化学制剂,医药生物/化学制药,3,化学制剂,217
医药生物/中药Ⅱ,医药生物,2,中药Ⅱ,218
医药生物/中药Ⅱ/中药Ⅲ,医药生物/中药Ⅱ,3,中药Ⅲ,219
医药生物/生物制品,医药生物,2,生物制品,220
医药生物/生物制品/血液制品,医药生物/生物制品,3,血液制品,221
医药生物/生物制品/疫苗,医药生物/生物制品,3,疫苗,222
医药生物/生物制品/其他生物制品,医药生物/生物制品,3,其他生物制品,223
医药生物/医药商业,医药生物,2,医药商业,224
医药生物/医药商业/医药流通,医药生物/医药商业,3,医药流通,225
医药生物/医药商业/线下药店,医药生物/医药商业,3,线下药店,226
医药生物/医疗器械,医药生物,2,医疗器械,227
医药生物/医疗器械/医疗设备,医药生物/医疗器械,3,医疗设备,228
医药生物/医疗器械/医疗耗材,医药生物/医疗器械,3,医疗耗材,229
医药生物/医疗器械/体外诊断,医药生物/医疗器械,3,体外诊断,230
医药生物/医疗服务,医药生物,2,医疗服务,231
医药生物/医疗服务/诊断服务,医药生物/医疗服务,3,诊断服务,232
医药生物/医疗服务/医疗研发外包,医药生物/医疗服务,3,医疗研发外包,233
医药生物/医疗服务/医院,医药生物/医疗服务,3,医院,234
医药生物/医疗服务/其他医疗服务,医药生物/医疗服务,3,其他医疗服务,235
公用事业,,1,公用事业,236
公用事业/电力,公用事业,2,电力,237
公用事业/电力/火力发电,公用事业/电力,3,火力发电,238
公用事业/电力/水力发电,公用事业/电力,3,水力发电,239
公用事业/电力/热力服务,公用事业/电力,3,热力服务,240
公用事业/电力/光伏发电,公用事业/电力,3,光伏发电,241
公用事业/电力/风力发电,公用事业/电力,3,风力发电,242
公用事业/电力/核力发电,公用事业/电力,3,核力发电,243
公用事业/电力/其他能源发电,公用事业/电力,3,其他能源发电,244
公用事业/电力/电能综合服务,公用事业/电力,3,电能综合服务,245
公用事业/燃气Ⅱ,公用事业,2,燃气Ⅱ,246
公用事业/燃气Ⅱ/燃气Ⅲ,公用事业/燃气Ⅱ,3,燃气Ⅲ,247
交通运输,,1,交通运输,248
交通运输/物流,交通运输,2,物流,249
交通运输/物流/原材料供应链服务,交通运输/物流,3,原材料供应链服务,250
交通运输/物流/端到端供应链服务,交通运输/物流,3,端到端供应链服务,251
交通运输/物流/快递,交通运输/物流,3,快递,252
交通运输/物流/跨境物流,交通运输/物流,3,跨境物流,253
交通运输/物流/仓储物流,交通运输/物流,3,仓储物流,254
交通运输/物流/公路货运,交通运输/物流,3,公路货运,255
交通运输/铁路公路,交通运输,2,铁路公路,256
交通运输/铁路公路/高速公路,交通运输/铁路公路,3,高速公路,257
交通运输/铁路公路/公交,交通运输/铁路公路,3,公交,258
交通运输/铁路公路/铁路运输,交通运输/铁路公路,3,铁路运输,259
交通运输/航空机场,交通运输,2,航空机场,260
交通运输/航空机场/航空运输,交通运输/航空机场,3,航空运输,261
交通运输/航空机场/机场,交通运输/航空机场,3,机场,262
交通运输/航运港口,交通运输,2,航运港口,263
交通运输/航运港口/航运,交通运输/航运港口,3,航运,264
交通运输/航运港口/港口,交通运输/航运港口,3,港口,265
房地产,,1,房地产,266
房地产/房地产开发,房地产,2,房地产开发,267
房地产/房地产开发/住宅开发,房地产/房地产开发,3,住宅开发,268
房地产/房地产开发/商业地产,房地产/房地产开发,3,商业地产,269
房地产/房地产开发/产业地产,房地产/房地产开发,3,产业地产,270
房地产/房地产服务,房地产,2,房地产服务,271
房地产/房地产服务/房产租赁经纪,房地产/房地产服务,3,房产租赁经纪,272
房地产/房地产服务/物业管理,房地产/房地产服务,3,物业管理,273
房地产/房地产服务/房地产综合服务,房地产/房地产服务,3,房地产综合服务,274
商贸零售,,1,商贸零售,275
商贸零售/贸易Ⅱ,商贸零售,2,贸易Ⅱ,276
商贸零售/贸易Ⅱ/贸易Ⅲ,商贸零售/贸易Ⅱ,3,贸易Ⅲ,277
商贸零售/一般零售,商贸零售,2,一般零售,278
商贸零售/一般零售/百货,商贸零售/一般零售,3,百货,279
商贸零售/一般零售/超市,商贸零售/一般零售,3,超市,280
商贸零售/一般零售/多业态零售,商贸零售/一般零售,3,多业态零售,281
商贸零售/一般零售/商业物业经营,商贸零售/一般零售,3,商业物业经营,282
商贸零售/专业连锁Ⅱ,商贸零售,2,专业连锁Ⅱ,283
商贸零售/专业连锁Ⅱ/专业连锁Ⅲ,商贸零售/专业连锁Ⅱ,3,专业连锁Ⅲ,284
商贸零售/互联网电商,商贸零售,2,互联网电商,285
商贸零售/互联网电商/综合电商,商贸零售/互联网电商,3,综合电商,286
商贸零售/互联网电商/跨境电商,商贸零售/互联网电商,3,跨境电商,287
商贸零售/互联网电商/电商服务,商贸零售/互联网电商,3,电商服务,288
商贸零售/旅游零售Ⅱ,商贸零售,2,旅游零售Ⅱ,289
商贸零售/旅游零售Ⅱ/旅游零售Ⅲ,商贸零售/旅游零售Ⅱ,3,旅游零售Ⅲ,290
社会服务,,1,社会服务,291
社会服务/体育Ⅱ,社会服务,2,体育Ⅱ,292
社会服务/体育Ⅱ/体育Ⅲ,社会服务/体育Ⅱ,3,体育Ⅲ,293
社会服务/专业服务,社会服务,2,专业服务,294
社会服务/专业服务/人力资源服务,社会服务/专业服务,3,人力资源服务,295
社会服务/专业服务/检测服务,社会服务/专业服务,3,检测服务,296
社会服务/专业服务/会展服务,社会服务/专业服务,3,会展服务,297
社会服务/专业服务/其他专业服务,社会服务/专业服务,3,其他专业服务,298
社会服务/酒店餐饮,社会服务,2,酒店餐饮,299
社会服务/酒店餐饮/酒店,社会服务/酒店餐饮,3,酒店,300
社会服务/酒店餐饮/餐饮,社会服务/酒店餐饮,3,餐饮,301
社会服务/旅游及景区,社会服务,2,旅游及景区,302
社会服务/旅游及景区/人工景区,社会服务/旅游及景区,3,人工景区,303
社会服务/旅游及景区/自然景区,社会服务/旅游及景区,3,自然景区,304
社会服务/旅游及景区/旅游综合,社会服务/旅游及景区,3,旅游综合,305
社会服务/教育,社会服务,2,教育,306
社会服务/教育/学历教育,社会服务/教育,3,学历教育,307
社会服务/教育/培训教育,社会服务/教育,3,培训教育,308
社会服务/教育/教育运营及其他,社会服务/教育,3,教育运营及其他,309
银行,,1,银行,310
银行/银行Ⅱ,银行,2,银行Ⅱ,311
银行/银行Ⅱ/国有大型银行Ⅲ,银行/银行Ⅱ,3,国有大型银行Ⅲ,312
银行/银行Ⅱ/股份制银行Ⅲ,银行/银行Ⅱ,3,股份制银行Ⅲ,313
银行/银行Ⅱ/城商行Ⅲ,银行/银行Ⅱ,3,城商行Ⅲ,314
银行/银行Ⅱ/农商行Ⅲ,银行/银行Ⅱ,3,农商行Ⅲ,315
非银金融,,1,非银金融,316
非银金融/证券Ⅱ,非银金融,2,证券Ⅱ,317
非银金融/证券Ⅱ/证券Ⅲ,非银金融/证券Ⅱ,3,证券Ⅲ,318
非银金融/保险Ⅱ,非银金融,2,保险Ⅱ,319
非银金融/保险Ⅱ/保险Ⅲ,非银金融/保险Ⅱ,3,保险Ⅲ,320
非银金融/多元金融,非银金融,2,多元金融,321
非银金融/多元金融/金融控股,非银金融/多元金融,3,金融控股,322
非银金融/多元金融/期货,非银金融/多元金融,3,期货,323
非银金融/多元金融/信托,非银金融/多元金融,3,信托,324
非银金融/多元金融/租赁,非银金融/多元金融,3,租赁,325
非银金融/多元金融/金融信息服务,非银金融/多元金融,3,金融信息服务,326
非银金融/多元金融/资产管理,非银金融/多元金融,3,资产管理,327
综合,,1,综合,328
综合/综合Ⅱ,综合,2,综合Ⅱ,329
综合/综合Ⅱ/综合Ⅲ,综合/综合Ⅱ,3,综合Ⅲ,330
建筑材料,,1,建筑材料,331
建筑材料/水泥,建筑材料,2,水泥,332
建筑材料/水泥/水泥制造,建筑材料/水泥,3,水泥制造,333
建筑材料/水泥/水泥制品,建筑材料/水泥,3,水泥制品,334
建筑材料/玻璃玻纤,建筑材料,2,玻璃玻纤,335
建筑材料/玻璃玻纤/玻璃制造,建筑材料/玻璃玻纤,3,玻璃制造,336
建筑材料/玻璃玻纤/玻纤制造,建筑材料/玻璃玻纤,3,玻纤制造,337
建筑材料/装修建材,建筑材料,2,装修建材,338
建筑材料/装修建材/耐火材料,建筑材料/装修建材,3,耐火材料,339
建筑材料/装修建材/管材,建筑材料/装修建材,3,管材,340
建筑材料/装修建材/其他建材Ⅲ,建筑材料/装修建材,3,其他建材Ⅲ,341
建筑材料/装修建材/防水材料,建筑材料/装修建材,3,防水材料,342
建筑材料/装修建材/涂料,建筑材料/装修建材,3,涂料,343
建筑装饰,,1,建筑装饰,344
建筑装饰/房屋建设Ⅱ,建筑装饰,2,房屋建设Ⅱ,345
建筑装饰/房屋建设Ⅱ/房屋建设Ⅲ,建筑装饰/房屋建设Ⅱ,3,房屋建设Ⅲ,346
建筑装饰/工程咨询服务Ⅱ,建筑装饰,2,工程咨询服务Ⅱ,347
建筑装饰/工程咨询服务Ⅱ/工程咨询服务Ⅲ,建筑装饰/工程咨询服务Ⅱ,3,工程咨询服务Ⅲ,348
建筑装饰/装修装饰Ⅱ,建筑装饰,2,装修装饰Ⅱ,349
建筑装饰/装修装饰Ⅱ/装修装饰Ⅲ,建筑装饰/装修装饰Ⅱ,3,装修装饰Ⅲ,350
建筑装饰/基础建设,建筑装饰,2,基础建设,351
建筑装饰/基础建设/基建市政工程,建筑装饰/基础建设,3,基建市政工程,352
建筑装饰/基础建设/园林工程,建筑装饰/基础建设,3,园林工程,353
建筑装饰/专业工程,建筑装饰,2,专业工程,354
建筑装饰/专业工程/钢结构,建筑装饰/专业工程,3,钢结构,355
建筑装饰/专业工程/化学工程,建筑装饰/专业工程,3,化学工程,356
建筑装饰/专业工程/国际工程,建筑装饰/专业工程,3,国际工程,357
建筑装饰/专业工程/其他专业工程,建筑装饰/专业工程,3,其他专业工程,358
电力设备,,1,电力设备,359
电力设备/电机Ⅱ,电力设备,2,电机Ⅱ,360
电力设备/电机Ⅱ/电机Ⅲ,电力设备/电机Ⅱ,3,电机Ⅲ,361
电力设备/其他电源设备Ⅱ,电力设备,2,其他电源设备Ⅱ,362
电力设备/其他电源设备Ⅱ/综合电力设备商,电力设备/其他电源设备Ⅱ,3,综合电力设备商,363
电力设备/其他电源设备Ⅱ/火电设备,电力设备/其他电源设备Ⅱ,3,火电设备,364
电力设备/其他电源设备Ⅱ/其他电源设备Ⅲ,电力设备/其他电源设备Ⅱ,3,其他电源设备Ⅲ,365
电力设备/光伏设备,电力设备,2,光伏设备,366
电力设备/光伏设备/硅料硅片,电力设备/光伏设备,3,硅料硅片,367
电力设备/光伏设备/光伏电池组件,电力设备/光伏设备,3,光伏电池组件,368
电力设备/光伏设备/逆变器,电力设备/光伏设备,3,逆变器,369
电力设备/光伏设备/光伏主材,电力设备/光伏设备,3,光伏主材,370
电力设备/光伏设备/光伏辅材,电力设备/光伏设备,3,光伏辅材,371
电力设备/光伏设备/光伏加工设备,电力设备/光伏设备,3,光伏加工设备,372
电力设备/风电设备,电力设备,2,风电设备,373
电力设备/风电设备/风电整机,电力设备/风电设备,3,风电整机,374
电力设备/风电设备/风电零部件,电力设备/风电设备,3,风电零部件,375
电力设备/电池,电力设备,2,电池,376
电力设备/电池/锂电池,电力设备/电池,3,锂电池,377
电力设备/电池/电池化学品,电力设备/电池,3,电池化学品,378
电力设备/电池/锂电专用设备,电力设备/电池,3,锂电专用设备,379
电力设备/电池/燃料电池,电力设备/电池,3,燃料电池,380
电力设备/电池/蓄电池及其他电池,电力设备/电池,3,蓄电池及其他电池,381
电力设备/电网设备,电力设备,2,电网设备,382
电力设备/电网设备/输变电设备,电力设备/电网设备,3,输变电设备,383
电力设备/电网设备/配电设备,电力设备/电网设备,3,配电设备,384
电力设备/电网设备/电网自动化设备,电力设备/电网设备,3,电网自动化设备,385
电力设备/电网设备/电工仪器仪表,电力设备/电网设备,3,电工仪器仪表,386
电力设备/电网设备/线缆部件及其他,电力设备/电网设备,3,线缆部件及其他,387
机械设备,,1,机械设备,388
机械设备/通用设备,机械设备,2,通用设备,389
机械设备/通用设备/机床工具,机械设备/通用设备,3,机床工具,390
机械设备/通用设备/磨具磨料,机械设备/通用设备,3,磨具磨料,391
机械设备/通用设备/制冷空调设备,机械设备/通用设备,3,制冷空调设备,392
机械设备/通用设备/其他通用设备,机械设备/通用设备,3,其他通用设备,393
机械设备/通用设备/仪器仪表,机械设备/通用设备,3,仪器仪表,394
机械设备/通用设备/金属制品,机械设备/通用设备,3,金属制品,395
机械设备/专用设备,机械设备,2,专用设备,396
机械设备/专用设备/能源及重型设备,机械设备/专用设备,3,能源及重型设备,397
机械设备/专用设备/楼宇设备,机械设备/专用设备,3,楼宇设备,398
机械设备/专用设备/纺织服装设备,机械设备/专用设备,3,纺织服装设备,399
机械设备/专用设备/农用机械,机械设备/专用设备,3,农用机械,400
机械设备/专用设备/印刷包装机械,机械设备/专用设备,3,印刷包装机械,401
机械设备/专用设备/其他专用设备,机械设备/专用设备,3,其他专用设备,402
机械设备/轨交设备Ⅱ,机械设备,2,轨交设备Ⅱ,403
机械设备/轨交设备Ⅱ/轨交设备Ⅲ,机械设备/轨交设备Ⅱ,3,轨交设备Ⅲ,404
机械设备/工程机械,机械设备,2,工程机械,405
机械设备/工程机械/工程机械整机,机械设备/工程机械,3,工程机械整机,406
机械设备/工程机械/工程机械器件,机械设备/工程机械,3,工程机械器件,407
机械设备/自动化设备,机械设备,2,自动化设备,408
机械设备/自动化设备/机器人,机械设备/自动化设备,3,机器人,409
机械设备/自动化设备/工控设备,机械设备/自动化设备,3,工控设备,410
机械设备/自动化设备/激光设备,机械设备/自动化设备,3,激光设备,411
机械设备/自动化设备/其他自动化设备,机械设备/自动化设备,3,其他自动化设备,412
国防军工,,1,国防军工,413
国防军工/航天装备Ⅱ,国防军工,2,航天装备Ⅱ,414
国防军工/航天装备Ⅱ/航天装备Ⅲ,国防军工/航天装备Ⅱ,3,航天装备Ⅲ,415
国防军工/航空装备Ⅱ,国防军工,2,航空装备Ⅱ,416
国防军工/航空装备Ⅱ/航空装备Ⅲ,国防军工/航空装备Ⅱ,3,航空装备Ⅲ,417
国防军工/地面兵装Ⅱ,国防军工,2,地面兵装Ⅱ,418
国防军工/地面兵装Ⅱ/地面兵装Ⅲ,国防军工/地面兵装Ⅱ,3,地面兵装Ⅲ,419
国防军工/航海装备Ⅱ,国防军工,2,航海装备Ⅱ,420
国防军工/航海装备Ⅱ/航海装备Ⅲ,国防军工/航海装备Ⅱ,3,航海装备Ⅲ,421
国防军工/军工电子Ⅱ,国防军工,2,军工电子Ⅱ,422
国防军工/军工电子Ⅱ/军工电子Ⅲ,国防军工/军工电子Ⅱ,3,军工电子Ⅲ,423
计算机,,1,计算机,424
计算机/计算机设备,计算机,2,计算机设备,425
计算机/计算机设备/安防设备,计算机/计算机设备,3,安防设备,426
计算机/计算机设备/其他计算机设备,计算机/计算机设备,3,其他计算机设备,427
计算机/IT服务Ⅱ,计算机,2,IT服务Ⅱ,428
计算机/IT服务Ⅱ/IT服务Ⅲ,计算机/IT服务Ⅱ,3,IT服务Ⅲ,429
计算机/软件开发,计算机,2,软件开发,430
计算机/软件开发/垂直应用软件,计算机/软件开发,3,垂直应用软件,431
计算机/软件开发/横向通用软件,计算机/软件开发,3,横向通用软件,432
传媒,,1,传媒,433
传媒/出版,传媒,2,出版,434
传媒/出版/大众出版,传媒/出版,3,大众出版,435
传媒/出版/教育出版,传媒/出版,3,教育出版,436
传媒/电视广播Ⅱ,传媒,2,电视广播Ⅱ,437
传媒/电视广播Ⅱ/电视广播Ⅲ,传媒/电视广播Ⅱ,3,电视广播Ⅲ,438
传媒/游戏Ⅱ,传媒,2,游戏Ⅱ,439
传媒/游戏Ⅱ/游戏Ⅲ,传媒/游戏Ⅱ,3,游戏Ⅲ,440
传媒/广告营销,传媒,2,广告营销,441
传媒/广告营销/营销代理,传媒/广告营销,3,营销代理,442
传媒/广告营销/广告媒体,传媒/广告营销,3,广告媒体,443
传媒/影视院线,传媒,2,影视院线,444
传媒/影视院线/影视动漫制作,传媒/影视院线,3,影视动漫制作,445
传媒/影视院线/院线,传媒/影视院线,3,院线,446
传媒/数字媒体,传媒,2,数字媒体,447
传媒/数字媒体/视频媒体,传媒/数字媒体,3,视频媒体,448
传媒/数字媒体/图片媒体,传媒/数字媒体,3,图片媒体,449
传媒/数字媒体/门户网站,传媒/数字媒体,3,门户网站,450
传媒/数字媒体/文字媒体,传媒/数字媒体,3,文字媒体,451
传媒/数字媒体/其他数字媒体,传媒/数字媒体,3,其他数字媒体,452
通信,,1,通信,453
通信/通信服务,通信,2,通信服务,454
通信/通信服务/电信运营商,通信/通信服务,3,电信运营商,455
通信/通信服务/通信工程及服务,通信/通信服务,3,通信工程及服务,456
通信/通信服务/通信应用增值服务,通信/通信服务,3,通信应用增值服务,457
通信/通信设备,通信,2,通信设备,458
通信/通信设备/通信网络设备及器件,通信/通信设备,3,通信网络设备及器件,459
通信/通信设备/通信线缆及配套,通信/通信设备,3,通信线缆及配套,460
通信/通信设备/通信终端及配件,通信/通信设备,3,通信终端及配件,461
通信/通信设备/其他通信设备,通信/通信设备,3,其他通信设备,462
煤炭,,1,煤炭,463
煤炭/煤炭开采,煤炭,2,煤炭开采,464
煤炭/煤炭开采/动力煤,煤炭/煤炭开采,3,动力煤,465
煤炭/煤炭开采/焦煤,煤炭/煤炭开采,3,焦煤,466
煤炭/焦炭Ⅱ,煤炭,2,焦炭Ⅱ,467
煤炭/焦炭Ⅱ/焦炭Ⅲ,煤炭/焦炭Ⅱ,3,焦炭Ⅲ,468
石油石化,,1,石油石化,469
石油石化/油气开采Ⅱ,石油石化,2,油气开采Ⅱ,470
石油石化/油气开采Ⅱ/油气开采Ⅲ,石油石化/油气开采Ⅱ,3,油气开采Ⅲ,471
石油石化/油服工程,石油石化,2,油服工程,472
石油石化/油服工程/油田服务,石油石化/油服工程,3,油田服务,473
石油石化/油服工程/油气及炼化工程,石油石化/油服工程,3,油气及炼化工程,474
石油石化/炼化及贸易,石油石化,2,炼化及贸易,475
石油石化/炼化及贸易/炼油化工,石油石化/炼化及贸易,3,炼油化工,476
石油石化/炼化及贸易/其他石化,石油石化/炼化及贸易,3,其他石化,477
石油石化/炼化及贸易/油品石化贸易,石油石化/炼化及贸易,3,油品石化贸易,478
环保,,1,环保,479
环保/环境治理,环保,2,环境治理,480
环保/环境治理/大气治理,环保/环境治理,3,大气治理,481
环保/环境治理/水务及水治理,环保/环境治理,3,水务及水治理,482
环保/环境治理/固废治理,环保/环境治理,3,固废治理,483
环保/环境治理/综合环境治理,环保/环境治理,3,综合环境治理,484
环保/环保设备Ⅱ,环保,2,环保设备Ⅱ,485
环保/环保设备Ⅱ/环保设备Ⅲ,环保/环保设备Ⅱ,3,环保设备Ⅲ,486
美容护理,,1,美容护理,487
美容护理/个护用品,美容护理,2,个护用品,488
美容护理/个护用品/生活用纸,美容护理/个护用品,3,生活用纸,489
美容护理/个护用品/洗护用品,美容护理/个护用品,3,洗护用品,490
美容护理/化妆品,美容护理,2,化妆品,491
美容护理/化妆品/化妆品制造及其他,美容护理/化妆品,3,化妆品制造及其他,492
美容护理/化妆品/品牌化妆品,美容护理/化妆品,3,品牌化妆品,493
美容护理/医疗美容,美容护理,2,医疗美容,494
美容护理/医疗美容/医美耗材,美容护理/医疗美容,3,医美耗材,495
美容护理/医疗美容/医美服务,美容护理/医疗美容,3,医美服务,496
