group_id,scope,identity_fields,identity_key,ts_code,trade_date,category,row_count,category_values,request_idx_type_values,differing_business_fields
explicit_idx_type-000001,explicit_idx_type,"ts_code,trade_date",BK0425.DC|20250102,BK0425.DC,20250102,,2,概念板块 | 行业板块,概念板块 | 行业板块,turnover_rate
explicit_idx_type-000002,explicit_idx_type,"ts_code,trade_date",BK0425.DC|20250103,BK0425.DC,20250103,,2,概念板块 | 行业板块,概念板块 | 行业板块,"vol,turnover_rate"
explicit_idx_type-000003,explicit_idx_type,"ts_code,trade_date",BK0425.DC|20250106,BK0425.DC,20250106,,2,概念板块 | 行业板块,概念板块 | 行业板块,"vol,turnover_rate"
explicit_idx_type-000004,explicit_idx_type,"ts_code,trade_date",BK0425.DC|20250107,BK0425.DC,20250107,,2,概念板块 | 行业板块,概念板块 | 行业板块,turnover_rate
explicit_idx_type-000005,explicit_idx_type,"ts_code,trade_date",BK0425.DC|20250108,BK0425.DC,20250108,,2,概念板块 | 行业板块,概念板块 | 行业板块,turnover_rate
explicit_idx_type-000006,explicit_idx_type,"ts_code,trade_date",BK0425.DC|20250109,BK0425.DC,20250109,,2,概念板块 | 行业板块,概念板块 | 行业板块,"vol,turnover_rate"
explicit_idx_type-000007,explicit_idx_type,"ts_code,trade_date",BK0425.DC|20250110,BK0425.DC,20250110,,2,概念板块 | 行业板块,概念板块 | 行业板块,
explicit_idx_type-000008,explicit_idx_type,"ts_code,trade_date",BK0425.DC|20250113,BK0425.DC,20250113,,2,概念板块 | 行业板块,概念板块 | 行业板块,"vol,turnover_rate"
explicit_idx_type-000009,explicit_idx_type,"ts_code,trade_date",BK0425.DC|20250114,BK0425.DC,20250114,,2,概念板块 | 行业板块,概念板块 | 行业板块,"vol,turnover_rate"
explicit_idx_type-000010,explicit_idx_type,"ts_code,trade_date",BK0425.DC|20250115,BK0425.DC,20250115,,2,概念板块 | 行业板块,概念板块 | 行业板块,turnover_rate
explicit_idx_type-000011,explicit_idx_type,"ts_code,trade_date",BK0425.DC|20250116,BK0425.DC,20250116,,2,概念板块 | 行业板块,概念板块 | 行业板块,turnover_rate
explicit_idx_type-000012,explicit_idx_type,"ts_code,trade_date",BK0425.DC|20250117,BK0425.DC,20250117,,2,概念板块 | 行业板块,概念板块 | 行业板块,turnover_rate
explicit_idx_type-000013,explicit_idx_type,"ts_code,trade_date",BK0425.DC|20250120,BK0425.DC,20250120,,2,概念板块 | 行业板块,概念板块 | 行业板块,"vol,turnover_rate"
explicit_idx_type-000014,explicit_idx_type,"ts_code,trade_date",BK0425.DC|20250121,BK0425.DC,20250121,,2,概念板块 | 行业板块,概念板块 | 行业板块,"vol,turnover_rate"
explicit_idx_type-000015,explicit_idx_type,"ts_code,trade_date",BK0425.DC|20250122,BK0425.DC,20250122,,2,概念板块 | 行业板块,概念板块 | 行业板块,turnover_rate
explicit_idx_type-000016,explicit_idx_type,"ts_code,trade_date",BK0425.DC|20250123,BK0425.DC,20250123,,2,概念板块 | 行业板块,概念板块 | 行业板块,"vol,turnover_rate"
explicit_idx_type-000017,explicit_idx_type,"ts_code,trade_date",BK0425.DC|20250124,BK0425.DC,20250124,,2,概念板块 | 行业板块,概念板块 | 行业板块,vol
explicit_idx_type-000018,explicit_idx_type,"ts_code,trade_date",BK0425.DC|20250127,BK0425.DC,20250127,,2,概念板块 | 行业板块,概念板块 | 行业板块,turnover_rate
explicit_idx_type-000019,explicit_idx_type,"ts_code,trade_date",BK0429.DC|20250102,BK0429.DC,20250102,,2,概念板块 | 行业板块,概念板块 | 行业板块,"vol,turnover_rate"
explicit_idx_type-000020,explicit_idx_type,"ts_code,trade_date",BK0429.DC|20250103,BK0429.DC,20250103,,2,概念板块 | 行业板块,概念板块 | 行业板块,"vol,turnover_rate"
explicit_idx_type-000021,explicit_idx_type,"ts_code,trade_date",BK0429.DC|20250106,BK0429.DC,20250106,,2,概念板块 | 行业板块,概念板块 | 行业板块,vol
explicit_idx_type-000022,explicit_idx_type,"ts_code,trade_date",BK0429.DC|20250107,BK0429.DC,20250107,,2,概念板块 | 行业板块,概念板块 | 行业板块,turnover_rate
explicit_idx_type-000023,explicit_idx_type,"ts_code,trade_date",BK0429.DC|20250108,BK0429.DC,20250108,,2,概念板块 | 行业板块,概念板块 | 行业板块,turnover_rate
explicit_idx_type-000024,explicit_idx_type,"ts_code,trade_date",BK0429.DC|20250109,BK0429.DC,20250109,,2,概念板块 | 行业板块,概念板块 | 行业板块,"vol,turnover_rate"
explicit_idx_type-000025,explicit_idx_type,"ts_code,trade_date",BK0429.DC|20250110,BK0429.DC,20250110,,2,概念板块 | 行业板块,概念板块 | 行业板块,turnover_rate
explicit_idx_type-000026,explicit_idx_type,"ts_code,trade_date",BK0429.DC|20250113,BK0429.DC,20250113,,2,概念板块 | 行业板块,概念板块 | 行业板块,vol
explicit_idx_type-000027,explicit_idx_type,"ts_code,trade_date",BK0429.DC|20250114,BK0429.DC,20250114,,2,概念板块 | 行业板块,概念板块 | 行业板块,"vol,turnover_rate"
explicit_idx_type-000028,explicit_idx_type,"ts_code,trade_date",BK0429.DC|20250115,BK0429.DC,20250115,,2,概念板块 | 行业板块,概念板块 | 行业板块,"vol,turnover_rate"
explicit_idx_type-000029,explicit_idx_type,"ts_code,trade_date",BK0429.DC|20250116,BK0429.DC,20250116,,2,概念板块 | 行业板块,概念板块 | 行业板块,"vol,turnover_rate"
explicit_idx_type-000030,explicit_idx_type,"ts_code,trade_date",BK0429.DC|20250117,BK0429.DC,20250117,,2,概念板块 | 行业板块,概念板块 | 行业板块,
explicit_idx_type-000031,explicit_idx_type,"ts_code,trade_date",BK0429.DC|20250120,BK0429.DC,20250120,,2,概念板块 | 行业板块,概念板块 | 行业板块,"vol,turnover_rate"
explicit_idx_type-000032,explicit_idx_type,"ts_code,trade_date",BK0429.DC|20250121,BK0429.DC,20250121,,2,概念板块 | 行业板块,概念板块 | 行业板块,turnover_rate
explicit_idx_type-000033,explicit_idx_type,"ts_code,trade_date",BK0429.DC|20250122,BK0429.DC,20250122,,2,概念板块 | 行业板块,概念板块 | 行业板块,vol
explicit_idx_type-000034,explicit_idx_type,"ts_code,trade_date",BK0429.DC|20250123,BK0429.DC,20250123,,2,概念板块 | 行业板块,概念板块 | 行业板块,"vol,turnover_rate"
explicit_idx_type-000035,explicit_idx_type,"ts_code,trade_date",BK0429.DC|20250124,BK0429.DC,20250124,,2,概念板块 | 行业板块,概念板块 | 行业板块,"vol,turnover_rate"
explicit_idx_type-000036,explicit_idx_type,"ts_code,trade_date",BK0429.DC|20250127,BK0429.DC,20250127,,2,概念板块 | 行业板块,概念板块 | 行业板块,
explicit_idx_type-000037,explicit_idx_type,"ts_code,trade_date",BK0447.DC|20250102,BK0447.DC,20250102,,2,概念板块 | 行业板块,概念板块 | 行业板块,"vol,turnover_rate"
explicit_idx_type-000038,explicit_idx_type,"ts_code,trade_date",BK0447.DC|20250103,BK0447.DC,20250103,,2,概念板块 | 行业板块,概念板块 | 行业板块,turnover_rate
explicit_idx_type-000039,explicit_idx_type,"ts_code,trade_date",BK0447.DC|20250106,BK0447.DC,20250106,,2,概念板块 | 行业板块,概念板块 | 行业板块,turnover_rate
explicit_idx_type-000040,explicit_idx_type,"ts_code,trade_date",BK0447.DC|20250107,BK0447.DC,20250107,,2,概念板块 | 行业板块,概念板块 | 行业板块,turnover_rate
explicit_idx_type-000041,explicit_idx_type,"ts_code,trade_date",BK0447.DC|20250108,BK0447.DC,20250108,,2,概念板块 | 行业板块,概念板块 | 行业板块,turnover_rate
explicit_idx_type-000042,explicit_idx_type,"ts_code,trade_date",BK0447.DC|20250109,BK0447.DC,20250109,,2,概念板块 | 行业板块,概念板块 | 行业板块,turnover_rate
explicit_idx_type-000043,explicit_idx_type,"ts_code,trade_date",BK0447.DC|20250110,BK0447.DC,20250110,,2,概念板块 | 行业板块,概念板块 | 行业板块,turnover_rate
explicit_idx_type-000044,explicit_idx_type,"ts_code,trade_date",BK0447.DC|20250113,BK0447.DC,20250113,,2,概念板块 | 行业板块,概念板块 | 行业板块,turnover_rate
explicit_idx_type-000045,explicit_idx_type,"ts_code,trade_date",BK0447.DC|20250114,BK0447.DC,20250114,,2,概念板块 | 行业板块,概念板块 | 行业板块,"vol,turnover_rate"
explicit_idx_type-000046,explicit_idx_type,"ts_code,trade_date",BK0447.DC|20250115,BK0447.DC,20250115,,2,概念板块 | 行业板块,概念板块 | 行业板块,"vol,turnover_rate"
explicit_idx_type-000047,explicit_idx_type,"ts_code,trade_date",BK0447.DC|20250116,BK0447.DC,20250116,,2,概念板块 | 行业板块,概念板块 | 行业板块,"vol,turnover_rate"
explicit_idx_type-000048,explicit_idx_type,"ts_code,trade_date",BK0447.DC|20250117,BK0447.DC,20250117,,2,概念板块 | 行业板块,概念板块 | 行业板块,turnover_rate
explicit_idx_type-000049,explicit_idx_type,"ts_code,trade_date",BK0447.DC|20250120,BK0447.DC,20250120,,2,概念板块 | 行业板块,概念板块 | 行业板块,turnover_rate
explicit_idx_type-000050,explicit_idx_type,"ts_code,trade_date",BK0447.DC|20250121,BK0447.DC,20250121,,2,概念板块 | 行业板块,概念板块 | 行业板块,"vol,turnover_rate"
explicit_idx_type-000051,explicit_idx_type,"ts_code,trade_date",BK0447.DC|20250122,BK0447.DC,20250122,,2,概念板块 | 行业板块,概念板块 | 行业板块,turnover_rate
explicit_idx_type-000052,explicit_idx_type,"ts_code,trade_date",BK0447.DC|20250123,BK0447.DC,20250123,,2,概念板块 | 行业板块,概念板块 | 行业板块,turnover_rate
explicit_idx_type-000053,explicit_idx_type,"ts_code,trade_date",BK0447.DC|20250124,BK0447.DC,20250124,,2,概念板块 | 行业板块,概念板块 | 行业板块,"vol,turnover_rate"
explicit_idx_type-000054,explicit_idx_type,"ts_code,trade_date",BK0447.DC|20250127,BK0447.DC,20250127,,2,概念板块 | 行业板块,概念板块 | 行业板块,turnover_rate
explicit_idx_type-000055,explicit_idx_type,"ts_code,trade_date",BK0470.DC|20250102,BK0470.DC,20250102,,2,概念板块 | 行业板块,概念板块 | 行业板块,"vol,turnover_rate"
explicit_idx_type-000056,explicit_idx_type,"ts_code,trade_date",BK0470.DC|20250103,BK0470.DC,20250103,,2,概念板块 | 行业板块,概念板块 | 行业板块,"vol,turnover_rate"
explicit_idx_type-000057,explicit_idx_type,"ts_code,trade_date",BK0470.DC|20250106,BK0470.DC,20250106,,2,概念板块 | 行业板块,概念板块 | 行业板块,"vol,turnover_rate"
explicit_idx_type-000058,explicit_idx_type,"ts_code,trade_date",BK0470.DC|20250107,BK0470.DC,20250107,,2,概念板块 | 行业板块,概念板块 | 行业板块,turnover_rate
explicit_idx_type-000059,explicit_idx_type,"ts_code,trade_date",BK0470.DC|20250108,BK0470.DC,20250108,,2,概念板块 | 行业板块,概念板块 | 行业板块,vol
explicit_idx_type-000060,explicit_idx_type,"ts_code,trade_date",BK0470.DC|20250109,BK0470.DC,20250109,,2,概念板块 | 行业板块,概念板块 | 行业板块,vol
explicit_idx_type-000061,explicit_idx_type,"ts_code,trade_date",BK0470.DC|20250110,BK0470.DC,20250110,,2,概念板块 | 行业板块,概念板块 | 行业板块,"vol,turnover_rate"
explicit_idx_type-000062,explicit_idx_type,"ts_code,trade_date",BK0470.DC|20250113,BK0470.DC,20250113,,2,概念板块 | 行业板块,概念板块 | 行业板块,"vol,turnover_rate"
explicit_idx_type-000063,explicit_idx_type,"ts_code,trade_date",BK0470.DC|20250114,BK0470.DC,20250114,,2,概念板块 | 行业板块,概念板块 | 行业板块,
explicit_idx_type-000064,explicit_idx_type,"ts_code,trade_date",BK0470.DC|20250115,BK0470.DC,20250115,,2,概念板块 | 行业板块,概念板块 | 行业板块,
explicit_idx_type-000065,explicit_idx_type,"ts_code,trade_date",BK0470.DC|20250116,BK0470.DC,20250116,,2,概念板块 | 行业板块,概念板块 | 行业板块,turnover_rate
explicit_idx_type-000066,explicit_idx_type,"ts_code,trade_date",BK0470.DC|20250117,BK0470.DC,20250117,,2,概念板块 | 行业板块,概念板块 | 行业板块,vol
explicit_idx_type-000067,explicit_idx_type,"ts_code,trade_date",BK0470.DC|20250120,BK0470.DC,20250120,,2,概念板块 | 行业板块,概念板块 | 行业板块,vol
explicit_idx_type-000068,explicit_idx_type,"ts_code,trade_date",BK0470.DC|20250121,BK0470.DC,20250121,,2,概念板块 | 行业板块,概念板块 | 行业板块,
explicit_idx_type-000069,explicit_idx_type,"ts_code,trade_date",BK0470.DC|20250122,BK0470.DC,20250122,,2,概念板块 | 行业板块,概念板块 | 行业板块,
explicit_idx_type-000070,explicit_idx_type,"ts_code,trade_date",BK0470.DC|20250123,BK0470.DC,20250123,,2,概念板块 | 行业板块,概念板块 | 行业板块,"vol,turnover_rate"
explicit_idx_type-000071,explicit_idx_type,"ts_code,trade_date",BK0470.DC|20250124,BK0470.DC,20250124,,2,概念板块 | 行业板块,概念板块 | 行业板块,vol
explicit_idx_type-000072,explicit_idx_type,"ts_code,trade_date",BK0470.DC|20250127,BK0470.DC,20250127,,2,概念板块 | 行业板块,概念板块 | 行业板块,
explicit_idx_type-000073,explicit_idx_type,"ts_code,trade_date",BK0477.DC|20250102,BK0477.DC,20250102,,2,概念板块 | 行业板块,概念板块 | 行业板块,vol
explicit_idx_type-000074,explicit_idx_type,"ts_code,trade_date",BK0477.DC|20250103,BK0477.DC,20250103,,2,概念板块 | 行业板块,概念板块 | 行业板块,
explicit_idx_type-000075,explicit_idx_type,"ts_code,trade_date",BK0477.DC|20250106,BK0477.DC,20250106,,2,概念板块 | 行业板块,概念板块 | 行业板块,
explicit_idx_type-000076,explicit_idx_type,"ts_code,trade_date",BK0477.DC|20250107,BK0477.DC,20250107,,2,概念板块 | 行业板块,概念板块 | 行业板块,vol
explicit_idx_type-000077,explicit_idx_type,"ts_code,trade_date",BK0477.DC|20250108,BK0477.DC,20250108,,2,概念板块 | 行业板块,概念板块 | 行业板块,
explicit_idx_type-000078,explicit_idx_type,"ts_code,trade_date",BK0477.DC|20250109,BK0477.DC,20250109,,2,概念板块 | 行业板块,概念板块 | 行业板块,
explicit_idx_type-000079,explicit_idx_type,"ts_code,trade_date",BK0477.DC|20250110,BK0477.DC,20250110,,2,概念板块 | 行业板块,概念板块 | 行业板块,vol
explicit_idx_type-000080,explicit_idx_type,"ts_code,trade_date",BK0477.DC|20250113,BK0477.DC,20250113,,2,概念板块 | 行业板块,概念板块 | 行业板块,vol
explicit_idx_type-000081,explicit_idx_type,"ts_code,trade_date",BK0477.DC|20250114,BK0477.DC,20250114,,2,概念板块 | 行业板块,概念板块 | 行业板块,vol
explicit_idx_type-000082,explicit_idx_type,"ts_code,trade_date",BK0477.DC|20250115,BK0477.DC,20250115,,2,概念板块 | 行业板块,概念板块 | 行业板块,vol
explicit_idx_type-000083,explicit_idx_type,"ts_code,trade_date",BK0477.DC|20250116,BK0477.DC,20250116,,2,概念板块 | 行业板块,概念板块 | 行业板块,
explicit_idx_type-000084,explicit_idx_type,"ts_code,trade_date",BK0477.DC|20250117,BK0477.DC,20250117,,2,概念板块 | 行业板块,概念板块 | 行业板块,vol
explicit_idx_type-000085,explicit_idx_type,"ts_code,trade_date",BK0477.DC|20250120,BK0477.DC,20250120,,2,概念板块 | 行业板块,概念板块 | 行业板块,
explicit_idx_type-000086,explicit_idx_type,"ts_code,trade_date",BK0477.DC|20250121,BK0477.DC,20250121,,2,概念板块 | 行业板块,概念板块 | 行业板块,vol
explicit_idx_type-000087,explicit_idx_type,"ts_code,trade_date",BK0477.DC|20250122,BK0477.DC,20250122,,2,概念板块 | 行业板块,概念板块 | 行业板块,vol
explicit_idx_type-000088,explicit_idx_type,"ts_code,trade_date",BK0477.DC|20250123,BK0477.DC,20250123,,2,概念板块 | 行业板块,概念板块 | 行业板块,vol
explicit_idx_type-000089,explicit_idx_type,"ts_code,trade_date",BK0477.DC|20250124,BK0477.DC,20250124,,2,概念板块 | 行业板块,概念板块 | 行业板块,vol
explicit_idx_type-000090,explicit_idx_type,"ts_code,trade_date",BK0477.DC|20250127,BK0477.DC,20250127,,2,概念板块 | 行业板块,概念板块 | 行业板块,
explicit_idx_type-000091,explicit_idx_type,"ts_code,trade_date",BK0480.DC|20250102,BK0480.DC,20250102,,2,概念板块 | 行业板块,概念板块 | 行业板块,turnover_rate
explicit_idx_type-000092,explicit_idx_type,"ts_code,trade_date",BK0480.DC|20250103,BK0480.DC,20250103,,2,概念板块 | 行业板块,概念板块 | 行业板块,turnover_rate
explicit_idx_type-000093,explicit_idx_type,"ts_code,trade_date",BK0480.DC|20250106,BK0480.DC,20250106,,2,概念板块 | 行业板块,概念板块 | 行业板块,turnover_rate
explicit_idx_type-000094,explicit_idx_type,"ts_code,trade_date",BK0480.DC|20250107,BK0480.DC,20250107,,2,概念板块 | 行业板块,概念板块 | 行业板块,turnover_rate
explicit_idx_type-000095,explicit_idx_type,"ts_code,trade_date",BK0480.DC|20250108,BK0480.DC,20250108,,2,概念板块 | 行业板块,概念板块 | 行业板块,turnover_rate
explicit_idx_type-000096,explicit_idx_type,"ts_code,trade_date",BK0480.DC|20250109,BK0480.DC,20250109,,2,概念板块 | 行业板块,概念板块 | 行业板块,turnover_rate
explicit_idx_type-000097,explicit_idx_type,"ts_code,trade_date",BK0480.DC|20250110,BK0480.DC,20250110,,2,概念板块 | 行业板块,概念板块 | 行业板块,turnover_rate
explicit_idx_type-000098,explicit_idx_type,"ts_code,trade_date",BK0480.DC|20250113,BK0480.DC,20250113,,2,概念板块 | 行业板块,概念板块 | 行业板块,"vol,turnover_rate"
explicit_idx_type-000099,explicit_idx_type,"ts_code,trade_date",BK0480.DC|20250114,BK0480.DC,20250114,,2,概念板块 | 行业板块,概念板块 | 行业板块,"vol,turnover_rate"
explicit_idx_type-000100,explicit_idx_type,"ts_code,trade_date",BK0480.DC|20250115,BK0480.DC,20250115,,2,概念板块 | 行业板块,概念板块 | 行业板块,turnover_rate
explicit_idx_type-000101,explicit_idx_type,"ts_code,trade_date",BK0480.DC|20250116,BK0480.DC,20250116,,2,概念板块 | 行业板块,概念板块 | 行业板块,"vol,turnover_rate"
explicit_idx_type-000102,explicit_idx_type,"ts_code,trade_date",BK0480.DC|20250117,BK0480.DC,20250117,,2,概念板块 | 行业板块,概念板块 | 行业板块,turnover_rate
explicit_idx_type-000103,explicit_idx_type,"ts_code,trade_date",BK0480.DC|20250120,BK0480.DC,20250120,,2,概念板块 | 行业板块,概念板块 | 行业板块,"vol,turnover_rate"
explicit_idx_type-000104,explicit_idx_type,"ts_code,trade_date",BK0480.DC|20250121,BK0480.DC,20250121,,2,概念板块 | 行业板块,概念板块 | 行业板块,turnover_rate
explicit_idx_type-000105,explicit_idx_type,"ts_code,trade_date",BK0480.DC|20250122,BK0480.DC,20250122,,2,概念板块 | 行业板块,概念板块 | 行业板块,turnover_rate
explicit_idx_type-000106,explicit_idx_type,"ts_code,trade_date",BK0480.DC|20250123,BK0480.DC,20250123,,2,概念板块 | 行业板块,概念板块 | 行业板块,turnover_rate
explicit_idx_type-000107,explicit_idx_type,"ts_code,trade_date",BK0480.DC|20250124,BK0480.DC,20250124,,2,概念板块 | 行业板块,概念板块 | 行业板块,"vol,turnover_rate"
explicit_idx_type-000108,explicit_idx_type,"ts_code,trade_date",BK0480.DC|20250127,BK0480.DC,20250127,,2,概念板块 | 行业板块,概念板块 | 行业板块,"vol,turnover_rate"
explicit_idx_type-000109,explicit_idx_type,"ts_code,trade_date",BK0485.DC|20250102,BK0485.DC,20250102,,2,概念板块 | 行业板块,概念板块 | 行业板块,"vol,turnover_rate"
explicit_idx_type-000110,explicit_idx_type,"ts_code,trade_date",BK0485.DC|20250103,BK0485.DC,20250103,,2,概念板块 | 行业板块,概念板块 | 行业板块,turnover_rate
explicit_idx_type-000111,explicit_idx_type,"ts_code,trade_date",BK0485.DC|20250106,BK0485.DC,20250106,,2,概念板块 | 行业板块,概念板块 | 行业板块,"vol,turnover_rate"
explicit_idx_type-000112,explicit_idx_type,"ts_code,trade_date",BK0485.DC|20250107,BK0485.DC,20250107,,2,概念板块 | 行业板块,概念板块 | 行业板块,turnover_rate
explicit_idx_type-000113,explicit_idx_type,"ts_code,trade_date",BK0485.DC|20250108,BK0485.DC,20250108,,2,概念板块 | 行业板块,概念板块 | 行业板块,"vol,turnover_rate"
explicit_idx_type-000114,explicit_idx_type,"ts_code,trade_date",BK0485.DC|20250109,BK0485.DC,20250109,,2,概念板块 | 行业板块,概念板块 | 行业板块,"vol,turnover_rate"
explicit_idx_type-000115,explicit_idx_type,"ts_code,trade_date",BK0485.DC|20250110,BK0485.DC,20250110,,2,概念板块 | 行业板块,概念板块 | 行业板块,turnover_rate
explicit_idx_type-000116,explicit_idx_type,"ts_code,trade_date",BK0485.DC|20250113,BK0485.DC,20250113,,2,概念板块 | 行业板块,概念板块 | 行业板块,"vol,turnover_rate"
explicit_idx_type-000117,explicit_idx_type,"ts_code,trade_date",BK0485.DC|20250114,BK0485.DC,20250114,,2,概念板块 | 行业板块,概念板块 | 行业板块,"vol,turnover_rate"
explicit_idx_type-000118,explicit_idx_type,"ts_code,trade_date",BK0485.DC|20250115,BK0485.DC,20250115,,2,概念板块 | 行业板块,概念板块 | 行业板块,"vol,turnover_rate"
explicit_idx_type-000119,explicit_idx_type,"ts_code,trade_date",BK0485.DC|20250116,BK0485.DC,20250116,,2,概念板块 | 行业板块,概念板块 | 行业板块,turnover_rate
explicit_idx_type-000120,explicit_idx_type,"ts_code,trade_date",BK0485.DC|20250117,BK0485.DC,20250117,,2,概念板块 | 行业板块,概念板块 | 行业板块,"vol,turnover_rate"
explicit_idx_type-000121,explicit_idx_type,"ts_code,trade_date",BK0485.DC|20250120,BK0485.DC,20250120,,2,概念板块 | 行业板块,概念板块 | 行业板块,"vol,turnover_rate"
explicit_idx_type-000122,explicit_idx_type,"ts_code,trade_date",BK0485.DC|20250121,BK0485.DC,20250121,,2,概念板块 | 行业板块,概念板块 | 行业板块,turnover_rate
explicit_idx_type-000123,explicit_idx_type,"ts_code,trade_date",BK0485.DC|20250122,BK0485.DC,20250122,,2,概念板块 | 行业板块,概念板块 | 行业板块,"vol,turnover_rate"
explicit_idx_type-000124,explicit_idx_type,"ts_code,trade_date",BK0485.DC|20250123,BK0485.DC,20250123,,2,概念板块 | 行业板块,概念板块 | 行业板块,turnover_rate
explicit_idx_type-000125,explicit_idx_type,"ts_code,trade_date",BK0485.DC|20250124,BK0485.DC,20250124,,2,概念板块 | 行业板块,概念板块 | 行业板块,turnover_rate
explicit_idx_type-000126,explicit_idx_type,"ts_code,trade_date",BK0485.DC|20250127,BK0485.DC,20250127,,2,概念板块 | 行业板块,概念板块 | 行业板块,turnover_rate
explicit_idx_type-000127,explicit_idx_type,"ts_code,trade_date",BK0729.DC|20250102,BK0729.DC,20250102,,2,概念板块 | 行业板块,概念板块 | 行业板块,turnover_rate
explicit_idx_type-000128,explicit_idx_type,"ts_code,trade_date",BK0729.DC|20250103,BK0729.DC,20250103,,2,概念板块 | 行业板块,概念板块 | 行业板块,"vol,turnover_rate"
explicit_idx_type-000129,explicit_idx_type,"ts_code,trade_date",BK0729.DC|20250106,BK0729.DC,20250106,,2,概念板块 | 行业板块,概念板块 | 行业板块,"vol,turnover_rate"
explicit_idx_type-000130,explicit_idx_type,"ts_code,trade_date",BK0729.DC|20250107,BK0729.DC,20250107,,2,概念板块 | 行业板块,概念板块 | 行业板块,"vol,turnover_rate"
explicit_idx_type-000131,explicit_idx_type,"ts_code,trade_date",BK0729.DC|20250108,BK0729.DC,20250108,,2,概念板块 | 行业板块,概念板块 | 行业板块,"vol,turnover_rate"
explicit_idx_type-000132,explicit_idx_type,"ts_code,trade_date",BK0729.DC|20250109,BK0729.DC,20250109,,2,概念板块 | 行业板块,概念板块 | 行业板块,"vol,turnover_rate"
explicit_idx_type-000133,explicit_idx_type,"ts_code,trade_date",BK0729.DC|20250110,BK0729.DC,20250110,,2,概念板块 | 行业板块,概念板块 | 行业板块,"vol,turnover_rate"
explicit_idx_type-000134,explicit_idx_type,"ts_code,trade_date",BK0729.DC|20250113,BK0729.DC,20250113,,2,概念板块 | 行业板块,概念板块 | 行业板块,"vol,turnover_rate"
explicit_idx_type-000135,explicit_idx_type,"ts_code,trade_date",BK0729.DC|20250114,BK0729.DC,20250114,,2,概念板块 | 行业板块,概念板块 | 行业板块,turnover_rate
explicit_idx_type-000136,explicit_idx_type,"ts_code,trade_date",BK0729.DC|20250115,BK0729.DC,20250115,,2,概念板块 | 行业板块,概念板块 | 行业板块,"vol,turnover_rate"
explicit_idx_type-000137,explicit_idx_type,"ts_code,trade_date",BK0729.DC|20250116,BK0729.DC,20250116,,2,概念板块 | 行业板块,概念板块 | 行业板块,"vol,turnover_rate"
explicit_idx_type-000138,explicit_idx_type,"ts_code,trade_date",BK0729.DC|20250117,BK0729.DC,20250117,,2,概念板块 | 行业板块,概念板块 | 行业板块,"vol,turnover_rate"
explicit_idx_type-000139,explicit_idx_type,"ts_code,trade_date",BK0729.DC|20250120,BK0729.DC,20250120,,2,概念板块 | 行业板块,概念板块 | 行业板块,turnover_rate
explicit_idx_type-000140,explicit_idx_type,"ts_code,trade_date",BK0729.DC|20250121,BK0729.DC,20250121,,2,概念板块 | 行业板块,概念板块 | 行业板块,"vol,turnover_rate"
explicit_idx_type-000141,explicit_idx_type,"ts_code,trade_date",BK0729.DC|20250122,BK0729.DC,20250122,,2,概念板块 | 行业板块,概念板块 | 行业板块,turnover_rate
explicit_idx_type-000142,explicit_idx_type,"ts_code,trade_date",BK0729.DC|20250123,BK0729.DC,20250123,,2,概念板块 | 行业板块,概念板块 | 行业板块,turnover_rate
explicit_idx_type-000143,explicit_idx_type,"ts_code,trade_date",BK0729.DC|20250124,BK0729.DC,20250124,,2,概念板块 | 行业板块,概念板块 | 行业板块,"vol,turnover_rate"
explicit_idx_type-000144,explicit_idx_type,"ts_code,trade_date",BK0729.DC|20250127,BK0729.DC,20250127,,2,概念板块 | 行业板块,概念板块 | 行业板块,turnover_rate
explicit_idx_type-000145,explicit_idx_type,"ts_code,trade_date",BK0730.DC|20250102,BK0730.DC,20250102,,2,概念板块 | 行业板块,概念板块 | 行业板块,vol
explicit_idx_type-000146,explicit_idx_type,"ts_code,trade_date",BK0730.DC|20250103,BK0730.DC,20250103,,2,概念板块 | 行业板块,概念板块 | 行业板块,"vol,turnover_rate"
explicit_idx_type-000147,explicit_idx_type,"ts_code,trade_date",BK0730.DC|20250106,BK0730.DC,20250106,,2,概念板块 | 行业板块,概念板块 | 行业板块,turnover_rate
explicit_idx_type-000148,explicit_idx_type,"ts_code,trade_date",BK0730.DC|20250107,BK0730.DC,20250107,,2,概念板块 | 行业板块,概念板块 | 行业板块,
explicit_idx_type-000149,explicit_idx_type,"ts_code,trade_date",BK0730.DC|20250108,BK0730.DC,20250108,,2,概念板块 | 行业板块,概念板块 | 行业板块,vol
explicit_idx_type-000150,explicit_idx_type,"ts_code,trade_date",BK0730.DC|20250109,BK0730.DC,20250109,,2,概念板块 | 行业板块,概念板块 | 行业板块,"vol,turnover_rate"
explicit_idx_type-000151,explicit_idx_type,"ts_code,trade_date",BK0730.DC|20250110,BK0730.DC,20250110,,2,概念板块 | 行业板块,概念板块 | 行业板块,
explicit_idx_type-000152,explicit_idx_type,"ts_code,trade_date",BK0730.DC|20250113,BK0730.DC,20250113,,2,概念板块 | 行业板块,概念板块 | 行业板块,turnover_rate
explicit_idx_type-000153,explicit_idx_type,"ts_code,trade_date",BK0730.DC|20250114,BK0730.DC,20250114,,2,概念板块 | 行业板块,概念板块 | 行业板块,turnover_rate
explicit_idx_type-000154,explicit_idx_type,"ts_code,trade_date",BK0730.DC|20250115,BK0730.DC,20250115,,2,概念板块 | 行业板块,概念板块 | 行业板块,
explicit_idx_type-000155,explicit_idx_type,"ts_code,trade_date",BK0730.DC|20250116,BK0730.DC,20250116,,2,概念板块 | 行业板块,概念板块 | 行业板块,"vol,turnover_rate"
explicit_idx_type-000156,explicit_idx_type,"ts_code,trade_date",BK0730.DC|20250117,BK0730.DC,20250117,,2,概念板块 | 行业板块,概念板块 | 行业板块,turnover_rate
explicit_idx_type-000157,explicit_idx_type,"ts_code,trade_date",BK0730.DC|20250120,BK0730.DC,20250120,,2,概念板块 | 行业板块,概念板块 | 行业板块,turnover_rate
explicit_idx_type-000158,explicit_idx_type,"ts_code,trade_date",BK0730.DC|20250121,BK0730.DC,20250121,,2,概念板块 | 行业板块,概念板块 | 行业板块,turnover_rate
explicit_idx_type-000159,explicit_idx_type,"ts_code,trade_date",BK0730.DC|20250122,BK0730.DC,20250122,,2,概念板块 | 行业板块,概念板块 | 行业板块,turnover_rate
explicit_idx_type-000160,explicit_idx_type,"ts_code,trade_date",BK0730.DC|20250123,BK0730.DC,20250123,,2,概念板块 | 行业板块,概念板块 | 行业板块,turnover_rate
explicit_idx_type-000161,explicit_idx_type,"ts_code,trade_date",BK0730.DC|20250124,BK0730.DC,20250124,,2,概念板块 | 行业板块,概念板块 | 行业板块,turnover_rate
explicit_idx_type-000162,explicit_idx_type,"ts_code,trade_date",BK0730.DC|20250127,BK0730.DC,20250127,,2,概念板块 | 行业板块,概念板块 | 行业板块,turnover_rate
explicit_idx_type-000163,explicit_idx_type,"ts_code,trade_date",BK0733.DC|20250102,BK0733.DC,20250102,,2,概念板块 | 行业板块,概念板块 | 行业板块,"vol,turnover_rate"
explicit_idx_type-000164,explicit_idx_type,"ts_code,trade_date",BK0733.DC|20250103,BK0733.DC,20250103,,2,概念板块 | 行业板块,概念板块 | 行业板块,"vol,turnover_rate"
explicit_idx_type-000165,explicit_idx_type,"ts_code,trade_date",BK0733.DC|20250106,BK0733.DC,20250106,,2,概念板块 | 行业板块,概念板块 | 行业板块,"vol,turnover_rate"
explicit_idx_type-000166,explicit_idx_type,"ts_code,trade_date",BK0733.DC|20250107,BK0733.DC,20250107,,2,概念板块 | 行业板块,概念板块 | 行业板块,"vol,turnover_rate"
explicit_idx_type-000167,explicit_idx_type,"ts_code,trade_date",BK0733.DC|20250108,BK0733.DC,20250108,,2,概念板块 | 行业板块,概念板块 | 行业板块,"vol,turnover_rate"
explicit_idx_type-000168,explicit_idx_type,"ts_code,trade_date",BK0733.DC|20250109,BK0733.DC,20250109,,2,概念板块 | 行业板块,概念板块 | 行业板块,turnover_rate
explicit_idx_type-000169,explicit_idx_type,"ts_code,trade_date",BK0733.DC|20250110,BK0733.DC,20250110,,2,概念板块 | 行业板块,概念板块 | 行业板块,turnover_rate
explicit_idx_type-000170,explicit_idx_type,"ts_code,trade_date",BK0733.DC|20250113,BK0733.DC,20250113,,2,概念板块 | 行业板块,概念板块 | 行业板块,turnover_rate
explicit_idx_type-000171,explicit_idx_type,"ts_code,trade_date",BK0733.DC|20250114,BK0733.DC,20250114,,2,概念板块 | 行业板块,概念板块 | 行业板块,turnover_rate
explicit_idx_type-000172,explicit_idx_type,"ts_code,trade_date",BK0733.DC|20250115,BK0733.DC,20250115,,2,概念板块 | 行业板块,概念板块 | 行业板块,turnover_rate
explicit_idx_type-000173,explicit_idx_type,"ts_code,trade_date",BK0733.DC|20250116,BK0733.DC,20250116,,2,概念板块 | 行业板块,概念板块 | 行业板块,"vol,turnover_rate"
explicit_idx_type-000174,explicit_idx_type,"ts_code,trade_date",BK0733.DC|20250117,BK0733.DC,20250117,,2,概念板块 | 行业板块,概念板块 | 行业板块,"vol,turnover_rate"
explicit_idx_type-000175,explicit_idx_type,"ts_code,trade_date",BK0733.DC|20250120,BK0733.DC,20250120,,2,概念板块 | 行业板块,概念板块 | 行业板块,"vol,turnover_rate"
explicit_idx_type-000176,explicit_idx_type,"ts_code,trade_date",BK0733.DC|20250121,BK0733.DC,20250121,,2,概念板块 | 行业板块,概念板块 | 行业板块,"vol,turnover_rate"
explicit_idx_type-000177,explicit_idx_type,"ts_code,trade_date",BK0733.DC|20250122,BK0733.DC,20250122,,2,概念板块 | 行业板块,概念板块 | 行业板块,"vol,turnover_rate"
explicit_idx_type-000178,explicit_idx_type,"ts_code,trade_date",BK0733.DC|20250123,BK0733.DC,20250123,,2,概念板块 | 行业板块,概念板块 | 行业板块,"vol,turnover_rate"
explicit_idx_type-000179,explicit_idx_type,"ts_code,trade_date",BK0733.DC|20250124,BK0733.DC,20250124,,2,概念板块 | 行业板块,概念板块 | 行业板块,"vol,turnover_rate"
explicit_idx_type-000180,explicit_idx_type,"ts_code,trade_date",BK0733.DC|20250127,BK0733.DC,20250127,,2,概念板块 | 行业板块,概念板块 | 行业板块,turnover_rate
explicit_idx_type-000181,explicit_idx_type,"ts_code,trade_date",BK1017.DC|20250102,BK1017.DC,20250102,,2,概念板块 | 行业板块,概念板块 | 行业板块,vol
explicit_idx_type-000182,explicit_idx_type,"ts_code,trade_date",BK1017.DC|20250103,BK1017.DC,20250103,,2,概念板块 | 行业板块,概念板块 | 行业板块,
explicit_idx_type-000183,explicit_idx_type,"ts_code,trade_date",BK1017.DC|20250106,BK1017.DC,20250106,,2,概念板块 | 行业板块,概念板块 | 行业板块,vol
explicit_idx_type-000184,explicit_idx_type,"ts_code,trade_date",BK1017.DC|20250107,BK1017.DC,20250107,,2,概念板块 | 行业板块,概念板块 | 行业板块,"vol,turnover_rate"
explicit_idx_type-000185,explicit_idx_type,"ts_code,trade_date",BK1017.DC|20250108,BK1017.DC,20250108,,2,概念板块 | 行业板块,概念板块 | 行业板块,
explicit_idx_type-000186,explicit_idx_type,"ts_code,trade_date",BK1017.DC|20250109,BK1017.DC,20250109,,2,概念板块 | 行业板块,概念板块 | 行业板块,vol
explicit_idx_type-000187,explicit_idx_type,"ts_code,trade_date",BK1017.DC|20250110,BK1017.DC,20250110,,2,概念板块 | 行业板块,概念板块 | 行业板块,
explicit_idx_type-000188,explicit_idx_type,"ts_code,trade_date",BK1017.DC|20250113,BK1017.DC,20250113,,2,概念板块 | 行业板块,概念板块 | 行业板块,vol
explicit_idx_type-000189,explicit_idx_type,"ts_code,trade_date",BK1017.DC|20250114,BK1017.DC,20250114,,2,概念板块 | 行业板块,概念板块 | 行业板块,vol
explicit_idx_type-000190,explicit_idx_type,"ts_code,trade_date",BK1017.DC|20250115,BK1017.DC,20250115,,2,概念板块 | 行业板块,概念板块 | 行业板块,
explicit_idx_type-000191,explicit_idx_type,"ts_code,trade_date",BK1017.DC|20250116,BK1017.DC,20250116,,2,概念板块 | 行业板块,概念板块 | 行业板块,vol
explicit_idx_type-000192,explicit_idx_type,"ts_code,trade_date",BK1017.DC|20250117,BK1017.DC,20250117,,2,概念板块 | 行业板块,概念板块 | 行业板块,
explicit_idx_type-000193,explicit_idx_type,"ts_code,trade_date",BK1017.DC|20250120,BK1017.DC,20250120,,2,概念板块 | 行业板块,概念板块 | 行业板块,
explicit_idx_type-000194,explicit_idx_type,"ts_code,trade_date",BK1017.DC|20250121,BK1017.DC,20250121,,2,概念板块 | 行业板块,概念板块 | 行业板块,
explicit_idx_type-000195,explicit_idx_type,"ts_code,trade_date",BK1017.DC|20250122,BK1017.DC,20250122,,2,概念板块 | 行业板块,概念板块 | 行业板块,
explicit_idx_type-000196,explicit_idx_type,"ts_code,trade_date",BK1017.DC|20250123,BK1017.DC,20250123,,2,概念板块 | 行业板块,概念板块 | 行业板块,
explicit_idx_type-000197,explicit_idx_type,"ts_code,trade_date",BK1017.DC|20250124,BK1017.DC,20250124,,2,概念板块 | 行业板块,概念板块 | 行业板块,
explicit_idx_type-000198,explicit_idx_type,"ts_code,trade_date",BK1017.DC|20250127,BK1017.DC,20250127,,2,概念板块 | 行业板块,概念板块 | 行业板块,vol
explicit_idx_type-000199,explicit_idx_type,"ts_code,trade_date",BK1029.DC|20250102,BK1029.DC,20250102,,2,概念板块 | 行业板块,概念板块 | 行业板块,vol
explicit_idx_type-000200,explicit_idx_type,"ts_code,trade_date",BK1029.DC|20250103,BK1029.DC,20250103,,2,概念板块 | 行业板块,概念板块 | 行业板块,
explicit_idx_type-000201,explicit_idx_type,"ts_code,trade_date",BK1029.DC|20250106,BK1029.DC,20250106,,2,概念板块 | 行业板块,概念板块 | 行业板块,
explicit_idx_type-000202,explicit_idx_type,"ts_code,trade_date",BK1029.DC|20250107,BK1029.DC,20250107,,2,概念板块 | 行业板块,概念板块 | 行业板块,
explicit_idx_type-000203,explicit_idx_type,"ts_code,trade_date",BK1029.DC|20250108,BK1029.DC,20250108,,2,概念板块 | 行业板块,概念板块 | 行业板块,
explicit_idx_type-000204,explicit_idx_type,"ts_code,trade_date",BK1029.DC|20250109,BK1029.DC,20250109,,2,概念板块 | 行业板块,概念板块 | 行业板块,vol
explicit_idx_type-000205,explicit_idx_type,"ts_code,trade_date",BK1029.DC|20250110,BK1029.DC,20250110,,2,概念板块 | 行业板块,概念板块 | 行业板块,vol
explicit_idx_type-000206,explicit_idx_type,"ts_code,trade_date",BK1029.DC|20250113,BK1029.DC,20250113,,2,概念板块 | 行业板块,概念板块 | 行业板块,
explicit_idx_type-000207,explicit_idx_type,"ts_code,trade_date",BK1029.DC|20250114,BK1029.DC,20250114,,2,概念板块 | 行业板块,概念板块 | 行业板块,"vol,turnover_rate"
explicit_idx_type-000208,explicit_idx_type,"ts_code,trade_date",BK1029.DC|20250115,BK1029.DC,20250115,,2,概念板块 | 行业板块,概念板块 | 行业板块,
explicit_idx_type-000209,explicit_idx_type,"ts_code,trade_date",BK1029.DC|20250116,BK1029.DC,20250116,,2,概念板块 | 行业板块,概念板块 | 行业板块,vol
explicit_idx_type-000210,explicit_idx_type,"ts_code,trade_date",BK1029.DC|20250117,BK1029.DC,20250117,,2,概念板块 | 行业板块,概念板块 | 行业板块,turnover_rate
explicit_idx_type-000211,explicit_idx_type,"ts_code,trade_date",BK1029.DC|20250120,BK1029.DC,20250120,,2,概念板块 | 行业板块,概念板块 | 行业板块,vol
explicit_idx_type-000212,explicit_idx_type,"ts_code,trade_date",BK1029.DC|20250121,BK1029.DC,20250121,,2,概念板块 | 行业板块,概念板块 | 行业板块,vol
explicit_idx_type-000213,explicit_idx_type,"ts_code,trade_date",BK1029.DC|20250122,BK1029.DC,20250122,,2,概念板块 | 行业板块,概念板块 | 行业板块,vol
explicit_idx_type-000214,explicit_idx_type,"ts_code,trade_date",BK1029.DC|20250123,BK1029.DC,20250123,,2,概念板块 | 行业板块,概念板块 | 行业板块,
explicit_idx_type-000215,explicit_idx_type,"ts_code,trade_date",BK1029.DC|20250124,BK1029.DC,20250124,,2,概念板块 | 行业板块,概念板块 | 行业板块,
explicit_idx_type-000216,explicit_idx_type,"ts_code,trade_date",BK1029.DC|20250127,BK1029.DC,20250127,,2,概念板块 | 行业板块,概念板块 | 行业板块,
