group_id,row_index,probe_scope,request_idx_type,ts_code,trade_date,close,open,high,low,change,pct_change,vol,amount,swing,turnover_rate,category
explicit_idx_type-000001,1,explicit_idx_type,行业板块,BK0425.DC,20250102,20982.77,21419.98,21631.4,20847.12,-459.76,-2.14,26753567.0,15303925166.0,3.66,1.17,行业板块
explicit_idx_type-000001,2,explicit_idx_type,概念板块,BK0425.DC,20250102,20982.77,21419.98,21631.4,20847.12,-459.76,-2.14,26753567.0,15303925166.0,3.66,1.15,概念板块
explicit_idx_type-000002,1,explicit_idx_type,行业板块,BK0425.DC,20250103,20251.99,21052.11,21095.43,20217.1,-730.78,-3.48,20852833.0,11423498827.0,4.19,0.91,行业板块
explicit_idx_type-000002,2,explicit_idx_type,概念板块,BK0425.DC,20250103,20251.99,21052.11,21095.43,20217.1,-730.78,-3.48,20852832.0,11423498827.0,4.19,0.9,概念板块
explicit_idx_type-000003,1,explicit_idx_type,行业板块,BK0425.DC,20250106,20262.9,20242.98,20405.57,19882.46,10.91,0.05,16707276.0,8968057379.0,2.58,0.73,行业板块
explicit_idx_type-000003,2,explicit_idx_type,概念板块,BK0425.DC,20250106,20262.9,20242.98,20405.57,19882.46,10.91,0.05,16707275.0,8968057379.0,2.58,0.72,概念板块
explicit_idx_type-000004,1,explicit_idx_type,行业板块,BK0425.DC,20250107,20710.64,20307.09,20710.64,20246.45,447.74,2.21,15618018.0,8545511665.0,2.29,0.68,行业板块
explicit_idx_type-000004,2,explicit_idx_type,概念板块,BK0425.DC,20250107,20710.64,20307.09,20710.64,20246.45,447.74,2.21,15618018.0,8545511665.0,2.29,0.67,概念板块
explicit_idx_type-000005,1,explicit_idx_type,行业板块,BK0425.DC,20250108,20588.66,20710.74,20759.08,20128.5,-121.98,-0.59,19983262.0,10946236404.0,3.04,0.87,行业板块
explicit_idx_type-000005,2,explicit_idx_type,概念板块,BK0425.DC,20250108,20588.66,20710.74,20759.08,20128.5,-121.98,-0.59,19983262.0,10946236404.0,3.04,0.86,概念板块
explicit_idx_type-000006,1,explicit_idx_type,行业板块,BK0425.DC,20250109,20517.91,20484.64,20688.95,20436.26,-70.75,-0.34,13932815.0,7713146384.0,1.23,0.61,行业板块
explicit_idx_type-000006,2,explicit_idx_type,概念板块,BK0425.DC,20250109,20517.91,20484.64,20688.95,20436.26,-70.75,-0.34,13932814.0,7713146384.0,1.23,0.6,概念板块
explicit_idx_type-000007,1,explicit_idx_type,行业板块,BK0425.DC,20250110,19970.65,20473.09,20599.4,19970.65,-547.26,-2.67,14278818.0,7952677040.0,3.06,0.62,行业板块
explicit_idx_type-000007,2,explicit_idx_type,概念板块,BK0425.DC,20250110,19970.65,20473.09,20599.4,19970.65,-547.26,-2.67,14278818.0,7952677040.0,3.06,0.62,概念板块
explicit_idx_type-000008,1,explicit_idx_type,行业板块,BK0425.DC,20250113,19941.12,19748.6,20042.33,19558.3,-29.53,-0.15,12991899.0,6663177266.0,2.42,0.57,行业板块
explicit_idx_type-000008,2,explicit_idx_type,概念板块,BK0425.DC,20250113,19941.12,19748.6,20042.33,19558.3,-29.53,-0.15,12991898.0,6663177266.0,2.42,0.56,概念板块
explicit_idx_type-000009,1,explicit_idx_type,行业板块,BK0425.DC,20250114,20702.11,20038.68,20702.11,20038.68,760.99,3.82,17622841.0,9513649346.0,3.33,0.77,行业板块
explicit_idx_type-000009,2,explicit_idx_type,概念板块,BK0425.DC,20250114,20702.11,20038.68,20702.11,20038.68,760.99,3.82,17622840.0,9513649346.0,3.33,0.76,概念板块
explicit_idx_type-000010,1,explicit_idx_type,行业板块,BK0425.DC,20250115,20641.92,20731.54,20810.96,20561.27,-60.19,-0.29,14705911.0,7869549527.0,1.21,0.64,行业板块
explicit_idx_type-000010,2,explicit_idx_type,概念板块,BK0425.DC,20250115,20641.92,20731.54,20810.96,20561.27,-60.19,-0.29,14705911.0,7869549527.0,1.21,0.63,概念板块
explicit_idx_type-000011,1,explicit_idx_type,行业板块,BK0425.DC,20250116,20756.75,20686.63,21021.24,20554.42,114.83,0.56,15549305.0,8410191438.0,2.26,0.68,行业板块
explicit_idx_type-000011,2,explicit_idx_type,概念板块,BK0425.DC,20250116,20756.75,20686.63,21021.24,20554.42,114.83,0.56,15549305.0,8410191438.0,2.26,0.67,概念板块
explicit_idx_type-000012,1,explicit_idx_type,行业板块,BK0425.DC,20250117,20798.63,20680.84,20869.47,20563.68,41.88,0.2,13290157.0,7573748120.0,1.47,0.58,行业板块
explicit_idx_type-000012,2,explicit_idx_type,概念板块,BK0425.DC,20250117,20798.63,20680.84,20869.47,20563.68,41.88,0.2,13290157.0,7573748120.0,1.47,0.57,概念板块
explicit_idx_type-000013,1,explicit_idx_type,行业板块,BK0425.DC,20250120,20898.34,20884.23,21015.15,20723.26,99.71,0.48,13704527.0,7975726720.0,1.4,0.6,行业板块
explicit_idx_type-000013,2,explicit_idx_type,概念板块,BK0425.DC,20250120,20898.34,20884.23,21015.15,20723.26,99.71,0.48,13704526.0,7975726720.0,1.4,0.59,概念板块
explicit_idx_type-000014,1,explicit_idx_type,行业板块,BK0425.DC,20250121,20670.74,20945.05,20981.01,20612.49,-227.6,-1.09,14553175.0,9056785761.0,1.76,0.64,行业板块
explicit_idx_type-000014,2,explicit_idx_type,概念板块,BK0425.DC,20250121,20670.74,20945.05,20981.01,20612.49,-227.6,-1.09,14553174.0,9056785761.0,1.76,0.63,概念板块
explicit_idx_type-000015,1,explicit_idx_type,行业板块,BK0425.DC,20250122,20497.68,20602.85,20621.3,20422.0,-173.06,-0.84,12497253.0,7397411647.0,0.96,0.55,行业板块
explicit_idx_type-000015,2,explicit_idx_type,概念板块,BK0425.DC,20250122,20497.68,20602.85,20621.3,20422.0,-173.06,-0.84,12497253.0,7397411647.0,0.96,0.54,概念板块
explicit_idx_type-000016,1,explicit_idx_type,行业板块,BK0425.DC,20250123,20525.53,20693.4,20982.63,20525.53,27.85,0.14,15771188.0,9741425684.0,2.23,0.69,行业板块
explicit_idx_type-000016,2,explicit_idx_type,概念板块,BK0425.DC,20250123,20525.53,20693.4,20982.63,20525.53,27.85,0.14,15771187.0,9741425684.0,2.23,0.68,概念板块
explicit_idx_type-000017,1,explicit_idx_type,行业板块,BK0425.DC,20250124,20624.18,20544.28,20667.64,20409.79,98.65,0.48,13584514.0,8522619401.0,1.26,0.59,行业板块
explicit_idx_type-000017,2,explicit_idx_type,概念板块,BK0425.DC,20250124,20624.18,20544.28,20667.64,20409.79,98.65,0.48,13584513.0,8522619401.0,1.26,0.59,概念板块
explicit_idx_type-000018,1,explicit_idx_type,行业板块,BK0425.DC,20250127,20570.56,20706.94,20938.97,20570.56,-53.62,-0.26,14221210.0,8115977442.0,1.79,0.62,行业板块
explicit_idx_type-000018,2,explicit_idx_type,概念板块,BK0425.DC,20250127,20570.56,20706.94,20938.97,20570.56,-53.62,-0.26,14221210.0,8115977442.0,1.79,0.61,概念板块
explicit_idx_type-000019,1,explicit_idx_type,行业板块,BK0429.DC,20250102,8713.85,8878.34,8979.61,8640.23,-170.99,-1.92,8039730.0,9138064505.0,3.82,1.44,行业板块
explicit_idx_type-000019,2,explicit_idx_type,概念板块,BK0429.DC,20250102,8713.85,8878.34,8979.61,8640.23,-170.99,-1.92,8039729.0,9138064505.0,3.82,1.43,概念板块
explicit_idx_type-000020,1,explicit_idx_type,行业板块,BK0429.DC,20250103,8365.67,8718.2,8731.65,8349.77,-348.18,-4.0,7248929.0,8105994835.0,4.38,1.3,行业板块
explicit_idx_type-000020,2,explicit_idx_type,概念板块,BK0429.DC,20250103,8365.67,8718.2,8731.65,8349.77,-348.18,-4.0,7248928.0,8105994835.0,4.38,1.29,概念板块
explicit_idx_type-000021,1,explicit_idx_type,行业板块,BK0429.DC,20250106,8363.09,8327.22,8460.77,8152.98,-2.58,-0.03,5985255.0,6852092069.0,3.68,1.07,行业板块
explicit_idx_type-000021,2,explicit_idx_type,概念板块,BK0429.DC,20250106,8363.09,8327.22,8460.77,8152.98,-2.58,-0.03,5985254.0,6852092069.0,3.68,1.07,概念板块
explicit_idx_type-000022,1,explicit_idx_type,行业板块,BK0429.DC,20250107,8600.16,8376.06,8602.31,8376.06,237.07,2.83,5847119.0,7331186872.0,2.71,1.05,行业板块
explicit_idx_type-000022,2,explicit_idx_type,概念板块,BK0429.DC,20250107,8600.16,8376.06,8602.31,8376.06,237.07,2.83,5847119.0,7331186872.0,2.71,1.04,概念板块
explicit_idx_type-000023,1,explicit_idx_type,行业板块,BK0429.DC,20250108,8588.54,8568.35,8627.04,8324.0,-11.62,-0.14,6296013.0,7566070773.0,3.52,1.13,行业板块
explicit_idx_type-000023,2,explicit_idx_type,概念板块,BK0429.DC,20250108,8588.54,8568.35,8627.04,8324.0,-11.62,-0.14,6296013.0,7566070773.0,3.52,1.12,概念板块
explicit_idx_type-000024,1,explicit_idx_type,行业板块,BK0429.DC,20250109,8562.16,8547.39,8607.9,8519.29,-26.38,-0.31,4855696.0,5980908894.0,1.03,0.87,行业板块
explicit_idx_type-000024,2,explicit_idx_type,概念板块,BK0429.DC,20250109,8562.16,8547.39,8607.9,8519.29,-26.38,-0.31,4855695.0,5980908894.0,1.03,0.86,概念板块
explicit_idx_type-000025,1,explicit_idx_type,行业板块,BK0429.DC,20250110,8316.21,8544.9,8591.24,8316.21,-245.95,-2.87,6448321.0,6873444509.0,3.21,1.16,行业板块
explicit_idx_type-000025,2,explicit_idx_type,概念板块,BK0429.DC,20250110,8316.21,8544.9,8591.24,8316.21,-245.95,-2.87,6448321.0,6873444509.0,3.21,1.15,概念板块
explicit_idx_type-000026,1,explicit_idx_type,行业板块,BK0429.DC,20250113,8306.09,8221.98,8363.53,8106.1,-10.12,-0.12,5594836.0,5671040407.0,3.1,1.0,行业板块
explicit_idx_type-000026,2,explicit_idx_type,概念板块,BK0429.DC,20250113,8306.09,8221.98,8363.53,8106.1,-10.12,-0.12,5594835.0,5671040407.0,3.1,1.0,概念板块
explicit_idx_type-000027,1,explicit_idx_type,行业板块,BK0429.DC,20250114,8704.98,8343.04,8704.98,8343.04,398.89,4.8,7455654.0,7839422100.0,4.36,1.34,行业板块
explicit_idx_type-000027,2,explicit_idx_type,概念板块,BK0429.DC,20250114,8704.98,8343.04,8704.98,8343.04,398.89,4.8,7455653.0,7839422100.0,4.36,1.33,概念板块
explicit_idx_type-000028,1,explicit_idx_type,行业板块,BK0429.DC,20250115,8671.61,8700.29,8754.99,8642.93,-33.37,-0.38,6252777.0,6972046105.0,1.29,1.12,行业板块
explicit_idx_type-000028,2,explicit_idx_type,概念板块,BK0429.DC,20250115,8671.61,8700.29,8754.99,8642.93,-33.37,-0.38,6252776.0,6972046105.0,1.29,1.11,概念板块
explicit_idx_type-000029,1,explicit_idx_type,行业板块,BK0429.DC,20250116,8720.82,8706.8,8812.38,8631.87,49.21,0.57,6025203.0,6908052726.0,2.08,1.08,行业板块
explicit_idx_type-000029,2,explicit_idx_type,概念板块,BK0429.DC,20250116,8720.82,8706.8,8812.38,8631.87,49.21,0.57,6025202.0,6908052726.0,2.08,1.07,概念板块
explicit_idx_type-000030,1,explicit_idx_type,行业板块,BK0429.DC,20250117,8726.93,8702.02,8754.81,8627.7,6.11,0.07,4583339.0,5496605764.0,1.46,0.82,行业板块
explicit_idx_type-000030,2,explicit_idx_type,概念板块,BK0429.DC,20250117,8726.93,8702.02,8754.81,8627.7,6.11,0.07,4583339.0,5496605764.0,1.46,0.82,概念板块
explicit_idx_type-000031,1,explicit_idx_type,行业板块,BK0429.DC,20250120,8817.39,8776.78,8854.01,8744.16,90.46,1.04,4881173.0,5962117004.0,1.26,0.88,行业板块
explicit_idx_type-000031,2,explicit_idx_type,概念板块,BK0429.DC,20250120,8817.39,8776.78,8854.01,8744.16,90.46,1.04,4881172.0,5962117004.0,1.26,0.87,概念板块
explicit_idx_type-000032,1,explicit_idx_type,行业板块,BK0429.DC,20250121,8819.28,8850.09,8863.29,8724.49,1.89,0.02,5065203.0,6072158341.0,1.57,0.91,行业板块
explicit_idx_type-000032,2,explicit_idx_type,概念板块,BK0429.DC,20250121,8819.28,8850.09,8863.29,8724.49,1.89,0.02,5065203.0,6072158341.0,1.57,0.9,概念板块
explicit_idx_type-000033,1,explicit_idx_type,行业板块,BK0429.DC,20250122,8764.45,8828.73,8828.73,8723.28,-54.83,-0.62,4700824.0,5988509724.0,1.2,0.84,行业板块
explicit_idx_type-000033,2,explicit_idx_type,概念板块,BK0429.DC,20250122,8764.45,8828.73,8828.73,8723.28,-54.83,-0.62,4700823.0,5988509724.0,1.2,0.84,概念板块
explicit_idx_type-000034,1,explicit_idx_type,行业板块,BK0429.DC,20250123,8775.66,8838.35,8949.95,8770.36,11.21,0.13,5958386.0,7467852941.0,2.05,1.07,行业板块
explicit_idx_type-000034,2,explicit_idx_type,概念板块,BK0429.DC,20250123,8775.66,8838.35,8949.95,8770.36,11.21,0.13,5958385.0,7467852941.0,2.05,1.06,概念板块
explicit_idx_type-000035,1,explicit_idx_type,行业板块,BK0429.DC,20250124,8877.97,8770.51,8877.97,8713.95,102.31,1.17,4766025.0,5760570644.0,1.87,0.86,行业板块
explicit_idx_type-000035,2,explicit_idx_type,概念板块,BK0429.DC,20250124,8877.97,8770.51,8877.97,8713.95,102.31,1.17,4766024.0,5760570644.0,1.87,0.85,概念板块
explicit_idx_type-000036,1,explicit_idx_type,行业板块,BK0429.DC,20250127,8786.12,8902.69,8945.29,8786.12,-91.85,-1.03,4308898.0,5435496087.0,1.79,0.77,行业板块
explicit_idx_type-000036,2,explicit_idx_type,概念板块,BK0429.DC,20250127,8786.12,8902.69,8945.29,8786.12,-91.85,-1.03,4308898.0,5435496087.0,1.79,0.77,概念板块
explicit_idx_type-000037,1,explicit_idx_type,行业板块,BK0447.DC,20250102,22192.58,22581.69,22936.98,21951.45,-450.02,-1.99,58029775.0,82529677259.0,4.35,5.62,行业板块
explicit_idx_type-000037,2,explicit_idx_type,概念板块,BK0447.DC,20250102,22192.58,22581.69,22936.98,21951.45,-450.02,-1.99,58029774.0,82529677259.0,4.35,5.59,概念板块
explicit_idx_type-000038,1,explicit_idx_type,行业板块,BK0447.DC,20250103,20843.52,22188.51,22264.27,20804.93,-1349.06,-6.08,54901928.0,68643080404.0,6.58,5.32,行业板块
explicit_idx_type-000038,2,explicit_idx_type,概念板块,BK0447.DC,20250103,20843.52,22188.51,22264.27,20804.93,-1349.06,-6.08,54901928.0,68643080404.0,6.58,5.29,概念板块
explicit_idx_type-000039,1,explicit_idx_type,行业板块,BK0447.DC,20250106,20417.68,20710.76,20866.11,20217.55,-425.84,-2.04,41018102.0,49840396218.0,3.11,3.97,行业板块
explicit_idx_type-000039,2,explicit_idx_type,概念板块,BK0447.DC,20250106,20417.68,20710.76,20866.11,20217.55,-425.84,-2.04,41018102.0,49840396218.0,3.11,3.95,概念板块
explicit_idx_type-000040,1,explicit_idx_type,行业板块,BK0447.DC,20250107,21156.94,20512.82,21157.91,20512.82,739.26,3.62,48474300.0,53720082213.0,3.16,4.69,行业板块
explicit_idx_type-000040,2,explicit_idx_type,概念板块,BK0447.DC,20250107,21156.94,20512.82,21157.91,20512.82,739.26,3.62,48474300.0,53720082213.0,3.16,4.67,概念板块
explicit_idx_type-000041,1,explicit_idx_type,行业板块,BK0447.DC,20250108,21254.23,21071.42,21427.09,20489.25,97.29,0.46,66645355.0,70087824446.0,4.43,6.45,行业板块
explicit_idx_type-000041,2,explicit_idx_type,概念板块,BK0447.DC,20250108,21254.23,21071.42,21427.09,20489.25,97.29,0.46,66645355.0,70087824446.0,4.43,6.42,概念板块
explicit_idx_type-000042,1,explicit_idx_type,行业板块,BK0447.DC,20250109,21509.01,21118.25,21691.97,21113.46,254.78,1.2,62866377.0,63430322602.0,2.72,6.09,行业板块
explicit_idx_type-000042,2,explicit_idx_type,概念板块,BK0447.DC,20250109,21509.01,21118.25,21691.97,21113.46,254.78,1.2,62866377.0,63430322602.0,2.72,6.05,概念板块
explicit_idx_type-000043,1,explicit_idx_type,行业板块,BK0447.DC,20250110,20671.09,21406.14,21645.96,20671.09,-837.92,-3.9,64812907.0,61650170431.0,4.53,6.28,行业板块
explicit_idx_type-000043,2,explicit_idx_type,概念板块,BK0447.DC,20250110,20671.09,21406.14,21645.96,20671.09,-837.92,-3.9,64812907.0,61650170431.0,4.53,6.24,概念板块
explicit_idx_type-000044,1,explicit_idx_type,行业板块,BK0447.DC,20250113,20704.9,20398.43,20856.06,20018.3,33.81,0.16,49680908.0,48032925261.0,4.05,4.81,行业板块
explicit_idx_type-000044,2,explicit_idx_type,概念板块,BK0447.DC,20250113,20704.9,20398.43,20856.06,20018.3,33.81,0.16,49680908.0,48032925261.0,4.05,4.78,概念板块
explicit_idx_type-000045,1,explicit_idx_type,行业板块,BK0447.DC,20250114,22066.44,20940.45,22066.44,20940.45,1361.54,6.58,63659280.0,78281435620.0,5.44,6.16,行业板块
explicit_idx_type-000045,2,explicit_idx_type,概念板块,BK0447.DC,20250114,22066.44,20940.45,22066.44,20940.45,1361.54,6.58,63659279.0,78281435620.0,5.44,6.13,概念板块
explicit_idx_type-000046,1,explicit_idx_type,行业板块,BK0447.DC,20250115,22130.43,22214.87,22398.1,22051.81,63.99,0.29,52596719.0,64625370475.0,1.57,5.09,行业板块
explicit_idx_type-000046,2,explicit_idx_type,概念板块,BK0447.DC,20250115,22130.43,22214.87,22398.1,22051.81,63.99,0.29,52596718.0,64625370475.0,1.57,5.06,概念板块
explicit_idx_type-000047,1,explicit_idx_type,行业板块,BK0447.DC,20250116,22374.15,22362.11,22811.55,22122.31,243.72,1.1,76574713.0,79101564397.0,3.11,7.41,行业板块
explicit_idx_type-000047,2,explicit_idx_type,概念板块,BK0447.DC,20250116,22374.15,22362.11,22811.55,22122.31,243.72,1.1,76574712.0,79101564397.0,3.11,7.37,概念板块
explicit_idx_type-000048,1,explicit_idx_type,行业板块,BK0447.DC,20250117,22187.88,22277.95,22429.93,22080.35,-186.27,-0.83,57682515.0,62136086478.0,1.56,5.58,行业板块
explicit_idx_type-000048,2,explicit_idx_type,概念板块,BK0447.DC,20250117,22187.88,22277.95,22429.93,22080.35,-186.27,-0.83,57682515.0,62136086478.0,1.56,5.55,概念板块
explicit_idx_type-000049,1,explicit_idx_type,行业板块,BK0447.DC,20250120,22255.56,22345.0,22457.29,22036.1,67.68,0.31,50106762.0,58158117980.0,1.9,4.85,行业板块
explicit_idx_type-000049,2,explicit_idx_type,概念板块,BK0447.DC,20250120,22255.56,22345.0,22457.29,22036.1,67.68,0.31,50106762.0,58158117980.0,1.9,4.82,概念板块
explicit_idx_type-000050,1,explicit_idx_type,行业板块,BK0447.DC,20250121,22273.77,22360.91,22420.55,21910.27,18.21,0.08,51222662.0,61517969997.0,2.29,4.96,行业板块
explicit_idx_type-000050,2,explicit_idx_type,概念板块,BK0447.DC,20250121,22273.77,22360.91,22420.55,21910.27,18.21,0.08,51222661.0,61517969997.0,2.29,4.93,概念板块
explicit_idx_type-000051,1,explicit_idx_type,行业板块,BK0447.DC,20250122,22041.8,22065.53,22138.43,21933.58,-231.97,-1.04,50812933.0,59187071889.0,0.92,4.92,行业板块
explicit_idx_type-000051,2,explicit_idx_type,概念板块,BK0447.DC,20250122,22041.8,22065.53,22138.43,21933.58,-231.97,-1.04,50812933.0,59187071889.0,0.92,4.89,概念板块
explicit_idx_type-000052,1,explicit_idx_type,行业板块,BK0447.DC,20250123,22115.64,22347.54,22843.4,22115.64,73.84,0.34,66894050.0,89092407771.0,3.3,6.48,行业板块
explicit_idx_type-000052,2,explicit_idx_type,概念板块,BK0447.DC,20250123,22115.64,22347.54,22843.4,22115.64,73.84,0.34,66894050.0,89092407771.0,3.3,6.44,概念板块
explicit_idx_type-000053,1,explicit_idx_type,行业板块,BK0447.DC,20250124,23027.69,22092.12,23029.55,22084.07,912.05,4.12,65238530.0,89720762726.0,4.28,6.32,行业板块
explicit_idx_type-000053,2,explicit_idx_type,概念板块,BK0447.DC,20250124,23027.69,22092.12,23029.55,22084.07,912.05,4.12,65238529.0,89720762726.0,4.28,6.28,概念板块
explicit_idx_type-000054,1,explicit_idx_type,行业板块,BK0447.DC,20250127,22864.97,23455.6,23542.8,22828.41,-162.72,-0.71,62468094.0,87655201232.0,3.1,6.05,行业板块
explicit_idx_type-000054,2,explicit_idx_type,概念板块,BK0447.DC,20250127,22864.97,23455.6,23542.8,22828.41,-162.72,-0.71,62468094.0,87655201232.0,3.1,6.01,概念板块
explicit_idx_type-000055,1,explicit_idx_type,行业板块,BK0470.DC,20250102,8666.16,8696.57,8894.82,8595.78,-59.39,-0.68,10476858.0,6802137724.0,3.43,3.33,行业板块
explicit_idx_type-000055,2,explicit_idx_type,概念板块,BK0470.DC,20250102,8666.16,8696.57,8894.82,8595.78,-59.39,-0.68,10476857.0,6802137724.0,3.43,3.32,概念板块
explicit_idx_type-000056,1,explicit_idx_type,行业板块,BK0470.DC,20250103,8303.33,8671.68,8694.49,8283.64,-362.83,-4.19,10431644.0,6831547541.0,4.74,3.32,行业板块
explicit_idx_type-000056,2,explicit_idx_type,概念板块,BK0470.DC,20250103,8303.33,8671.68,8694.49,8283.64,-362.83,-4.19,10431643.0,6831547541.0,4.74,3.31,概念板块
explicit_idx_type-000057,1,explicit_idx_type,行业板块,BK0470.DC,20250106,8178.49,8264.64,8325.75,8047.24,-124.84,-1.5,7992873.0,5326872416.0,3.35,2.54,行业板块
explicit_idx_type-000057,2,explicit_idx_type,概念板块,BK0470.DC,20250106,8178.49,8264.64,8325.75,8047.24,-124.84,-1.5,7992872.0,5326872416.0,3.35,2.53,概念板块
explicit_idx_type-000058,1,explicit_idx_type,行业板块,BK0470.DC,20250107,8365.43,8210.64,8365.43,8144.54,186.94,2.29,8267543.0,5280451258.0,2.7,2.63,行业板块
explicit_idx_type-000058,2,explicit_idx_type,概念板块,BK0470.DC,20250107,8365.43,8210.64,8365.43,8144.54,186.94,2.29,8267543.0,5280451258.0,2.7,2.62,概念板块
explicit_idx_type-000059,1,explicit_idx_type,行业板块,BK0470.DC,20250108,8342.96,8323.9,8386.47,8104.39,-22.47,-0.27,8439053.0,5712825547.0,3.37,2.68,行业板块
explicit_idx_type-000059,2,explicit_idx_type,概念板块,BK0470.DC,20250108,8342.96,8323.9,8386.47,8104.39,-22.47,-0.27,8439052.0,5712825547.0,3.37,2.68,概念板块
explicit_idx_type-000060,1,explicit_idx_type,行业板块,BK0470.DC,20250109,8397.67,8303.2,8443.74,8286.93,54.71,0.66,7594115.0,4964744684.0,1.88,2.41,行业板块
explicit_idx_type-000060,2,explicit_idx_type,概念板块,BK0470.DC,20250109,8397.67,8303.2,8443.74,8286.93,54.71,0.66,7594114.0,4964744684.0,1.88,2.41,概念板块
explicit_idx_type-000061,1,explicit_idx_type,行业板块,BK0470.DC,20250110,8173.97,8397.63,8465.52,8173.97,-223.7,-2.66,8262891.0,5367814410.0,3.47,2.63,行业板块
explicit_idx_type-000061,2,explicit_idx_type,概念板块,BK0470.DC,20250110,8173.97,8397.63,8465.52,8173.97,-223.7,-2.66,8262890.0,5367814410.0,3.47,2.62,概念板块
explicit_idx_type-000062,1,explicit_idx_type,行业板块,BK0470.DC,20250113,8229.2,8061.15,8241.31,8022.99,55.23,0.68,6189357.0,4116307378.0,2.67,1.97,行业板块
explicit_idx_type-000062,2,explicit_idx_type,概念板块,BK0470.DC,20250113,8229.2,8061.15,8241.31,8022.99,55.23,0.68,6189356.0,4116307378.0,2.67,1.96,概念板块
explicit_idx_type-000063,1,explicit_idx_type,行业板块,BK0470.DC,20250114,8602.71,8275.13,8602.71,8275.13,373.51,4.54,7942947.0,5809293803.0,3.98,2.52,行业板块
explicit_idx_type-000063,2,explicit_idx_type,概念板块,BK0470.DC,20250114,8602.71,8275.13,8602.71,8275.13,373.51,4.54,7942947.0,5809293803.0,3.98,2.52,概念板块
explicit_idx_type-000064,1,explicit_idx_type,行业板块,BK0470.DC,20250115,8561.17,8606.58,8690.26,8537.86,-41.54,-0.48,6329218.0,5164601143.0,1.77,2.01,行业板块
explicit_idx_type-000064,2,explicit_idx_type,概念板块,BK0470.DC,20250115,8561.17,8606.58,8690.26,8537.86,-41.54,-0.48,6329218.0,5164601143.0,1.77,2.01,概念板块
explicit_idx_type-000065,1,explicit_idx_type,行业板块,BK0470.DC,20250116,8586.5,8586.16,8688.93,8488.4,25.33,0.3,7223280.0,4710109459.0,2.34,2.3,行业板块
explicit_idx_type-000065,2,explicit_idx_type,概念板块,BK0470.DC,20250116,8586.5,8586.16,8688.93,8488.4,25.33,0.3,7223280.0,4710109459.0,2.34,2.29,概念板块
explicit_idx_type-000066,1,explicit_idx_type,行业板块,BK0470.DC,20250117,8549.59,8554.97,8593.42,8486.19,-36.91,-0.43,5946856.0,3939181232.0,1.25,1.89,行业板块
explicit_idx_type-000066,2,explicit_idx_type,概念板块,BK0470.DC,20250117,8549.59,8554.97,8593.42,8486.19,-36.91,-0.43,5946855.0,3939181232.0,1.25,1.89,概念板块
explicit_idx_type-000067,1,explicit_idx_type,行业板块,BK0470.DC,20250120,8629.93,8587.15,8661.82,8485.74,80.34,0.94,7837734.0,4605421673.0,2.06,2.49,行业板块
explicit_idx_type-000067,2,explicit_idx_type,概念板块,BK0470.DC,20250120,8629.93,8587.15,8661.82,8485.74,80.34,0.94,7837733.0,4605421673.0,2.06,2.49,概念板块
explicit_idx_type-000068,1,explicit_idx_type,行业板块,BK0470.DC,20250121,8587.14,8673.73,8683.48,8498.18,-42.79,-0.5,6713964.0,5007683011.0,2.15,2.13,行业板块
explicit_idx_type-000068,2,explicit_idx_type,概念板块,BK0470.DC,20250121,8587.14,8673.73,8683.48,8498.18,-42.79,-0.5,6713964.0,5007683011.0,2.15,2.13,概念板块
explicit_idx_type-000069,1,explicit_idx_type,行业板块,BK0470.DC,20250122,8460.96,8568.76,8568.76,8436.9,-126.18,-1.47,5105117.0,4138885303.0,1.54,1.62,行业板块
explicit_idx_type-000069,2,explicit_idx_type,概念板块,BK0470.DC,20250122,8460.96,8568.76,8568.76,8436.9,-126.18,-1.47,5105117.0,4138885303.0,1.54,1.62,概念板块
explicit_idx_type-000070,1,explicit_idx_type,行业板块,BK0470.DC,20250123,8429.42,8540.56,8626.95,8429.42,-31.54,-0.37,5617809.0,4081663052.0,2.33,1.79,行业板块
explicit_idx_type-000070,2,explicit_idx_type,概念板块,BK0470.DC,20250123,8429.42,8540.56,8626.95,8429.42,-31.54,-0.37,5617808.0,4081663052.0,2.33,1.78,概念板块
explicit_idx_type-000071,1,explicit_idx_type,行业板块,BK0470.DC,20250124,8455.43,8362.69,8460.06,8326.61,26.01,0.31,5666391.0,3762527709.0,1.58,1.8,行业板块
explicit_idx_type-000071,2,explicit_idx_type,概念板块,BK0470.DC,20250124,8455.43,8362.69,8460.06,8326.61,26.01,0.31,5666390.0,3762527709.0,1.58,1.8,概念板块
explicit_idx_type-000072,1,explicit_idx_type,行业板块,BK0470.DC,20250127,8482.06,8483.84,8608.15,8481.5,26.63,0.31,5989942.0,4226260547.0,1.5,1.9,行业板块
explicit_idx_type-000072,2,explicit_idx_type,概念板块,BK0470.DC,20250127,8482.06,8483.84,8608.15,8481.5,26.63,0.31,5989942.0,4226260547.0,1.5,1.9,概念板块
explicit_idx_type-000073,1,explicit_idx_type,行业板块,BK0477.DC,20250102,50984.55,51546.85,52059.52,50646.57,-856.85,-1.65,4658428.0,23366355512.0,2.73,1.52,行业板块
explicit_idx_type-000073,2,explicit_idx_type,概念板块,BK0477.DC,20250102,50984.55,51546.85,52059.52,50646.57,-856.85,-1.65,4658427.0,23366355512.0,2.73,1.52,概念板块
explicit_idx_type-000074,1,explicit_idx_type,行业板块,BK0477.DC,20250103,49403.57,50987.22,51079.82,49257.88,-1580.98,-3.1,3996002.0,17242615756.0,3.57,1.3,行业板块
explicit_idx_type-000074,2,explicit_idx_type,概念板块,BK0477.DC,20250103,49403.57,50987.22,51079.82,49257.88,-1580.98,-3.1,3996002.0,17242615756.0,3.57,1.3,概念板块
explicit_idx_type-000075,1,explicit_idx_type,行业板块,BK0477.DC,20250106,47904.55,48212.29,48936.17,47605.89,-1499.02,-3.03,3818763.0,20231140991.0,2.69,1.25,行业板块
explicit_idx_type-000075,2,explicit_idx_type,概念板块,BK0477.DC,20250106,47904.55,48212.29,48936.17,47605.89,-1499.02,-3.03,3818763.0,20231140991.0,2.69,1.25,概念板块
explicit_idx_type-000076,1,explicit_idx_type,行业板块,BK0477.DC,20250107,48612.44,48011.27,48612.44,47655.29,707.89,1.48,2667359.0,12330798394.0,2.0,0.87,行业板块
explicit_idx_type-000076,2,explicit_idx_type,概念板块,BK0477.DC,20250107,48612.44,48011.27,48612.44,47655.29,707.89,1.48,2667358.0,12330798394.0,2.0,0.87,概念板块
explicit_idx_type-000077,1,explicit_idx_type,行业板块,BK0477.DC,20250108,48397.07,48498.15,48862.88,47458.3,-215.37,-0.44,3088422.0,15593890279.0,2.89,1.01,行业板块
explicit_idx_type-000077,2,explicit_idx_type,概念板块,BK0477.DC,20250108,48397.07,48498.15,48862.88,47458.3,-215.37,-0.44,3088422.0,15593890279.0,2.89,1.01,概念板块
explicit_idx_type-000078,1,explicit_idx_type,行业板块,BK0477.DC,20250109,48410.73,48200.01,48963.18,47991.4,13.66,0.03,2447131.0,13041778823.0,2.01,0.8,行业板块
explicit_idx_type-000078,2,explicit_idx_type,概念板块,BK0477.DC,20250109,48410.73,48200.01,48963.18,47991.4,13.66,0.03,2447131.0,13041778823.0,2.01,0.8,概念板块
explicit_idx_type-000079,1,explicit_idx_type,行业板块,BK0477.DC,20250110,47086.36,48378.05,48451.31,47086.36,-1324.37,-2.74,2389139.0,10839311114.0,2.82,0.78,行业板块
explicit_idx_type-000079,2,explicit_idx_type,概念板块,BK0477.DC,20250110,47086.36,48378.05,48451.31,47086.36,-1324.37,-2.74,2389138.0,10839311114.0,2.82,0.78,概念板块
explicit_idx_type-000080,1,explicit_idx_type,行业板块,BK0477.DC,20250113,47319.75,46687.59,47319.75,46536.62,233.39,0.5,2390143.0,11197789442.0,1.66,0.78,行业板块
explicit_idx_type-000080,2,explicit_idx_type,概念板块,BK0477.DC,20250113,47319.75,46687.59,47319.75,46536.62,233.39,0.5,2390142.0,11197789442.0,1.66,0.78,概念板块
explicit_idx_type-000081,1,explicit_idx_type,行业板块,BK0477.DC,20250114,48752.32,47345.87,48752.32,47345.87,1432.57,3.03,3432784.0,16826033790.0,2.97,1.12,行业板块
explicit_idx_type-000081,2,explicit_idx_type,概念板块,BK0477.DC,20250114,48752.32,47345.87,48752.32,47345.87,1432.57,3.03,3432783.0,16826033790.0,2.97,1.12,概念板块
explicit_idx_type-000082,1,explicit_idx_type,行业板块,BK0477.DC,20250115,48682.77,48660.47,48883.82,48376.41,-69.55,-0.14,2631700.0,10301984826.0,1.04,0.86,行业板块
explicit_idx_type-000082,2,explicit_idx_type,概念板块,BK0477.DC,20250115,48682.77,48660.47,48883.82,48376.41,-69.55,-0.14,2631699.0,10301984826.0,1.04,0.86,概念板块
explicit_idx_type-000083,1,explicit_idx_type,行业板块,BK0477.DC,20250116,48729.98,48872.95,49553.18,48334.05,47.21,0.1,2824391.0,12869264318.0,2.5,0.92,行业板块
explicit_idx_type-000083,2,explicit_idx_type,概念板块,BK0477.DC,20250116,48729.98,48872.95,49553.18,48334.05,47.21,0.1,2824391.0,12869264318.0,2.5,0.92,概念板块
explicit_idx_type-000084,1,explicit_idx_type,行业板块,BK0477.DC,20250117,49039.4,48633.39,49365.34,48529.89,309.42,0.63,2784321.0,11662656650.0,1.71,0.91,行业板块
explicit_idx_type-000084,2,explicit_idx_type,概念板块,BK0477.DC,20250117,49039.4,48633.39,49365.34,48529.89,309.42,0.63,2784320.0,11662656650.0,1.71,0.91,概念板块
explicit_idx_type-000085,1,explicit_idx_type,行业板块,BK0477.DC,20250120,49250.68,49045.89,49651.84,48902.2,211.28,0.43,2792214.0,14945900560.0,1.53,0.91,行业板块
explicit_idx_type-000085,2,explicit_idx_type,概念板块,BK0477.DC,20250120,49250.68,49045.89,49651.84,48902.2,211.28,0.43,2792214.0,14945900560.0,1.53,0.91,概念板块
explicit_idx_type-000086,1,explicit_idx_type,行业板块,BK0477.DC,20250121,48565.99,49341.36,49393.91,48348.77,-684.69,-1.39,2767081.0,11062938680.0,2.12,0.9,行业板块
explicit_idx_type-000086,2,explicit_idx_type,概念板块,BK0477.DC,20250121,48565.99,49341.36,49393.91,48348.77,-684.69,-1.39,2767080.0,11062938680.0,2.12,0.9,概念板块
explicit_idx_type-000087,1,explicit_idx_type,行业板块,BK0477.DC,20250122,47705.81,48390.57,48390.57,47570.49,-860.18,-1.77,2384299.0,12204542755.0,1.69,0.78,行业板块
explicit_idx_type-000087,2,explicit_idx_type,概念板块,BK0477.DC,20250122,47705.81,48390.57,48390.57,47570.49,-860.18,-1.77,2384298.0,12204542755.0,1.69,0.78,概念板块
explicit_idx_type-000088,1,explicit_idx_type,行业板块,BK0477.DC,20250123,47628.94,48071.5,48513.35,47628.94,-76.87,-0.16,2583133.0,12434590895.0,1.85,0.84,行业板块
explicit_idx_type-000088,2,explicit_idx_type,概念板块,BK0477.DC,20250123,47628.94,48071.5,48513.35,47628.94,-76.87,-0.16,2583132.0,12434590895.0,1.85,0.84,概念板块
explicit_idx_type-000089,1,explicit_idx_type,行业板块,BK0477.DC,20250124,47695.02,47398.14,47769.63,47246.53,66.08,0.14,2919027.0,13854114681.0,1.1,0.95,行业板块
explicit_idx_type-000089,2,explicit_idx_type,概念板块,BK0477.DC,20250124,47695.02,47398.14,47769.63,47246.53,66.08,0.14,2919026.0,13854114681.0,1.1,0.95,概念板块
explicit_idx_type-000090,1,explicit_idx_type,行业板块,BK0477.DC,20250127,47303.19,47692.88,47992.53,47303.19,-391.83,-0.82,2439880.0,11596336010.0,1.45,0.8,行业板块
explicit_idx_type-000090,2,explicit_idx_type,概念板块,BK0477.DC,20250127,47303.19,47692.88,47992.53,47303.19,-391.83,-0.82,2439880.0,11596336010.0,1.45,0.8,概念板块
explicit_idx_type-000091,1,explicit_idx_type,行业板块,BK0480.DC,20250102,40766.81,42505.14,42530.47,40431.49,-1931.13,-4.52,6812145.0,16055475116.0,4.92,1.82,行业板块
explicit_idx_type-000091,2,explicit_idx_type,概念板块,BK0480.DC,20250102,40766.81,42505.14,42530.47,40431.49,-1931.13,-4.52,6812145.0,16055475116.0,4.92,1.77,概念板块
explicit_idx_type-000092,1,explicit_idx_type,行业板块,BK0480.DC,20250103,39283.07,40715.25,40819.31,39279.27,-1483.74,-3.64,6522654.0,13181159315.0,3.78,1.74,行业板块
explicit_idx_type-000092,2,explicit_idx_type,概念板块,BK0480.DC,20250103,39283.07,40715.25,40819.31,39279.27,-1483.74,-3.64,6522654.0,13181159315.0,3.78,1.69,概念板块
explicit_idx_type-000093,1,explicit_idx_type,行业板块,BK0480.DC,20250106,38818.09,39127.84,39420.6,38523.59,-464.98,-1.18,4382826.0,8990247591.0,2.28,1.17,行业板块
explicit_idx_type-000093,2,explicit_idx_type,概念板块,BK0480.DC,20250106,38818.09,39127.84,39420.6,38523.59,-464.98,-1.18,4382826.0,8990247591.0,2.28,1.14,概念板块
explicit_idx_type-000094,1,explicit_idx_type,行业板块,BK0480.DC,20250107,39719.23,38984.59,39720.16,38899.33,901.14,2.32,4088643.0,7939953016.0,2.11,1.09,行业板块
explicit_idx_type-000094,2,explicit_idx_type,概念板块,BK0480.DC,20250107,39719.23,38984.59,39720.16,38899.33,901.14,2.32,4088643.0,7939953016.0,2.11,1.06,概念板块
explicit_idx_type-000095,1,explicit_idx_type,行业板块,BK0480.DC,20250108,39578.57,39562.5,39958.95,38491.5,-140.66,-0.35,5121176.0,10760825656.0,3.69,1.36,行业板块
explicit_idx_type-000095,2,explicit_idx_type,概念板块,BK0480.DC,20250108,39578.57,39562.5,39958.95,38491.5,-140.66,-0.35,5121176.0,10760825656.0,3.69,1.33,概念板块
explicit_idx_type-000096,1,explicit_idx_type,行业板块,BK0480.DC,20250109,40627.35,39452.8,41009.79,39371.53,1048.78,2.65,5496017.0,12700291111.0,4.14,1.46,行业板块
explicit_idx_type-000096,2,explicit_idx_type,概念板块,BK0480.DC,20250109,40627.35,39452.8,41009.79,39371.53,1048.78,2.65,5496017.0,12700291111.0,4.14,1.43,概念板块
explicit_idx_type-000097,1,explicit_idx_type,行业板块,BK0480.DC,20250110,39677.7,40385.26,41088.83,39677.7,-949.65,-2.34,4635143.0,10326992990.0,3.47,1.24,行业板块
explicit_idx_type-000097,2,explicit_idx_type,概念板块,BK0480.DC,20250110,39677.7,40385.26,41088.83,39677.7,-949.65,-2.34,4635143.0,10326992990.0,3.47,1.2,概念板块
explicit_idx_type-000098,1,explicit_idx_type,行业板块,BK0480.DC,20250113,39867.66,39192.05,40414.65,38777.31,189.96,0.48,3680383.0,8173199230.0,4.13,0.98,行业板块
explicit_idx_type-000098,2,explicit_idx_type,概念板块,BK0480.DC,20250113,39867.66,39192.05,40414.65,38777.31,189.96,0.48,3680382.0,8173199230.0,4.13,0.96,概念板块
explicit_idx_type-000099,1,explicit_idx_type,行业板块,BK0480.DC,20250114,41458.81,39992.5,41462.59,39943.61,1591.15,3.99,5107883.0,11413825062.0,3.81,1.36,行业板块
explicit_idx_type-000099,2,explicit_idx_type,概念板块,BK0480.DC,20250114,41458.81,39992.5,41462.59,39943.61,1591.15,3.99,5107882.0,11413825062.0,3.81,1.33,概念板块
explicit_idx_type-000100,1,explicit_idx_type,行业板块,BK0480.DC,20250115,40767.87,41336.49,41513.69,40684.22,-690.94,-1.67,4132046.0,9120282398.0,2.0,1.1,行业板块
explicit_idx_type-000100,2,explicit_idx_type,概念板块,BK0480.DC,20250115,40767.87,41336.49,41513.69,40684.22,-690.94,-1.67,4132046.0,9120282398.0,2.0,1.07,概念板块
explicit_idx_type-000101,1,explicit_idx_type,行业板块,BK0480.DC,20250116,40641.12,40944.22,41442.67,40391.75,-126.75,-0.31,4081753.0,8308613364.0,2.58,1.09,行业板块
explicit_idx_type-000101,2,explicit_idx_type,概念板块,BK0480.DC,20250116,40641.12,40944.22,41442.67,40391.75,-126.75,-0.31,4081752.0,8308613364.0,2.58,1.06,概念板块
explicit_idx_type-000102,1,explicit_idx_type,行业板块,BK0480.DC,20250117,40995.61,40523.16,41352.38,40382.23,354.49,0.87,4045133.0,9378713343.0,2.39,1.08,行业板块
explicit_idx_type-000102,2,explicit_idx_type,概念板块,BK0480.DC,20250117,40995.61,40523.16,41352.38,40382.23,354.49,0.87,4045133.0,9378713343.0,2.39,1.05,概念板块
explicit_idx_type-000103,1,explicit_idx_type,行业板块,BK0480.DC,20250120,41237.84,41228.99,41490.53,40965.93,242.23,0.59,3808068.0,9583222951.0,1.28,1.01,行业板块
explicit_idx_type-000103,2,explicit_idx_type,概念板块,BK0480.DC,20250120,41237.84,41228.99,41490.53,40965.93,242.23,0.59,3808067.0,9583222951.0,1.28,0.99,概念板块
explicit_idx_type-000104,1,explicit_idx_type,行业板块,BK0480.DC,20250121,40957.78,41177.51,41263.81,40489.92,-280.06,-0.68,5626289.0,8453658595.0,1.88,1.5,行业板块
explicit_idx_type-000104,2,explicit_idx_type,概念板块,BK0480.DC,20250121,40957.78,41177.51,41263.81,40489.92,-280.06,-0.68,5626289.0,8453658595.0,1.88,1.46,概念板块
explicit_idx_type-000105,1,explicit_idx_type,行业板块,BK0480.DC,20250122,40410.14,40769.56,40772.15,40217.23,-547.64,-1.34,4279361.0,7631970268.0,1.35,1.14,行业板块
explicit_idx_type-000105,2,explicit_idx_type,概念板块,BK0480.DC,20250122,40410.14,40769.56,40772.15,40217.23,-547.64,-1.34,4279361.0,7631970268.0,1.35,1.11,概念板块
explicit_idx_type-000106,1,explicit_idx_type,行业板块,BK0480.DC,20250123,40027.75,40593.71,41161.61,40027.75,-382.39,-0.95,5483105.0,11670024079.0,2.81,1.46,行业板块
explicit_idx_type-000106,2,explicit_idx_type,概念板块,BK0480.DC,20250123,40027.75,40593.71,41161.61,40027.75,-382.39,-0.95,5483105.0,11670024079.0,2.81,1.42,概念板块
explicit_idx_type-000107,1,explicit_idx_type,行业板块,BK0480.DC,20250124,40184.58,39965.36,40219.48,39703.4,156.83,0.39,4138150.0,8003277329.0,1.29,1.1,行业板块
explicit_idx_type-000107,2,explicit_idx_type,概念板块,BK0480.DC,20250124,40184.58,39965.36,40219.48,39703.4,156.83,0.39,4138149.0,8003277329.0,1.29,1.07,概念板块
explicit_idx_type-000108,1,explicit_idx_type,行业板块,BK0480.DC,20250127,39608.12,40159.5,40434.4,39604.11,-576.46,-1.43,3641231.0,7405668554.0,2.07,0.97,行业板块
explicit_idx_type-000108,2,explicit_idx_type,概念板块,BK0480.DC,20250127,39608.12,40159.5,40434.4,39604.11,-576.46,-1.43,3641230.0,7405668554.0,2.07,0.94,概念板块
explicit_idx_type-000109,1,explicit_idx_type,行业板块,BK0485.DC,20250102,14801.11,14651.53,15132.7,14651.53,172.72,1.18,9295317.0,9766120170.0,3.29,4.26,行业板块
explicit_idx_type-000109,2,explicit_idx_type,概念板块,BK0485.DC,20250102,14801.11,14651.53,15132.7,14651.53,172.72,1.18,9295316.0,9766120170.0,3.29,4.21,概念板块
explicit_idx_type-000110,1,explicit_idx_type,行业板块,BK0485.DC,20250103,13975.94,14830.35,14830.35,13957.8,-825.17,-5.58,8326152.0,7753666911.0,5.9,3.82,行业板块
explicit_idx_type-000110,2,explicit_idx_type,概念板块,BK0485.DC,20250103,13975.94,14830.35,14830.35,13957.8,-825.17,-5.58,8326152.0,7753666911.0,5.9,3.77,概念板块
explicit_idx_type-000111,1,explicit_idx_type,行业板块,BK0485.DC,20250106,13696.9,13802.08,13920.39,13554.32,-279.04,-2.0,5860744.0,5604779961.0,2.62,2.69,行业板块
explicit_idx_type-000111,2,explicit_idx_type,概念板块,BK0485.DC,20250106,13696.9,13802.08,13920.39,13554.32,-279.04,-2.0,5860743.0,5604779961.0,2.62,2.65,概念板块
explicit_idx_type-000112,1,explicit_idx_type,行业板块,BK0485.DC,20250107,13925.72,13740.78,13928.02,13697.03,228.82,1.67,4725780.0,4515897938.0,1.69,2.17,行业板块
explicit_idx_type-000112,2,explicit_idx_type,概念板块,BK0485.DC,20250107,13925.72,13740.78,13928.02,13697.03,228.82,1.67,4725780.0,4515897938.0,1.69,2.14,概念板块
explicit_idx_type-000113,1,explicit_idx_type,行业板块,BK0485.DC,20250108,13999.25,13867.05,14041.48,13663.8,73.53,0.53,5274575.0,5256663174.0,2.71,2.42,行业板块
explicit_idx_type-000113,2,explicit_idx_type,概念板块,BK0485.DC,20250108,13999.25,13867.05,14041.48,13663.8,73.53,0.53,5274574.0,5256663174.0,2.71,2.39,概念板块
explicit_idx_type-000114,1,explicit_idx_type,行业板块,BK0485.DC,20250109,13912.62,13884.92,14029.11,13849.79,-86.63,-0.62,4529304.0,4319390678.0,1.28,2.08,行业板块
explicit_idx_type-000114,2,explicit_idx_type,概念板块,BK0485.DC,20250109,13912.62,13884.92,14029.11,13849.79,-86.63,-0.62,4529303.0,4319390678.0,1.28,2.05,概念板块
explicit_idx_type-000115,1,explicit_idx_type,行业板块,BK0485.DC,20250110,13494.4,13900.7,13916.43,13494.2,-418.22,-3.01,4618688.0,4387690593.0,3.03,2.12,行业板块
explicit_idx_type-000115,2,explicit_idx_type,概念板块,BK0485.DC,20250110,13494.4,13900.7,13916.43,13494.2,-418.22,-3.01,4618688.0,4387690593.0,3.03,2.09,概念板块
explicit_idx_type-000116,1,explicit_idx_type,行业板块,BK0485.DC,20250113,13610.04,13384.4,13658.8,13237.3,115.64,0.86,4243802.0,4101715710.0,3.12,1.95,行业板块
explicit_idx_type-000116,2,explicit_idx_type,概念板块,BK0485.DC,20250113,13610.04,13384.4,13658.8,13237.3,115.64,0.86,4243801.0,4101715710.0,3.12,1.92,概念板块
explicit_idx_type-000117,1,explicit_idx_type,行业板块,BK0485.DC,20250114,14154.46,13884.79,14154.46,13776.31,544.42,4.0,6242774.0,6362869629.0,2.78,2.86,行业板块
explicit_idx_type-000117,2,explicit_idx_type,概念板块,BK0485.DC,20250114,14154.46,13884.79,14154.46,13776.31,544.42,4.0,6242773.0,6362869629.0,2.78,2.82,概念板块
explicit_idx_type-000118,1,explicit_idx_type,行业板块,BK0485.DC,20250115,14302.96,14096.3,14473.73,14095.55,148.5,1.05,6029049.0,6110783610.0,2.67,2.76,行业板块
explicit_idx_type-000118,2,explicit_idx_type,概念板块,BK0485.DC,20250115,14302.96,14096.3,14473.73,14095.55,148.5,1.05,6029048.0,6110783610.0,2.67,2.73,概念板块
explicit_idx_type-000119,1,explicit_idx_type,行业板块,BK0485.DC,20250116,14413.25,14330.66,14625.99,14316.81,110.29,0.77,6979051.0,6344844657.0,2.16,3.2,行业板块
explicit_idx_type-000119,2,explicit_idx_type,概念板块,BK0485.DC,20250116,14413.25,14330.66,14625.99,14316.81,110.29,0.77,6979051.0,6344844657.0,2.16,3.16,概念板块
explicit_idx_type-000120,1,explicit_idx_type,行业板块,BK0485.DC,20250117,14388.26,14337.33,14466.35,14227.97,-24.99,-0.17,4991421.0,4824289481.0,1.65,2.29,行业板块
explicit_idx_type-000120,2,explicit_idx_type,概念板块,BK0485.DC,20250117,14388.26,14337.33,14466.35,14227.97,-24.99,-0.17,4991420.0,4824289481.0,1.65,2.26,概念板块
explicit_idx_type-000121,1,explicit_idx_type,行业板块,BK0485.DC,20250120,14450.96,14422.83,14670.17,14336.24,62.7,0.44,6709279.0,6579717082.0,2.32,3.08,行业板块
explicit_idx_type-000121,2,explicit_idx_type,概念板块,BK0485.DC,20250120,14450.96,14422.83,14670.17,14336.24,62.7,0.44,6709278.0,6579717082.0,2.32,3.04,概念板块
explicit_idx_type-000122,1,explicit_idx_type,行业板块,BK0485.DC,20250121,14290.51,14463.85,14588.58,14208.72,-160.45,-1.11,6106155.0,5122282396.0,2.63,2.8,行业板块
explicit_idx_type-000122,2,explicit_idx_type,概念板块,BK0485.DC,20250121,14290.51,14463.85,14588.58,14208.72,-160.45,-1.11,6106155.0,5122282396.0,2.63,2.76,概念板块
explicit_idx_type-000123,1,explicit_idx_type,行业板块,BK0485.DC,20250122,13928.43,14245.79,14245.79,13890.13,-362.08,-2.53,4568322.0,4362015350.0,2.49,2.09,行业板块
explicit_idx_type-000123,2,explicit_idx_type,概念板块,BK0485.DC,20250122,13928.43,14245.79,14245.79,13890.13,-362.08,-2.53,4568321.0,4362015350.0,2.49,2.07,概念板块
explicit_idx_type-000124,1,explicit_idx_type,行业板块,BK0485.DC,20250123,13920.21,14034.99,14117.61,13920.21,-8.22,-0.06,4544809.0,4344750022.0,1.42,2.08,行业板块
explicit_idx_type-000124,2,explicit_idx_type,概念板块,BK0485.DC,20250123,13920.21,14034.99,14117.61,13920.21,-8.22,-0.06,4544809.0,4344750022.0,1.42,2.06,概念板块
explicit_idx_type-000125,1,explicit_idx_type,行业板块,BK0485.DC,20250124,14057.14,13863.56,14059.76,13829.94,136.93,0.98,4516030.0,4085883615.0,1.65,2.07,行业板块
explicit_idx_type-000125,2,explicit_idx_type,概念板块,BK0485.DC,20250124,14057.14,13863.56,14059.76,13829.94,136.93,0.98,4516030.0,4085883615.0,1.65,2.04,概念板块
explicit_idx_type-000126,1,explicit_idx_type,行业板块,BK0485.DC,20250127,13951.43,14094.7,14222.74,13951.43,-105.71,-0.75,4212307.0,4042725459.0,1.93,1.93,行业板块
explicit_idx_type-000126,2,explicit_idx_type,概念板块,BK0485.DC,20250127,13951.43,14094.7,14222.74,13951.43,-105.71,-0.75,4212307.0,4042725459.0,1.93,1.91,概念板块
explicit_idx_type-000127,1,explicit_idx_type,行业板块,BK0729.DC,20250102,771.32,797.42,798.71,764.51,-28.79,-3.6,4047474.0,4583234622.0,4.27,2.61,行业板块
explicit_idx_type-000127,2,explicit_idx_type,概念板块,BK0729.DC,20250102,771.32,797.42,798.71,764.51,-28.79,-3.6,4047474.0,4583234622.0,4.27,0.82,概念板块
explicit_idx_type-000128,1,explicit_idx_type,行业板块,BK0729.DC,20250103,750.95,772.33,776.43,750.05,-20.37,-2.64,3056453.0,3417735694.0,3.42,1.97,行业板块
explicit_idx_type-000128,2,explicit_idx_type,概念板块,BK0729.DC,20250103,750.95,772.33,776.43,750.05,-20.37,-2.64,3056452.0,3417735694.0,3.42,0.62,概念板块
explicit_idx_type-000129,1,explicit_idx_type,行业板块,BK0729.DC,20250106,746.93,745.9,757.65,739.69,-4.02,-0.54,3049103.0,3276094928.0,2.39,1.97,行业板块
explicit_idx_type-000129,2,explicit_idx_type,概念板块,BK0729.DC,20250106,746.93,745.9,757.65,739.69,-4.02,-0.54,3049102.0,3276094928.0,2.39,0.62,概念板块
explicit_idx_type-000130,1,explicit_idx_type,行业板块,BK0729.DC,20250107,760.77,748.17,760.84,746.32,13.84,1.85,2166112.0,2333582093.0,1.94,1.4,行业板块
explicit_idx_type-000130,2,explicit_idx_type,概念板块,BK0729.DC,20250107,760.77,748.17,760.84,746.32,13.84,1.85,2166111.0,2333582093.0,1.94,0.44,概念板块
explicit_idx_type-000131,1,explicit_idx_type,行业板块,BK0729.DC,20250108,772.9,763.94,778.12,752.78,12.13,1.59,3979438.0,3920255821.0,3.33,2.56,行业板块
explicit_idx_type-000131,2,explicit_idx_type,概念板块,BK0729.DC,20250108,772.9,763.94,778.12,752.78,12.13,1.59,3979437.0,3920255821.0,3.33,0.81,概念板块
explicit_idx_type-000132,1,explicit_idx_type,行业板块,BK0729.DC,20250109,767.59,766.54,775.15,765.23,-5.31,-0.69,2659038.0,2774936951.0,1.28,1.71,行业板块
explicit_idx_type-000132,2,explicit_idx_type,概念板块,BK0729.DC,20250109,767.59,766.54,775.15,765.23,-5.31,-0.69,2659037.0,2774936951.0,1.28,0.54,概念板块
explicit_idx_type-000133,1,explicit_idx_type,行业板块,BK0729.DC,20250110,745.65,763.97,769.63,745.65,-21.94,-2.86,2449577.0,2729927575.0,3.12,1.58,行业板块
explicit_idx_type-000133,2,explicit_idx_type,概念板块,BK0729.DC,20250110,745.65,763.97,769.63,745.65,-21.94,-2.86,2449576.0,2729927575.0,3.12,0.5,概念板块
explicit_idx_type-000134,1,explicit_idx_type,行业板块,BK0729.DC,20250113,745.02,737.47,751.21,729.37,-0.63,-0.08,1966144.0,2157065140.0,2.93,1.27,行业板块
explicit_idx_type-000134,2,explicit_idx_type,概念板块,BK0729.DC,20250113,745.02,737.47,751.21,729.37,-0.63,-0.08,1966143.0,2157065140.0,2.93,0.4,概念板块
explicit_idx_type-000135,1,explicit_idx_type,行业板块,BK0729.DC,20250114,778.7,749.93,779.69,748.45,33.68,4.52,3042900.0,3323164518.0,4.19,1.96,行业板块
explicit_idx_type-000135,2,explicit_idx_type,概念板块,BK0729.DC,20250114,778.7,749.93,779.69,748.45,33.68,4.52,3042900.0,3323164518.0,4.19,0.62,概念板块
explicit_idx_type-000136,1,explicit_idx_type,行业板块,BK0729.DC,20250115,768.84,776.34,777.41,766.31,-9.86,-1.27,2232072.0,2682372768.0,1.43,1.44,行业板块
explicit_idx_type-000136,2,explicit_idx_type,概念板块,BK0729.DC,20250115,768.84,776.34,777.41,766.31,-9.86,-1.27,2232071.0,2682372768.0,1.43,0.45,概念板块
explicit_idx_type-000137,1,explicit_idx_type,行业板块,BK0729.DC,20250116,775.29,771.38,780.49,766.25,6.45,0.84,2829197.0,3399213724.0,1.85,1.82,行业板块
explicit_idx_type-000137,2,explicit_idx_type,概念板块,BK0729.DC,20250116,775.29,771.38,780.49,766.25,6.45,0.84,2829196.0,3399213724.0,1.85,0.58,概念板块
explicit_idx_type-000138,1,explicit_idx_type,行业板块,BK0729.DC,20250117,770.89,775.94,785.24,770.03,-4.4,-0.57,2426120.0,2682866153.0,1.96,1.56,行业板块
explicit_idx_type-000138,2,explicit_idx_type,概念板块,BK0729.DC,20250117,770.89,775.94,785.24,770.03,-4.4,-0.57,2426119.0,2682866153.0,1.96,0.49,概念板块
explicit_idx_type-000139,1,explicit_idx_type,行业板块,BK0729.DC,20250120,775.11,775.67,782.7,772.97,4.22,0.55,2330484.0,2963514146.0,1.26,1.5,行业板块
explicit_idx_type-000139,2,explicit_idx_type,概念板块,BK0729.DC,20250120,775.11,775.67,782.7,772.97,4.22,0.55,2330484.0,2963514146.0,1.26,0.47,概念板块
explicit_idx_type-000140,1,explicit_idx_type,行业板块,BK0729.DC,20250121,765.08,773.99,775.26,756.66,-10.03,-1.29,2151526.0,2124396178.0,2.4,1.39,行业板块
explicit_idx_type-000140,2,explicit_idx_type,概念板块,BK0729.DC,20250121,765.08,773.99,775.26,756.66,-10.03,-1.29,2151525.0,2124396178.0,2.4,0.44,概念板块
explicit_idx_type-000141,1,explicit_idx_type,行业板块,BK0729.DC,20250122,766.41,765.11,767.25,758.74,1.33,0.17,1958439.0,2318597409.0,1.11,1.26,行业板块
explicit_idx_type-000141,2,explicit_idx_type,概念板块,BK0729.DC,20250122,766.41,765.11,767.25,758.74,1.33,0.17,1958439.0,2318597409.0,1.11,0.4,概念板块
explicit_idx_type-000142,1,explicit_idx_type,行业板块,BK0729.DC,20250123,767.29,771.73,781.95,766.78,0.88,0.11,2441418.0,2824018746.0,1.98,1.57,行业板块
explicit_idx_type-000142,2,explicit_idx_type,概念板块,BK0729.DC,20250123,767.29,771.73,781.95,766.78,0.88,0.11,2441418.0,2824018746.0,1.98,0.5,概念板块
explicit_idx_type-000143,1,explicit_idx_type,行业板块,BK0729.DC,20250124,775.05,764.88,775.98,763.92,7.76,1.01,2390317.0,3270576515.0,1.57,1.54,行业板块
explicit_idx_type-000143,2,explicit_idx_type,概念板块,BK0729.DC,20250124,775.05,764.88,775.98,763.92,7.76,1.01,2390316.0,3270576515.0,1.57,0.49,概念板块
explicit_idx_type-000144,1,explicit_idx_type,行业板块,BK0729.DC,20250127,774.18,779.4,785.42,771.91,-0.87,-0.11,2375766.0,2583355548.0,1.74,1.53,行业板块
explicit_idx_type-000144,2,explicit_idx_type,概念板块,BK0729.DC,20250127,774.18,779.4,785.42,771.91,-0.87,-0.11,2375766.0,2583355548.0,1.74,0.48,概念板块
explicit_idx_type-000145,1,explicit_idx_type,行业板块,BK0730.DC,20250102,911.49,924.77,939.05,905.39,-11.86,-1.28,4424919.0,3478567720.0,3.65,1.7,行业板块
explicit_idx_type-000145,2,explicit_idx_type,概念板块,BK0730.DC,20250102,911.49,924.77,939.05,905.39,-11.86,-1.28,4424918.0,3478567720.0,3.65,1.7,概念板块
explicit_idx_type-000146,1,explicit_idx_type,行业板块,BK0730.DC,20250103,888.96,914.96,918.53,887.24,-22.53,-2.47,4778882.0,3494792986.0,3.43,1.84,行业板块
explicit_idx_type-000146,2,explicit_idx_type,概念板块,BK0730.DC,20250103,888.96,914.96,918.53,887.24,-22.53,-2.47,4778881.0,3494792986.0,3.43,1.83,概念板块
explicit_idx_type-000147,1,explicit_idx_type,行业板块,BK0730.DC,20250106,889.76,889.44,899.87,872.57,0.8,0.09,3896104.0,3003217634.0,3.07,1.5,行业板块
explicit_idx_type-000147,2,explicit_idx_type,概念板块,BK0730.DC,20250106,889.76,889.44,899.87,872.57,0.8,0.09,3896104.0,3003217634.0,3.07,1.49,概念板块
explicit_idx_type-000148,1,explicit_idx_type,行业板块,BK0730.DC,20250107,902.72,890.84,902.74,884.68,12.96,1.46,3492010.0,2685356096.0,2.03,1.34,行业板块
explicit_idx_type-000148,2,explicit_idx_type,概念板块,BK0730.DC,20250107,902.72,890.84,902.74,884.68,12.96,1.46,3492010.0,2685356096.0,2.03,1.34,概念板块
explicit_idx_type-000149,1,explicit_idx_type,行业板块,BK0730.DC,20250108,902.3,902.65,905.44,879.33,-0.42,-0.05,4137922.0,3236178603.0,2.89,1.59,行业板块
explicit_idx_type-000149,2,explicit_idx_type,概念板块,BK0730.DC,20250108,902.3,902.65,905.44,879.33,-0.42,-0.05,4137921.0,3236178603.0,2.89,1.59,概念板块
explicit_idx_type-000150,1,explicit_idx_type,行业板块,BK0730.DC,20250109,909.01,902.14,914.14,897.39,6.71,0.74,3373948.0,2583726033.0,1.86,1.3,行业板块
explicit_idx_type-000150,2,explicit_idx_type,概念板块,BK0730.DC,20250109,909.01,902.14,914.14,897.39,6.71,0.74,3373947.0,2583726033.0,1.86,1.29,概念板块
explicit_idx_type-000151,1,explicit_idx_type,行业板块,BK0730.DC,20250110,893.45,909.94,918.21,893.35,-15.56,-1.71,3959717.0,3451628278.0,2.73,1.52,行业板块
explicit_idx_type-000151,2,explicit_idx_type,概念板块,BK0730.DC,20250110,893.45,909.94,918.21,893.35,-15.56,-1.71,3959717.0,3451628278.0,2.73,1.52,概念板块
explicit_idx_type-000152,1,explicit_idx_type,行业板块,BK0730.DC,20250113,900.27,886.33,904.54,883.54,6.82,0.76,3682320.0,2938227716.0,2.35,1.42,行业板块
explicit_idx_type-000152,2,explicit_idx_type,概念板块,BK0730.DC,20250113,900.27,886.33,904.54,883.54,6.82,0.76,3682320.0,2938227716.0,2.35,1.41,概念板块
explicit_idx_type-000153,1,explicit_idx_type,行业板块,BK0730.DC,20250114,940.2,903.85,940.27,903.85,39.93,4.44,5294423.0,3913909433.0,4.05,2.04,行业板块
explicit_idx_type-000153,2,explicit_idx_type,概念板块,BK0730.DC,20250114,940.2,903.85,940.27,903.85,39.93,4.44,5294423.0,3913909433.0,4.05,2.03,概念板块
explicit_idx_type-000154,1,explicit_idx_type,行业板块,BK0730.DC,20250115,930.58,940.44,940.44,926.86,-9.62,-1.02,4894282.0,3925067114.0,1.44,1.88,行业板块
explicit_idx_type-000154,2,explicit_idx_type,概念板块,BK0730.DC,20250115,930.58,940.44,940.44,926.86,-9.62,-1.02,4894282.0,3925067114.0,1.44,1.88,概念板块
explicit_idx_type-000155,1,explicit_idx_type,行业板块,BK0730.DC,20250116,927.29,932.63,945.07,921.6,-3.29,-0.35,5046444.0,4464251131.0,2.52,1.94,行业板块
explicit_idx_type-000155,2,explicit_idx_type,概念板块,BK0730.DC,20250116,927.29,932.63,945.07,921.6,-3.29,-0.35,5046443.0,4464251131.0,2.52,1.93,概念板块
explicit_idx_type-000156,1,explicit_idx_type,行业板块,BK0730.DC,20250117,934.02,924.71,937.55,921.84,6.73,0.73,3859651.0,3206961336.0,1.69,1.49,行业板块
explicit_idx_type-000156,2,explicit_idx_type,概念板块,BK0730.DC,20250117,934.02,924.71,937.55,921.84,6.73,0.73,3859651.0,3206961336.0,1.69,1.48,概念板块
explicit_idx_type-000157,1,explicit_idx_type,行业板块,BK0730.DC,20250120,930.9,934.91,938.38,926.02,-3.12,-0.33,6352253.0,4714099702.0,1.32,2.45,行业板块
explicit_idx_type-000157,2,explicit_idx_type,概念板块,BK0730.DC,20250120,930.9,934.91,938.38,926.02,-3.12,-0.33,6352253.0,4714099702.0,1.32,2.43,概念板块
explicit_idx_type-000158,1,explicit_idx_type,行业板块,BK0730.DC,20250121,919.37,931.75,933.14,913.03,-11.53,-1.24,5487064.0,3846704326.0,2.16,2.11,行业板块
explicit_idx_type-000158,2,explicit_idx_type,概念板块,BK0730.DC,20250121,919.37,931.75,933.14,913.03,-11.53,-1.24,5487064.0,3846704326.0,2.16,2.1,概念板块
explicit_idx_type-000159,1,explicit_idx_type,行业板块,BK0730.DC,20250122,912.8,916.19,916.19,908.56,-6.57,-0.71,4411960.0,3285293313.0,0.83,1.7,行业板块
explicit_idx_type-000159,2,explicit_idx_type,概念板块,BK0730.DC,20250122,912.8,916.19,916.19,908.56,-6.57,-0.71,4411960.0,3285293313.0,0.83,1.69,概念板块
explicit_idx_type-000160,1,explicit_idx_type,行业板块,BK0730.DC,20250123,909.57,918.16,925.94,909.57,-3.23,-0.35,4365202.0,3278141105.0,1.79,1.68,行业板块
explicit_idx_type-000160,2,explicit_idx_type,概念板块,BK0730.DC,20250123,909.57,918.16,925.94,909.57,-3.23,-0.35,4365202.0,3278141105.0,1.79,1.67,概念板块
explicit_idx_type-000161,1,explicit_idx_type,行业板块,BK0730.DC,20250124,910.74,906.55,911.2,898.11,1.17,0.13,3782830.0,2995966095.0,1.44,1.46,行业板块
explicit_idx_type-000161,2,explicit_idx_type,概念板块,BK0730.DC,20250124,910.74,906.55,911.2,898.11,1.17,0.13,3782830.0,2995966095.0,1.44,1.45,概念板块
explicit_idx_type-000162,1,explicit_idx_type,行业板块,BK0730.DC,20250127,918.73,913.96,929.73,913.96,7.99,0.88,4795603.0,3217306931.0,1.73,1.85,行业板块
explicit_idx_type-000162,2,explicit_idx_type,概念板块,BK0730.DC,20250127,918.73,913.96,929.73,913.96,7.99,0.88,4795603.0,3217306931.0,1.73,1.84,概念板块
explicit_idx_type-000163,1,explicit_idx_type,行业板块,BK0733.DC,20250102,913.99,922.54,937.54,906.46,-10.64,-1.15,4080660.0,2275124588.0,3.36,1.94,行业板块
explicit_idx_type-000163,2,explicit_idx_type,概念板块,BK0733.DC,20250102,913.99,922.54,937.54,906.46,-10.64,-1.15,4080659.0,2275124588.0,3.36,1.92,概念板块
explicit_idx_type-000164,1,explicit_idx_type,行业板块,BK0733.DC,20250103,876.48,916.28,919.49,873.93,-37.51,-4.1,4870783.0,2471905499.0,4.98,2.31,行业板块
explicit_idx_type-000164,2,explicit_idx_type,概念板块,BK0733.DC,20250103,876.48,916.28,919.49,873.93,-37.51,-4.1,4870782.0,2471905499.0,4.98,2.29,概念板块
explicit_idx_type-000165,1,explicit_idx_type,行业板块,BK0733.DC,20250106,872.2,872.84,882.52,849.29,-4.28,-0.49,3787150.0,1916766384.0,3.79,1.8,行业板块
explicit_idx_type-000165,2,explicit_idx_type,概念板块,BK0733.DC,20250106,872.2,872.84,882.52,849.29,-4.28,-0.49,3787149.0,1916766384.0,3.79,1.78,概念板块
explicit_idx_type-000166,1,explicit_idx_type,行业板块,BK0733.DC,20250107,888.6,874.82,889.1,868.66,16.4,1.88,3282073.0,1875568426.0,2.34,1.56,行业板块
explicit_idx_type-000166,2,explicit_idx_type,概念板块,BK0733.DC,20250107,888.6,874.82,889.1,868.66,16.4,1.88,3282072.0,1875568426.0,2.34,1.54,概念板块
explicit_idx_type-000167,1,explicit_idx_type,行业板块,BK0733.DC,20250108,889.04,888.61,892.62,864.09,0.44,0.05,3938477.0,2314616132.0,3.21,1.87,行业板块
explicit_idx_type-000167,2,explicit_idx_type,概念板块,BK0733.DC,20250108,889.04,888.61,892.62,864.09,0.44,0.05,3938476.0,2314616132.0,3.21,1.85,概念板块
explicit_idx_type-000168,1,explicit_idx_type,行业板块,BK0733.DC,20250109,887.86,883.38,893.74,880.97,-1.18,-0.13,3332853.0,1963822090.0,1.44,1.58,行业板块
explicit_idx_type-000168,2,explicit_idx_type,概念板块,BK0733.DC,20250109,887.86,883.38,893.74,880.97,-1.18,-0.13,3332853.0,1963822090.0,1.44,1.56,概念板块
explicit_idx_type-000169,1,explicit_idx_type,行业板块,BK0733.DC,20250110,854.35,889.11,889.11,854.14,-33.51,-3.77,3687255.0,2001369890.0,3.94,1.75,行业板块
explicit_idx_type-000169,2,explicit_idx_type,概念板块,BK0733.DC,20250110,854.35,889.11,889.11,854.14,-33.51,-3.77,3687255.0,2001369890.0,3.94,1.73,概念板块
explicit_idx_type-000170,1,explicit_idx_type,行业板块,BK0733.DC,20250113,857.84,846.24,861.31,835.92,3.49,0.41,3606850.0,1960266873.0,2.97,1.71,行业板块
explicit_idx_type-000170,2,explicit_idx_type,概念板块,BK0733.DC,20250113,857.84,846.24,861.31,835.92,3.49,0.41,3606850.0,1960266873.0,2.97,1.69,概念板块
explicit_idx_type-000171,1,explicit_idx_type,行业板块,BK0733.DC,20250114,899.43,865.12,899.43,865.12,41.59,4.85,4376997.0,2600265572.0,4.0,2.08,行业板块
explicit_idx_type-000171,2,explicit_idx_type,概念板块,BK0733.DC,20250114,899.43,865.12,899.43,865.12,41.59,4.85,4376997.0,2600265572.0,4.0,2.05,概念板块
explicit_idx_type-000172,1,explicit_idx_type,行业板块,BK0733.DC,20250115,894.14,900.37,905.1,892.14,-5.29,-0.59,4196191.0,2439971123.0,1.44,1.99,行业板块
explicit_idx_type-000172,2,explicit_idx_type,概念板块,BK0733.DC,20250115,894.14,900.37,905.1,892.14,-5.29,-0.59,4196191.0,2439971123.0,1.44,1.97,概念板块
explicit_idx_type-000173,1,explicit_idx_type,行业板块,BK0733.DC,20250116,903.64,899.04,911.12,894.14,9.5,1.06,3870505.0,2216559821.0,1.9,1.84,行业板块
explicit_idx_type-000173,2,explicit_idx_type,概念板块,BK0733.DC,20250116,903.64,899.04,911.12,894.14,9.5,1.06,3870504.0,2216559821.0,1.9,1.82,概念板块
explicit_idx_type-000174,1,explicit_idx_type,行业板块,BK0733.DC,20250117,904.1,905.32,908.98,895.05,0.46,0.05,3977517.0,2082158656.0,1.54,1.89,行业板块
explicit_idx_type-000174,2,explicit_idx_type,概念板块,BK0733.DC,20250117,904.1,905.32,908.98,895.05,0.46,0.05,3977516.0,2082158656.0,1.54,1.87,概念板块
explicit_idx_type-000175,1,explicit_idx_type,行业板块,BK0733.DC,20250120,922.57,909.32,925.93,904.76,18.47,2.04,4755362.0,2826764910.0,2.34,2.26,行业板块
explicit_idx_type-000175,2,explicit_idx_type,概念板块,BK0733.DC,20250120,922.57,909.32,925.93,904.76,18.47,2.04,4755361.0,2826764910.0,2.34,2.23,概念板块
explicit_idx_type-000176,1,explicit_idx_type,行业板块,BK0733.DC,20250121,915.96,930.23,930.23,907.17,-6.61,-0.72,4518268.0,2854197664.0,2.5,2.15,行业板块
explicit_idx_type-000176,2,explicit_idx_type,概念板块,BK0733.DC,20250121,915.96,930.23,930.23,907.17,-6.61,-0.72,4518267.0,2854197664.0,2.5,2.12,概念板块
explicit_idx_type-000177,1,explicit_idx_type,行业板块,BK0733.DC,20250122,900.48,914.85,914.85,898.3,-15.48,-1.69,5108324.0,2853003608.0,1.81,2.43,行业板块
explicit_idx_type-000177,2,explicit_idx_type,概念板块,BK0733.DC,20250122,900.48,914.85,914.85,898.3,-15.48,-1.69,5108323.0,2853003608.0,1.81,2.4,概念板块
explicit_idx_type-000178,1,explicit_idx_type,行业板块,BK0733.DC,20250123,894.49,905.32,915.74,894.49,-5.99,-0.67,4736686.0,2630847892.0,2.36,2.25,行业板块
explicit_idx_type-000178,2,explicit_idx_type,概念板块,BK0733.DC,20250123,894.49,905.32,915.74,894.49,-5.99,-0.67,4736685.0,2630847892.0,2.36,2.22,概念板块
explicit_idx_type-000179,1,explicit_idx_type,行业板块,BK0733.DC,20250124,898.65,894.91,902.86,892.92,4.16,0.47,5217128.0,3038268979.0,1.11,2.48,行业板块
explicit_idx_type-000179,2,explicit_idx_type,概念板块,BK0733.DC,20250124,898.65,894.91,902.86,892.92,4.16,0.47,5217127.0,3038268979.0,1.11,2.45,概念板块
explicit_idx_type-000180,1,explicit_idx_type,行业板块,BK0733.DC,20250127,893.43,897.75,908.38,893.32,-5.22,-0.58,4006712.0,2275102703.0,1.68,1.9,行业板块
explicit_idx_type-000180,2,explicit_idx_type,概念板块,BK0733.DC,20250127,893.43,897.75,908.38,893.32,-5.22,-0.58,4006712.0,2275102703.0,1.68,1.88,概念板块
explicit_idx_type-000181,1,explicit_idx_type,行业板块,BK1017.DC,20250102,1046.01,1061.66,1074.96,1040.26,-18.17,-1.71,4799128.0,2692927548.0,3.26,1.09,行业板块
explicit_idx_type-000181,2,explicit_idx_type,概念板块,BK1017.DC,20250102,1046.01,1061.66,1074.96,1040.26,-18.17,-1.71,4799127.0,2692927548.0,3.26,1.09,概念板块
explicit_idx_type-000182,1,explicit_idx_type,行业板块,BK1017.DC,20250103,1028.16,1048.49,1058.49,1025.76,-17.85,-1.71,4769206.0,2945164674.0,3.13,1.08,行业板块
explicit_idx_type-000182,2,explicit_idx_type,概念板块,BK1017.DC,20250103,1028.16,1048.49,1058.49,1025.76,-17.85,-1.71,4769206.0,2945164674.0,3.13,1.08,概念板块
explicit_idx_type-000183,1,explicit_idx_type,行业板块,BK1017.DC,20250106,1023.68,1030.56,1036.3,1004.98,-4.48,-0.44,3824036.0,2430317628.0,3.05,0.87,行业板块
explicit_idx_type-000183,2,explicit_idx_type,概念板块,BK1017.DC,20250106,1023.68,1030.56,1036.3,1004.98,-4.48,-0.44,3824035.0,2430317628.0,3.05,0.87,概念板块
explicit_idx_type-000184,1,explicit_idx_type,行业板块,BK1017.DC,20250107,1045.79,1024.24,1046.48,1023.57,22.11,2.16,3409526.0,2269102248.0,2.24,0.77,行业板块
explicit_idx_type-000184,2,explicit_idx_type,概念板块,BK1017.DC,20250107,1045.79,1024.24,1046.48,1023.57,22.11,2.16,3409525.0,2269102248.0,2.24,0.78,概念板块
explicit_idx_type-000185,1,explicit_idx_type,行业板块,BK1017.DC,20250108,1046.94,1045.27,1049.86,1019.96,1.15,0.11,4191001.0,2511332603.0,2.86,0.95,行业板块
explicit_idx_type-000185,2,explicit_idx_type,概念板块,BK1017.DC,20250108,1046.94,1045.27,1049.86,1019.96,1.15,0.11,4191001.0,2511332603.0,2.86,0.95,概念板块
explicit_idx_type-000186,1,explicit_idx_type,行业板块,BK1017.DC,20250109,1036.65,1043.85,1046.19,1033.5,-10.29,-0.98,3327371.0,1985488732.0,1.21,0.76,行业板块
explicit_idx_type-000186,2,explicit_idx_type,概念板块,BK1017.DC,20250109,1036.65,1043.85,1046.19,1033.5,-10.29,-0.98,3327370.0,1985488732.0,1.21,0.76,概念板块
explicit_idx_type-000187,1,explicit_idx_type,行业板块,BK1017.DC,20250110,1021.25,1037.27,1047.47,1020.39,-15.4,-1.49,3326233.0,1989190073.0,2.61,0.76,行业板块
explicit_idx_type-000187,2,explicit_idx_type,概念板块,BK1017.DC,20250110,1021.25,1037.27,1047.47,1020.39,-15.4,-1.49,3326233.0,1989190073.0,2.61,0.76,概念板块
explicit_idx_type-000188,1,explicit_idx_type,行业板块,BK1017.DC,20250113,1054.89,1037.5,1061.03,1037.5,33.64,3.29,4763793.0,3266032452.0,2.3,1.08,行业板块
explicit_idx_type-000188,2,explicit_idx_type,概念板块,BK1017.DC,20250113,1054.89,1037.5,1061.03,1037.5,33.64,3.29,4763792.0,3266032452.0,2.3,1.08,概念板块
explicit_idx_type-000189,1,explicit_idx_type,行业板块,BK1017.DC,20250114,1089.73,1048.62,1089.73,1046.29,34.84,3.3,5200607.0,3496536818.0,4.12,1.18,行业板块
explicit_idx_type-000189,2,explicit_idx_type,概念板块,BK1017.DC,20250114,1089.73,1048.62,1089.73,1046.29,34.84,3.3,5200606.0,3496536818.0,4.12,1.18,概念板块
explicit_idx_type-000190,1,explicit_idx_type,行业板块,BK1017.DC,20250115,1074.49,1086.82,1086.82,1070.29,-15.24,-1.4,3974541.0,2548044690.0,1.52,0.9,行业板块
explicit_idx_type-000190,2,explicit_idx_type,概念板块,BK1017.DC,20250115,1074.49,1086.82,1086.82,1070.29,-15.24,-1.4,3974541.0,2548044690.0,1.52,0.9,概念板块
explicit_idx_type-000191,1,explicit_idx_type,行业板块,BK1017.DC,20250116,1096.93,1087.82,1113.9,1087.82,22.44,2.09,5331298.0,3222704626.0,2.43,1.21,行业板块
explicit_idx_type-000191,2,explicit_idx_type,概念板块,BK1017.DC,20250116,1096.93,1087.82,1113.9,1087.82,22.44,2.09,5331297.0,3222704626.0,2.43,1.21,概念板块
explicit_idx_type-000192,1,explicit_idx_type,行业板块,BK1017.DC,20250117,1095.89,1094.03,1101.46,1080.35,-1.04,-0.09,4408538.0,2710008186.0,1.92,1.0,行业板块
explicit_idx_type-000192,2,explicit_idx_type,概念板块,BK1017.DC,20250117,1095.89,1094.03,1101.46,1080.35,-1.04,-0.09,4408538.0,2710008186.0,1.92,1.0,概念板块
explicit_idx_type-000193,1,explicit_idx_type,行业板块,BK1017.DC,20250120,1096.18,1100.25,1106.1,1092.2,0.29,0.03,4541518.0,2806985407.0,1.27,1.03,行业板块
explicit_idx_type-000193,2,explicit_idx_type,概念板块,BK1017.DC,20250120,1096.18,1100.25,1106.1,1092.2,0.29,0.03,4541518.0,2806985407.0,1.27,1.03,概念板块
explicit_idx_type-000194,1,explicit_idx_type,行业板块,BK1017.DC,20250121,1081.92,1098.27,1099.89,1073.48,-14.26,-1.3,4143454.0,2863275350.0,2.41,0.94,行业板块
explicit_idx_type-000194,2,explicit_idx_type,概念板块,BK1017.DC,20250121,1081.92,1098.27,1099.89,1073.48,-14.26,-1.3,4143454.0,2863275350.0,2.41,0.94,概念板块
explicit_idx_type-000195,1,explicit_idx_type,行业板块,BK1017.DC,20250122,1065.47,1078.42,1078.42,1062.27,-16.45,-1.52,3164312.0,2074962493.0,1.49,0.72,行业板块
explicit_idx_type-000195,2,explicit_idx_type,概念板块,BK1017.DC,20250122,1065.47,1078.42,1078.42,1062.27,-16.45,-1.52,3164312.0,2074962493.0,1.49,0.72,概念板块
explicit_idx_type-000196,1,explicit_idx_type,行业板块,BK1017.DC,20250123,1062.86,1074.69,1085.55,1062.86,-2.61,-0.24,3351741.0,2193773189.0,2.13,0.76,行业板块
explicit_idx_type-000196,2,explicit_idx_type,概念板块,BK1017.DC,20250123,1062.86,1074.69,1085.55,1062.86,-2.61,-0.24,3351741.0,2193773189.0,2.13,0.76,概念板块
explicit_idx_type-000197,1,explicit_idx_type,行业板块,BK1017.DC,20250124,1075.83,1062.85,1078.28,1057.53,12.97,1.22,3274005.0,2025544288.0,1.95,0.74,行业板块
explicit_idx_type-000197,2,explicit_idx_type,概念板块,BK1017.DC,20250124,1075.83,1062.85,1078.28,1057.53,12.97,1.22,3274005.0,2025544288.0,1.95,0.74,概念板块
explicit_idx_type-000198,1,explicit_idx_type,行业板块,BK1017.DC,20250127,1072.76,1076.18,1087.4,1071.27,-3.07,-0.29,3775451.0,2056408690.0,1.5,0.86,行业板块
explicit_idx_type-000198,2,explicit_idx_type,概念板块,BK1017.DC,20250127,1072.76,1076.18,1087.4,1071.27,-3.07,-0.29,3775450.0,2056408690.0,1.5,0.86,概念板块
explicit_idx_type-000199,1,explicit_idx_type,行业板块,BK1029.DC,20250102,1561.83,1608.62,1610.96,1552.32,-51.65,-3.2,13144305.0,22786763270.0,3.63,1.56,行业板块
explicit_idx_type-000199,2,explicit_idx_type,概念板块,BK1029.DC,20250102,1561.83,1608.62,1610.96,1552.32,-51.65,-3.2,13144304.0,22786763270.0,3.63,1.56,概念板块
explicit_idx_type-000200,1,explicit_idx_type,行业板块,BK1029.DC,20250103,1514.59,1562.54,1567.66,1513.62,-47.24,-3.02,12622707.0,18268467200.0,3.46,1.5,行业板块
explicit_idx_type-000200,2,explicit_idx_type,概念板块,BK1029.DC,20250103,1514.59,1562.54,1567.66,1513.62,-47.24,-3.02,12622707.0,18268467200.0,3.46,1.5,概念板块
explicit_idx_type-000201,1,explicit_idx_type,行业板块,BK1029.DC,20250106,1519.05,1514.03,1536.53,1501.17,4.46,0.29,10250205.0,16004036288.0,2.33,1.22,行业板块
explicit_idx_type-000201,2,explicit_idx_type,概念板块,BK1029.DC,20250106,1519.05,1514.03,1536.53,1501.17,4.46,0.29,10250205.0,16004036288.0,2.33,1.22,概念板块
explicit_idx_type-000202,1,explicit_idx_type,行业板块,BK1029.DC,20250107,1546.65,1522.2,1546.77,1515.28,27.6,1.82,9714039.0,15698926639.0,2.07,1.16,行业板块
explicit_idx_type-000202,2,explicit_idx_type,概念板块,BK1029.DC,20250107,1546.65,1522.2,1546.77,1515.28,27.6,1.82,9714039.0,15698926639.0,2.07,1.16,概念板块
explicit_idx_type-000203,1,explicit_idx_type,行业板块,BK1029.DC,20250108,1542.28,1535.73,1549.45,1498.57,-4.37,-0.28,11900409.0,18359678764.0,3.29,1.42,行业板块
explicit_idx_type-000203,2,explicit_idx_type,概念板块,BK1029.DC,20250108,1542.28,1535.73,1549.45,1498.57,-4.37,-0.28,11900409.0,18359678764.0,3.29,1.42,概念板块
explicit_idx_type-000204,1,explicit_idx_type,行业板块,BK1029.DC,20250109,1540.41,1532.77,1550.8,1530.61,-1.87,-0.12,9147991.0,14332548174.0,1.31,1.09,行业板块
explicit_idx_type-000204,2,explicit_idx_type,概念板块,BK1029.DC,20250109,1540.41,1532.77,1550.8,1530.61,-1.87,-0.12,9147990.0,14332548174.0,1.31,1.09,概念板块
explicit_idx_type-000205,1,explicit_idx_type,行业板块,BK1029.DC,20250110,1507.3,1538.23,1545.53,1507.3,-33.11,-2.15,9327032.0,15773488091.0,2.48,1.11,行业板块
explicit_idx_type-000205,2,explicit_idx_type,概念板块,BK1029.DC,20250110,1507.3,1538.23,1545.53,1507.3,-33.11,-2.15,9327031.0,15773488091.0,2.48,1.11,概念板块
explicit_idx_type-000206,1,explicit_idx_type,行业板块,BK1029.DC,20250113,1499.26,1494.48,1511.97,1491.44,-8.04,-0.53,8945843.0,16349807143.0,1.36,1.06,行业板块
explicit_idx_type-000206,2,explicit_idx_type,概念板块,BK1029.DC,20250113,1499.26,1494.48,1511.97,1491.44,-8.04,-0.53,8945843.0,16349807143.0,1.36,1.06,概念板块
explicit_idx_type-000207,1,explicit_idx_type,行业板块,BK1029.DC,20250114,1572.73,1502.55,1572.8,1502.06,73.47,4.9,14083810.0,25717773863.0,4.72,1.68,行业板块
explicit_idx_type-000207,2,explicit_idx_type,概念板块,BK1029.DC,20250114,1572.73,1502.55,1572.8,1502.06,73.47,4.9,14083809.0,25717773863.0,4.72,1.67,概念板块
explicit_idx_type-000208,1,explicit_idx_type,行业板块,BK1029.DC,20250115,1555.64,1569.1,1571.55,1552.42,-17.09,-1.09,9939745.0,17140397965.0,1.22,1.18,行业板块
explicit_idx_type-000208,2,explicit_idx_type,概念板块,BK1029.DC,20250115,1555.64,1569.1,1571.55,1552.42,-17.09,-1.09,9939745.0,17140397965.0,1.22,1.18,概念板块
explicit_idx_type-000209,1,explicit_idx_type,行业板块,BK1029.DC,20250116,1569.75,1559.95,1588.46,1556.58,14.11,0.91,10218667.0,16523345921.0,2.05,1.22,行业板块
explicit_idx_type-000209,2,explicit_idx_type,概念板块,BK1029.DC,20250116,1569.75,1559.95,1588.46,1556.58,14.11,0.91,10218666.0,16523345921.0,2.05,1.22,概念板块
explicit_idx_type-000210,1,explicit_idx_type,行业板块,BK1029.DC,20250117,1569.11,1562.42,1576.38,1551.39,-0.64,-0.04,7607222.0,13246531000.0,1.59,0.91,行业板块
explicit_idx_type-000210,2,explicit_idx_type,概念板块,BK1029.DC,20250117,1569.11,1562.42,1576.38,1551.39,-0.64,-0.04,7607222.0,13246531000.0,1.59,0.9,概念板块
explicit_idx_type-000211,1,explicit_idx_type,行业板块,BK1029.DC,20250120,1588.46,1581.75,1594.22,1580.39,19.35,1.23,9067580.0,18105260212.0,0.88,1.08,行业板块
explicit_idx_type-000211,2,explicit_idx_type,概念板块,BK1029.DC,20250120,1588.46,1581.75,1594.22,1580.39,19.35,1.23,9067579.0,18105260212.0,0.88,1.08,概念板块
explicit_idx_type-000212,1,explicit_idx_type,行业板块,BK1029.DC,20250121,1586.6,1592.37,1595.48,1569.97,-1.86,-0.12,8092248.0,16052799403.0,1.61,0.96,行业板块
explicit_idx_type-000212,2,explicit_idx_type,概念板块,BK1029.DC,20250121,1586.6,1592.37,1595.48,1569.97,-1.86,-0.12,8092247.0,16052799403.0,1.61,0.96,概念板块
explicit_idx_type-000213,1,explicit_idx_type,行业板块,BK1029.DC,20250122,1571.62,1576.1,1578.84,1563.71,-14.98,-0.94,8136869.0,18689520887.0,0.95,0.97,行业板块
explicit_idx_type-000213,2,explicit_idx_type,概念板块,BK1029.DC,20250122,1571.62,1576.1,1578.84,1563.71,-14.98,-0.94,8136868.0,18689520887.0,0.95,0.97,概念板块
explicit_idx_type-000214,1,explicit_idx_type,行业板块,BK1029.DC,20250123,1555.09,1583.74,1599.78,1555.09,-16.53,-1.05,9645251.0,17556689731.0,2.84,1.15,行业板块
explicit_idx_type-000214,2,explicit_idx_type,概念板块,BK1029.DC,20250123,1555.09,1583.74,1599.78,1555.09,-16.53,-1.05,9645251.0,17556689731.0,2.84,1.15,概念板块
explicit_idx_type-000215,1,explicit_idx_type,行业板块,BK1029.DC,20250124,1570.25,1552.06,1572.06,1548.32,15.16,0.97,8451210.0,14572953183.0,1.53,1.01,行业板块
explicit_idx_type-000215,2,explicit_idx_type,概念板块,BK1029.DC,20250124,1570.25,1552.06,1572.06,1548.32,15.16,0.97,8451210.0,14572953183.0,1.53,1.01,概念板块
explicit_idx_type-000216,1,explicit_idx_type,行业板块,BK1029.DC,20250127,1557.32,1573.48,1584.74,1557.32,-12.93,-0.82,9136193.0,14775778654.0,1.75,1.09,行业板块
explicit_idx_type-000216,2,explicit_idx_type,概念板块,BK1029.DC,20250127,1557.32,1573.48,1584.74,1557.32,-12.93,-0.82,9136193.0,14775778654.0,1.75,1.09,概念板块
