ts_code,phase,view,trend,volatility,metric,n_low,n_high,effect_high_minus_low,ci95_low,ci95_high,bootstrap_valid_fraction,p_approximate,holm_p
000001.SH,D,amount,down,low,up_rate,146,31,0.06893504197967298,-0.10726899261507034,0.24166742809470843,1.0,0.43785621437856215,
000001.SH,D,amount,down,low,mean_abs_return,146,31,0.0004873618972484235,-0.0018843238216821724,0.0030431670148065785,1.0,0.6935306469353064,
000001.SH,D,amount,down,high,up_rate,115,32,-0.03913043478260869,-0.24569547160901659,0.15635018385939708,1.0,0.7036296370362963,
000001.SH,D,amount,down,high,mean_abs_return,115,32,-0.0039223441523074005,-0.007022292527463737,-0.0009899286303196146,1.0,0.011198880111988802,
000001.SH,D,amount,up,low,up_rate,21,110,0.10779220779220783,-0.1345570497844131,0.341882183908046,1.0,0.37196280371962803,
000001.SH,D,amount,up,low,mean_abs_return,21,110,-0.002312338169866873,-0.007029734120712524,0.0007140757947873721,1.0,0.23407659234076592,
000001.SH,D,amount,up,high,up_rate,31,140,0.2633640552995392,0.038365171650055346,0.4311627435064935,1.0,0.0136986301369863,
000001.SH,D,amount,up,high,mean_abs_return,31,140,-0.0021224459289863745,-0.00678564802659956,0.0010505468131720259,1.0,0.2565743425657434,
000001.SH,D,volume,down,low,up_rate,145,32,0.11788793103448275,-0.08245716716540513,0.298221181765389,1.0,0.22187781221877811,
000001.SH,D,volume,down,low,mean_abs_return,145,32,0.00029822282224394904,-0.0020074906089101283,0.002886699939251416,1.0,0.8089191080891911,
000001.SH,D,volume,down,high,up_rate,109,41,-0.041396285522488196,-0.21897369941516934,0.1315810097343672,1.0,0.6456354364563544,
000001.SH,D,volume,down,high,mean_abs_return,109,41,-0.0030322062479953126,-0.0056983562119354144,-0.0006008894066048408,1.0,0.019998000199980003,
000001.SH,D,volume,up,low,up_rate,25,105,0.16190476190476188,-0.0343516468170846,0.3607189849624059,1.0,0.1105889411058894,
000001.SH,D,volume,up,low,mean_abs_return,25,105,-0.0021872591712103293,-0.0056428369717950256,0.0004902405515080649,1.0,0.1670832916708329,
000001.SH,D,volume,up,high,up_rate,34,135,0.2394335511982571,0.001121573649009205,0.4105635117794156,1.0,0.027597240275972403,
000001.SH,D,volume,up,high,mean_abs_return,34,135,-0.00350132995730587,-0.007594123976001755,-0.0010002100641957378,1.0,0.0435956404359564,
000001.SH,V1,amount,down,low,up_rate,102,24,0.21323529411764697,0.016802355037649208,0.4002544902669074,1.0,0.026497350264973504,1.0
000001.SH,V1,amount,down,low,mean_abs_return,102,24,0.00013954904323035082,-0.0028361718367660464,0.0034431768427770366,1.0,0.9307069293070693,1.0
000001.SH,V1,amount,down,high,up_rate,85,21,0.0661064425770308,-0.16666666666666669,0.2647079536039767,1.0,0.5402459754024598,1.0
000001.SH,V1,amount,down,high,mean_abs_return,85,21,-0.0074031881617921,-0.017050604652874307,0.0021175167110649485,1.0,0.13018698130186981,1.0
000001.SH,V1,amount,up,low,up_rate,35,180,0.05793650793650795,-0.11497700471698115,0.25287372339471287,1.0,0.5337466253374663,1.0
000001.SH,V1,amount,up,low,mean_abs_return,35,180,-0.001941581409958904,-0.005597372240547578,0.00017927398325642225,1.0,0.20337966203379662,1.0
000001.SH,V1,amount,up,high,up_rate,35,103,0.11678224687933436,-0.05974886038293431,0.32311399905843463,1.0,0.22757724227577242,1.0
000001.SH,V1,amount,up,high,mean_abs_return,35,103,-0.003359986611090292,-0.007935467453815483,0.0009043353414185754,1.0,0.13438656134386562,1.0
000001.SH,V1,volume,down,low,up_rate,119,27,0.1979458450046685,0.0010999446035363293,0.36629682313892825,1.0,0.03469653034696531,
000001.SH,V1,volume,down,low,mean_abs_return,119,27,0.0006195852698577175,-0.002171541168277476,0.003542382825260388,1.0,0.6647335266473353,
000001.SH,V1,volume,down,high,up_rate,82,32,0.020579268292682973,-0.16017481521138438,0.20071478873239418,1.0,0.8137186281371863,
000001.SH,V1,volume,down,high,mean_abs_return,82,32,0.002779715759636401,-0.008019359267805799,0.012995911390965238,1.0,0.6263373662633737,
000001.SH,V1,volume,up,low,up_rate,60,174,0.0367816091954023,-0.09378716587909483,0.1904292680466882,1.0,0.6056394360563944,
000001.SH,V1,volume,up,low,mean_abs_return,60,174,-0.0010227191931886951,-0.0034272824709606115,0.0007055431786775857,1.0,0.3387661233876612,
000001.SH,V1,volume,up,high,up_rate,53,90,0.15052410901467506,-0.01689217742082853,0.31758022981121736,1.0,0.07889211078892111,
000001.SH,V1,volume,up,high,mean_abs_return,53,90,-0.004441630911629305,-0.009414983472075077,0.00048824562587241704,1.0,0.0751924807519248,
000001.SH,V2,amount,down,low,up_rate,70,60,0.042857142857142816,-0.09822915435573654,0.21302480496397586,1.0,0.5922407759224078,1.0
000001.SH,V2,amount,down,low,mean_abs_return,70,60,0.0002105908909931023,-0.002995290948208321,0.0038481079752252607,1.0,0.8969103089691031,1.0
000001.SH,V2,amount,down,high,up_rate,62,25,0.1954838709677419,-0.05464603546336573,0.3927944015444015,1.0,0.08439156084391561,1.0
000001.SH,V2,amount,down,high,mean_abs_return,62,25,-0.00027989696062523904,-0.004486193583103167,0.003715569697942797,1.0,0.8889111088891111,1.0
000001.SH,V2,amount,up,low,up_rate,24,157,0.2208067940552017,-0.07305491764333226,0.3913151864238819,1.0,0.0688931106889311,1.0
000001.SH,V2,amount,up,low,mean_abs_return,24,157,-0.0017462680079948284,-0.005756185216323384,0.0014662513577405032,1.0,0.3267673232676732,1.0
000001.SH,V2,amount,up,high,up_rate,32,55,0.08977272727272723,-0.08333333333333337,0.2470255602240896,0.9999,0.2672,1.0
000001.SH,V2,amount,up,high,mean_abs_return,32,55,-0.0007550419152207461,-0.004340055707966921,0.002180920502144505,0.9999,0.65,1.0
000001.SH,V2,volume,down,low,up_rate,94,61,-0.03923962329961628,-0.20179988501550616,0.11766696222063425,1.0,0.6328367163283671,
000001.SH,V2,volume,down,low,mean_abs_return,94,61,0.0019688229950547993,-0.0008545299393605947,0.005721861799857469,1.0,0.21307869213078692,
000001.SH,V2,volume,down,high,up_rate,66,39,0.06060606060606055,-0.14814814814814814,0.24747516975777847,1.0,0.5434456554344566,
000001.SH,V2,volume,down,high,mean_abs_return,66,39,0.0009629134795975432,-0.0025716244365531606,0.004492177133825591,1.0,0.5947405259474052,
000001.SH,V2,volume,up,low,up_rate,44,158,0.1504602991944764,-0.07086515644030378,0.3169780807270783,1.0,0.1287871212878712,
000001.SH,V2,volume,up,low,mean_abs_return,44,158,-0.000694988548214241,-0.0033331083156912513,0.0019892850182328683,1.0,0.5977402259774023,
000001.SH,V2,volume,up,high,up_rate,41,61,0.03678528588564578,-0.1200755083732057,0.17329423679624462,1.0,0.6057394260573943,
000001.SH,V2,volume,up,high,mean_abs_return,41,61,-0.00017846063169479204,-0.0033627386975077123,0.0025829726220348162,1.0,0.9015098490150985,
000300.SH,D,amount,down,low,up_rate,142,35,0.17746478873239435,-0.014613244371444366,0.3563386683738797,1.0,0.06159384061593841,
000300.SH,D,amount,down,low,mean_abs_return,142,35,-0.0017795607563671472,-0.004605158205039557,0.0012245650343719714,1.0,0.21757824217578242,
000300.SH,D,amount,down,high,up_rate,107,34,-0.08081363386476081,-0.2758636373141507,0.11402836433653488,1.0,0.407959204079592,
000300.SH,D,amount,down,high,mean_abs_return,107,34,-0.002394186523853689,-0.006365139708307285,0.0010491219612536312,1.0,0.21557844215578442,
000300.SH,D,amount,up,low,up_rate,22,99,0.07575757575757575,-0.1616161616161616,0.32143549280177175,1.0,0.5274472552744726,
000300.SH,D,amount,up,low,mean_abs_return,22,99,-0.0025087654345514986,-0.008256929644448123,0.0016194508685167526,1.0,0.298970102989701,
000300.SH,D,amount,up,high,up_rate,42,145,0.19146141215106738,-0.012737815099848856,0.37434374806435283,1.0,0.05319468053194681,
000300.SH,D,amount,up,high,mean_abs_return,42,145,-0.003009802123865592,-0.006784290534992769,2.5540186196286318e-05,1.0,0.07689231076892311,
000300.SH,D,volume,down,low,up_rate,141,37,0.2714203565267395,0.10307406773270127,0.40935095146125283,1.0,0.0008999100089991,
000300.SH,D,volume,down,low,mean_abs_return,141,37,-0.0012338618888976978,-0.003970147182746481,0.0016937336341309667,1.0,0.38166183381661833,
000300.SH,D,volume,down,high,up_rate,100,45,-0.2022222222222222,-0.35254472756844674,-0.05531416321703138,1.0,0.008399160083991601,
000300.SH,D,volume,down,high,mean_abs_return,100,45,-0.0034209561218809647,-0.00658952551168541,-0.0009620689123010738,1.0,0.021997800219978002,
000300.SH,D,volume,up,low,up_rate,28,93,0.11251920122887865,-0.08834439496748654,0.3205553987075725,1.0,0.27647235276472354,
000300.SH,D,volume,up,low,mean_abs_return,28,93,-0.0012388688724422493,-0.004675904103627319,0.0018253714871349653,1.0,0.45655434456554345,
000300.SH,D,volume,up,high,up_rate,44,138,0.20882740447957837,0.008127677985857878,0.40563969085832813,1.0,0.0392960703929607,
000300.SH,D,volume,up,high,mean_abs_return,44,138,-0.004912084707332792,-0.009313398923129474,-0.001966396046957658,1.0,0.017798220177982202,
000300.SH,V1,amount,down,low,up_rate,113,44,0.06999195494770716,-0.08123541083099906,0.24043901600400097,1.0,0.39436056394360564,1.0
000300.SH,V1,amount,down,low,mean_abs_return,113,44,0.0010625864268351435,-0.0009703193924476884,0.0035713060215952987,1.0,0.3575642435756424,1.0
000300.SH,V1,amount,down,high,up_rate,74,17,-0.019872813990461036,-0.2916760935143288,0.2666666666666666,0.9999,0.8866,1.0
000300.SH,V1,amount,down,high,mean_abs_return,74,17,-0.005399636713371941,-0.014701715534006177,0.006405522961307617,0.9999,0.3054,1.0
000300.SH,V1,amount,up,low,up_rate,63,195,-0.0012210012210012167,-0.14638743244333305,0.20898737999872835,1.0,0.9904009599040096,1.0
000300.SH,V1,amount,up,low,mean_abs_return,63,195,-0.0010887573310781372,-0.0035906917791131204,0.0008996741520098868,1.0,0.36476352364763526,1.0
000300.SH,V1,amount,up,high,up_rate,41,85,0.07517934002869442,-0.04465084152967679,0.20561616161616128,1.0,0.23407659234076592,1.0
000300.SH,V1,amount,up,high,mean_abs_return,41,85,-0.0032980087069117495,-0.007222147091316334,0.001230796012988539,1.0,0.12258774122587741,1.0
000300.SH,V1,volume,down,low,up_rate,125,46,0.06469565217391304,-0.08301469729101309,0.23059866660057476,1.0,0.41755824417558246,
000300.SH,V1,volume,down,low,mean_abs_return,125,46,0.001356203602529851,-0.000714465668477342,0.004059287245625276,1.0,0.2576742325767423,
000300.SH,V1,volume,down,high,up_rate,76,25,0.061578947368421066,-0.14481462560210193,0.3076923076923077,0.9999,0.5884,
000300.SH,V1,volume,down,high,mean_abs_return,76,25,0.008186387847508556,-0.005566382506035081,0.020848453911487735,0.9999,0.2554,
000300.SH,V1,volume,up,low,up_rate,73,188,-0.03584960652870883,-0.1606038491613232,0.1265611960669686,1.0,0.6256374362563744,
000300.SH,V1,volume,up,low,mean_abs_return,73,188,-0.00110645201834158,-0.0035739590407777777,0.0009445228611710763,1.0,0.3247675232476752,
000300.SH,V1,volume,up,high,up_rate,54,76,0.11598440545808969,-0.02388923334303746,0.26619469870327994,1.0,0.1116888311168883,
000300.SH,V1,volume,up,high,mean_abs_return,54,76,-0.0050844373300718525,-0.010321800551890387,0.00048372832436886635,1.0,0.06619338066193381,
000300.SH,V2,amount,down,low,up_rate,80,56,-0.07499999999999996,-0.23744518771844114,0.10128025102281388,1.0,0.38706129387061294,1.0
000300.SH,V2,amount,down,low,mean_abs_return,80,56,0.002077626154769736,-0.0013330618707147043,0.006984935637458304,1.0,0.30156984301569845,1.0
000300.SH,V2,amount,down,high,up_rate,70,30,0.07619047619047614,-0.15641030392883623,0.26296391020176185,1.0,0.4567543245675432,1.0
000300.SH,V2,amount,down,high,mean_abs_return,70,30,0.0031334620552433898,-0.0010867460172355944,0.007750664109496544,1.0,0.1645835416458354,1.0
000300.SH,V2,amount,up,low,up_rate,35,169,0.16415891800507182,-0.06857406078009097,0.36571621697268253,1.0,0.13108689131086892,1.0
000300.SH,V2,amount,up,low,mean_abs_return,35,169,-0.0023699918118516867,-0.005622761858085752,0.0005932921355672543,1.0,0.13058694130586943,1.0
000300.SH,V2,amount,up,high,up_rate,59,62,0.010114816839803142,-0.1347582647645942,0.15488827703060462,1.0,0.8917108289171083,1.0
000300.SH,V2,amount,up,high,mean_abs_return,59,62,-0.0010221955474006856,-0.003947977407333512,0.001269036004287062,1.0,0.42275772422757724,1.0
000300.SH,V2,volume,down,low,up_rate,89,56,-0.1179775280898876,-0.27018235711193084,0.027766248368479744,1.0,0.11798820117988201,
000300.SH,V2,volume,down,low,mean_abs_return,89,56,0.0023695648895370233,-0.0012598220815062372,0.007311030140226212,1.0,0.25977402259774024,
000300.SH,V2,volume,down,high,up_rate,71,36,0.07550860719874797,-0.13936323649754506,0.2930689792663476,1.0,0.4881511848815118,
000300.SH,V2,volume,down,high,mean_abs_return,71,36,0.003189381959190456,-0.000416583184214762,0.00673157669043626,1.0,0.08249175082491751,
000300.SH,V2,volume,up,low,up_rate,47,159,0.15937374548374145,-0.002441273712282137,0.31592083289844486,1.0,0.04889511048895111,
000300.SH,V2,volume,up,low,mean_abs_return,47,159,-0.0006982748021222441,-0.002891957641867812,0.0018363444688291979,1.0,0.5600439956004399,
000300.SH,V2,volume,up,high,up_rate,71,58,-0.04783875667799903,-0.20835098870056498,0.10577160493827158,1.0,0.5425457454254574,
000300.SH,V2,volume,up,high,mean_abs_return,71,58,-0.00024818853272128016,-0.002903666271111204,0.001991712534555567,1.0,0.8439156084391561,
000905.SH,D,amount,down,low,up_rate,143,8,0.19143356643356646,-0.20578342206447797,0.5866884057971011,0.9998,0.36723672367236726,
000905.SH,D,amount,down,low,mean_abs_return,143,8,-0.0006960170747249972,-0.0067210643595735295,0.004886819847072318,0.9998,0.7971797179717972,
000905.SH,D,amount,down,high,up_rate,118,25,0.07694915254237294,-0.11161582590843351,0.24518710083760178,1.0,0.39246075392460755,
000905.SH,D,amount,down,high,mean_abs_return,118,25,-0.0024515772196252953,-0.00710949132769654,0.0017748446192292467,1.0,0.2765723427657234,
000905.SH,D,amount,up,low,up_rate,19,140,0.15751879699248128,-0.07991068464555195,0.3592158941650526,1.0,0.1633836616338366,
000905.SH,D,amount,up,low,mean_abs_return,19,140,-0.000996167700557547,-0.0072119491827859735,0.004133961528194671,1.0,0.7391260873912608,
000905.SH,D,amount,up,high,up_rate,33,140,0.031385281385281294,-0.11683492662838216,0.26282879670221787,1.0,0.76002399760024,
000905.SH,D,amount,up,high,mean_abs_return,33,140,-0.002565571771990481,-0.007491871536642505,0.00021576415541888332,1.0,0.19158084191580843,
000905.SH,D,volume,down,low,up_rate,136,19,0.2809597523219814,0.027949726801475738,0.5022067054433713,1.0,0.021997800219978002,
000905.SH,D,volume,down,low,mean_abs_return,136,19,-0.00025503587634186434,-0.004331920092200958,0.004268770555969363,1.0,0.9068093190680931,
000905.SH,D,volume,down,high,up_rate,117,31,0.11717673007995588,-0.06546153846153843,0.28195520395197105,1.0,0.18368163183681632,
000905.SH,D,volume,down,high,mean_abs_return,117,31,-0.0031047056700907304,-0.007034190694074273,0.0003635106046933599,1.0,0.10178982101789821,
000905.SH,D,volume,up,low,up_rate,22,131,0.2772380291464261,0.04954920090369012,0.46661125319693086,1.0,0.0115988401159884,
000905.SH,D,volume,up,low,mean_abs_return,22,131,-0.002519712224614428,-0.008812067049501004,0.002779983179584328,1.0,0.39316068393160686,
000905.SH,D,volume,up,high,up_rate,38,132,0.027113237639553422,-0.11972756844673348,0.2600676563012992,1.0,0.7946205379462054,
000905.SH,D,volume,up,high,mean_abs_return,38,132,-0.001082541450908357,-0.005157299554831645,0.0013294623111966026,1.0,0.5073492650734927,
000905.SH,V1,amount,down,low,up_rate,98,31,0.184002633311389,0.04097929847929851,0.3265864982970247,1.0,0.013898610138986101,1.0
000905.SH,V1,amount,down,low,mean_abs_return,98,31,-7.058709594306815e-05,-0.002806011179042985,0.0036860046625054412,1.0,0.9659034096590341,1.0
000905.SH,V1,amount,down,high,up_rate,93,19,0.13582342954159599,-0.13778262578616352,0.3570437919122129,1.0,0.26517348265173485,1.0
000905.SH,V1,amount,down,high,mean_abs_return,93,19,-0.007607149286279934,-0.017682526328194555,0.0043705122627491644,1.0,0.17748225177482252,1.0
000905.SH,V1,amount,up,low,up_rate,40,179,0.07276536312849158,-0.036815811324341446,0.25306234844967224,1.0,0.35826417358264173,1.0
000905.SH,V1,amount,up,low,mean_abs_return,40,179,-0.003434609265971675,-0.007975382326130476,-0.0004885663071195192,1.0,0.08589141085891411,1.0
000905.SH,V1,amount,up,high,up_rate,40,84,0.03214285714285714,-0.13961988304093564,0.2272938268627921,1.0,0.7253274672532747,1.0
000905.SH,V1,amount,up,high,mean_abs_return,40,84,-0.0055269088905900675,-0.011938906845127342,-0.0001682068427084459,1.0,0.06829317068293171,1.0
000905.SH,V1,volume,down,low,up_rate,111,34,0.12506624271330147,-0.038994772063724925,0.2739406565656565,1.0,0.11558844115588442,
000905.SH,V1,volume,down,low,mean_abs_return,111,34,-0.0010694412693602329,-0.004124330764586887,0.002199443894297051,1.0,0.4814518548145185,
000905.SH,V1,volume,down,high,up_rate,85,25,0.1623529411764706,-0.0757575757575758,0.37041066983172577,1.0,0.14438556144385561,
000905.SH,V1,volume,down,high,mean_abs_return,85,25,0.0033385279894141973,-0.007199275613470719,0.015673296508535054,1.0,0.577942205779422,
000905.SH,V1,volume,up,low,up_rate,52,172,0.09302325581395354,-0.03171853109563077,0.2501156526338787,1.0,0.2176782321767823,
000905.SH,V1,volume,up,low,mean_abs_return,52,172,-0.0027238167480043256,-0.00616915508035267,-0.00016835121965533135,1.0,0.0822917708229177,
000905.SH,V1,volume,up,high,up_rate,42,75,0.08952380952380945,-0.09105323976938702,0.2784146756021755,1.0,0.34126587341265874,
000905.SH,V1,volume,up,high,mean_abs_return,42,75,-0.0025567517065189817,-0.009737691762363523,0.002725879836000674,1.0,0.40205979402059794,
000905.SH,V2,amount,down,low,up_rate,102,40,0.021568627450980316,-0.1785814667538872,0.2026621168432269,1.0,0.8207179282071793,1.0
000905.SH,V2,amount,down,low,mean_abs_return,102,40,0.00036573830445125327,-0.004188315161306818,0.00606484573133718,1.0,0.8893110688931107,1.0
000905.SH,V2,amount,down,high,up_rate,56,15,0.17976190476190468,-0.16012678944480285,0.4444444444444444,0.9995,0.22969187675070027,1.0
000905.SH,V2,amount,down,high,mean_abs_return,56,15,0.0006303495030949569,-0.0043215058768666225,0.005125180694387199,0.9995,0.7786114445778312,1.0
000905.SH,V2,amount,up,low,up_rate,37,161,0.06849085109954672,-0.12653290693362992,0.22944139194139188,1.0,0.44825517448255175,1.0
000905.SH,V2,amount,up,low,mean_abs_return,37,161,-0.0011776969589065121,-0.004722910909779588,0.002245823041961152,1.0,0.5006499350064993,1.0
000905.SH,V2,amount,up,high,up_rate,20,64,-0.006249999999999978,-0.27679315476190475,0.24019666720497393,1.0,0.9655034496550345,1.0
000905.SH,V2,amount,up,high,mean_abs_return,20,64,-0.002898237016392075,-0.008537077352633322,0.0013457218313329708,1.0,0.22627737226277372,1.0
000905.SH,V2,volume,down,low,up_rate,106,52,0.05841799709724238,-0.09675294965779313,0.17889473684210516,1.0,0.40785921407859216,
000905.SH,V2,volume,down,low,mean_abs_return,106,52,0.0008748142986612795,-0.002971450114422308,0.005443093580334185,1.0,0.6628337166283371,
000905.SH,V2,volume,down,high,up_rate,59,19,0.19446922390722565,-0.0714285714285714,0.4512686860739575,0.9996,0.14404321296388917,
000905.SH,V2,volume,down,high,mean_abs_return,59,19,0.0044530879547435495,-0.0005924221636673358,0.009305038522002386,0.9996,0.07502250675202561,
000905.SH,V2,volume,up,low,up_rate,56,152,0.06860902255639101,-0.08076230019266785,0.20671164036883993,1.0,0.3595640435956404,
000905.SH,V2,volume,up,low,mean_abs_return,56,152,-0.0009118919895787034,-0.0036934939973135386,0.0018424642893831388,1.0,0.5296470352964704,
000905.SH,V2,volume,up,high,up_rate,31,63,0.07168458781362008,-0.1663245614035088,0.269288731245923,1.0,0.5182481751824818,
000905.SH,V2,volume,up,high,mean_abs_return,31,63,5.760618454141338e-05,-0.004063576935330818,0.0039597502144306,1.0,0.9767023297670233,
