ts_code,name,start_date,end_date
000155.SZ,川能动力,2016-05-10,2017-12-15
000520.SZ,凤凰航运,2014-05-16,2015-08-17
000629.SZ,钒钛股份,2017-05-05,2018-08-23
000670.SZ,盈方微,2020-04-07,2022-08-19
000751.SZ,锌业股份,2014-01-02,2014-08-05
000792.SZ,盐湖股份,2020-05-22,2021-08-09
000950.SZ,重药控股,2017-05-11,2018-08-27
000995.SZ,皇台酒业,2019-05-13,2020-12-15
002506.SZ,协鑫集成,2014-05-28,2015-08-11
600610.SH,中毅达,2019-07-19,2020-08-14
600710.SH,苏美达,2016-04-20,2017-07-28
600732.SH,爱旭股份,2016-04-08,2017-06-05
688005.SH,容百科技,2026-01-16,2026-01-16
688766.SH,普冉股份,2025-11-26,2025-11-26
920039.BJ,国义招标,2023-03-01,2023-03-10
920090.BJ,*ST同辉,2023-08-02,2023-08-08
920171.BJ,志晟信息,2023-11-28,2023-11-30
920174.BJ,五新隧装,2024-11-26,2024-12-09
920198.BJ,微创光电,2023-12-04,2023-12-08
920239.BJ,长虹能源,2022-01-24,2022-02-09
920263.BJ,中航泰达,2021-12-21,2022-01-04
920305.BJ,*ST云创,2025-04-30,2025-04-30
920305.BJ,*ST云创,2025-07-07,2025-07-11
920415.BJ,恒拓开源,2021-12-24,2022-01-07
920415.BJ,恒拓开源,2022-07-25,2022-07-29
920526.BJ,凯华材料,2023-11-28,2023-11-30
920753.BJ,天纺标,2023-07-17,2023-07-25
920808.BJ,曙光数创,2025-05-26,2025-06-09
920856.BJ,浩淼科技,2023-10-16,2023-10-27
920961.BJ,创远信科,2025-09-16,2025-09-22
920964.BJ,润农节水,2024-10-22,2024-10-25
