ts_code,model,bin_left,bin_right,n,mean_probability,actual_up_rate
000001.SH,frequency,0.0,0.1,0,,
000001.SH,frequency,0.1,0.2,0,,
000001.SH,frequency,0.2,0.3,0,,
000001.SH,frequency,0.3,0.4,0,,
000001.SH,frequency,0.4,0.5,0,,
000001.SH,frequency,0.5,0.6,1209,0.5265957446808509,0.5186104218362283
000001.SH,frequency,0.6,0.7,0,,
000001.SH,frequency,0.7,0.8,0,,
000001.SH,frequency,0.8,0.9,0,,
000001.SH,frequency,0.9,1.0,0,,
000001.SH,price,0.0,0.1,0,,
000001.SH,price,0.1,0.2,0,,
000001.SH,price,0.2,0.3,0,,
000001.SH,price,0.3,0.4,0,,
000001.SH,price,0.4,0.5,16,0.49437917262911585,0.625
000001.SH,price,0.5,0.6,1190,0.5258607368044064,0.5159663865546219
000001.SH,price,0.6,0.7,3,0.6088341406154252,1.0
000001.SH,price,0.7,0.8,0,,
000001.SH,price,0.8,0.9,0,,
000001.SH,price,0.9,1.0,0,,
000001.SH,price_amount,0.0,0.1,0,,
000001.SH,price_amount,0.1,0.2,0,,
000001.SH,price_amount,0.2,0.3,0,,
000001.SH,price_amount,0.3,0.4,0,,
000001.SH,price_amount,0.4,0.5,165,0.4870696333669752,0.47878787878787876
000001.SH,price_amount,0.5,0.6,1033,0.5266000540535692,0.5237173281703775
000001.SH,price_amount,0.6,0.7,7,0.6471315719141094,0.7142857142857143
000001.SH,price_amount,0.7,0.8,0,,
000001.SH,price_amount,0.8,0.9,2,0.860644774665519,0.5
000001.SH,price_amount,0.9,1.0,2,0.9596311503854059,0.5
000001.SH,price_amount_volume,0.0,0.1,0,,
000001.SH,price_amount_volume,0.1,0.2,0,,
000001.SH,price_amount_volume,0.2,0.3,0,,
000001.SH,price_amount_volume,0.3,0.4,0,,
000001.SH,price_amount_volume,0.4,0.5,170,0.4863168773677411,0.4764705882352941
000001.SH,price_amount_volume,0.5,0.6,1029,0.5264232236462651,0.5238095238095238
000001.SH,price_amount_volume,0.6,0.7,6,0.6573479426832521,0.8333333333333334
000001.SH,price_amount_volume,0.7,0.8,0,,
000001.SH,price_amount_volume,0.8,0.9,2,0.8505860531079862,0.5
000001.SH,price_amount_volume,0.9,1.0,2,0.9597543273143758,0.5
000300.SH,frequency,0.0,0.1,0,,
000300.SH,frequency,0.1,0.2,0,,
000300.SH,frequency,0.2,0.3,0,,
000300.SH,frequency,0.3,0.4,0,,
000300.SH,frequency,0.4,0.5,0,,
000300.SH,frequency,0.5,0.6,1209,0.5173758865248227,0.4904880066170389
000300.SH,frequency,0.6,0.7,0,,
000300.SH,frequency,0.7,0.8,0,,
000300.SH,frequency,0.8,0.9,0,,
000300.SH,frequency,0.9,1.0,0,,
000300.SH,price,0.0,0.1,0,,
000300.SH,price,0.1,0.2,0,,
000300.SH,price,0.2,0.3,0,,
000300.SH,price,0.3,0.4,0,,
000300.SH,price,0.4,0.5,184,0.49196245656292087,0.4673913043478261
000300.SH,price,0.5,0.6,1016,0.5176967929281662,0.4940944881889764
000300.SH,price,0.6,0.7,9,0.6184212646290344,0.5555555555555556
000300.SH,price,0.7,0.8,0,,
000300.SH,price,0.8,0.9,0,,
000300.SH,price,0.9,1.0,0,,
000300.SH,price_amount,0.0,0.1,0,,
000300.SH,price_amount,0.1,0.2,0,,
000300.SH,price_amount,0.2,0.3,0,,
000300.SH,price_amount,0.3,0.4,1,0.38559369831481205,1.0
000300.SH,price_amount,0.4,0.5,357,0.48476869863373073,0.42857142857142855
000300.SH,price_amount,0.5,0.6,840,0.5207261324767464,0.513095238095238
000300.SH,price_amount,0.6,0.7,6,0.6414548058439962,0.8333333333333334
000300.SH,price_amount,0.7,0.8,0,,
000300.SH,price_amount,0.8,0.9,2,0.8359087585228815,0.5
000300.SH,price_amount,0.9,1.0,3,0.9676006045214344,0.6666666666666666
000300.SH,price_amount_volume,0.0,0.1,0,,
000300.SH,price_amount_volume,0.1,0.2,0,,
000300.SH,price_amount_volume,0.2,0.3,0,,
000300.SH,price_amount_volume,0.3,0.4,1,0.38260688330208054,1.0
000300.SH,price_amount_volume,0.4,0.5,369,0.48295749101454544,0.44173441734417346
000300.SH,price_amount_volume,0.5,0.6,825,0.5215339838702836,0.5078787878787879
000300.SH,price_amount_volume,0.6,0.7,8,0.6278559842153277,0.75
000300.SH,price_amount_volume,0.7,0.8,1,0.7050150015950062,1.0
000300.SH,price_amount_volume,0.8,0.9,2,0.8373300411693101,0.5
000300.SH,price_amount_volume,0.9,1.0,3,0.9679490035122681,0.6666666666666666
000905.SH,frequency,0.0,0.1,0,,
000905.SH,frequency,0.1,0.2,0,,
000905.SH,frequency,0.2,0.3,0,,
000905.SH,frequency,0.3,0.4,0,,
000905.SH,frequency,0.4,0.5,0,,
000905.SH,frequency,0.5,0.6,1209,0.5443262411347518,0.5070306038047974
000905.SH,frequency,0.6,0.7,0,,
000905.SH,frequency,0.7,0.8,0,,
000905.SH,frequency,0.8,0.9,0,,
000905.SH,frequency,0.9,1.0,0,,
000905.SH,price,0.0,0.1,0,,
000905.SH,price,0.1,0.2,0,,
000905.SH,price,0.2,0.3,0,,
000905.SH,price,0.3,0.4,0,,
000905.SH,price,0.4,0.5,44,0.4913757774205407,0.5909090909090909
000905.SH,price,0.5,0.6,1131,0.5376884086043804,0.5030946065428824
000905.SH,price,0.6,0.7,33,0.6408969184618274,0.5151515151515151
000905.SH,price,0.7,0.8,1,0.704397661530032,1.0
000905.SH,price,0.8,0.9,0,,
000905.SH,price,0.9,1.0,0,,
000905.SH,price_amount,0.0,0.1,0,,
000905.SH,price_amount,0.1,0.2,0,,
000905.SH,price_amount,0.2,0.3,0,,
000905.SH,price_amount,0.3,0.4,0,,
000905.SH,price_amount,0.4,0.5,132,0.488032887227645,0.5227272727272727
000905.SH,price_amount,0.5,0.6,1006,0.5401175650969529,0.49304174950298213
000905.SH,price_amount,0.6,0.7,66,0.6268246924653971,0.696969696969697
000905.SH,price_amount,0.7,0.8,4,0.7358247552787182,0.5
000905.SH,price_amount,0.8,0.9,1,0.8003822783497814,0.0
000905.SH,price_amount,0.9,1.0,0,,
000905.SH,price_amount_volume,0.0,0.1,0,,
000905.SH,price_amount_volume,0.1,0.2,0,,
000905.SH,price_amount_volume,0.2,0.3,0,,
000905.SH,price_amount_volume,0.3,0.4,0,,
000905.SH,price_amount_volume,0.4,0.5,137,0.4878239820876348,0.5328467153284672
000905.SH,price_amount_volume,0.5,0.6,998,0.5395764387626866,0.49298597194388777
000905.SH,price_amount_volume,0.6,0.7,67,0.6250737601319415,0.6567164179104478
000905.SH,price_amount_volume,0.7,0.8,6,0.7272211877195994,0.6666666666666666
000905.SH,price_amount_volume,0.8,0.9,1,0.8028742123808367,0.0
000905.SH,price_amount_volume,0.9,1.0,0,,
