ts_code,name,list_status,list_dt,delist_dt,code_classification,min_first_seen_date,min_first_valid_trade_date,max_last_seen_date,missing_freqs,no_valid_freqs,valid_before_list_freqs,invalid_only_before_list_freqs
002789.SZ,*ST建艺,L,2016-03-11,,has_valid_before_list_date,2016-03-02,2016-03-02,2026-05-07,,,1,
002790.SZ,瑞尔特,L,2016-03-08,,has_valid_before_list_date,2016-02-25,2016-02-25,2026-05-07,,,1,
002801.SZ,微光股份,L,2016-06-22,,has_valid_before_list_date,2016-06-13,2016-06-13,2026-05-07,,,1,
002802.SZ,洪汇新材,L,2016-06-29,,has_valid_before_list_date,2016-06-20,2016-06-20,2026-05-07,,,1,
002803.SZ,吉宏股份,L,2016-07-12,,has_valid_before_list_date,2016-06-30,2016-06-30,2026-05-07,,,1,
002805.SZ,丰元股份,L,2016-07-07,,has_valid_before_list_date,2016-06-27,2016-06-27,2026-05-07,,,1,
002806.SZ,华锋股份,L,2016-07-26,,has_valid_before_list_date,2016-07-14,2016-07-14,2026-05-07,,,1,
002807.SZ,江阴银行,L,2016-09-02,,has_valid_before_list_date,2016-08-24,2016-08-24,2026-05-07,,,1,
002808.SZ,*ST恒久,L,2016-08-12,,has_valid_before_list_date,2016-08-03,2016-08-03,2026-05-07,,,1,
002809.SZ,红墙股份,L,2016-08-23,,has_valid_before_list_date,2016-08-11,2016-08-11,2026-05-07,,,1,
002810.SZ,山东赫达,L,2016-08-26,,has_valid_before_list_date,2016-08-16,2016-08-16,2026-05-07,,,1,
002811.SZ,郑中设计,L,2016-09-08,,has_valid_before_list_date,2016-08-30,2016-08-30,2026-05-07,,,1,
002812.SZ,恩捷股份,L,2016-09-14,,has_valid_before_list_date,2016-08-31,2016-08-31,2026-05-07,,,1,
002813.SZ,路畅科技,L,2016-10-12,,has_valid_before_list_date,2016-09-23,2016-09-23,2026-05-07,,,1,
002815.SZ,崇达技术,L,2016-10-12,,has_valid_before_list_date,2016-09-22,2016-09-22,2026-05-07,,,1,
002816.SZ,*ST和科,L,2016-10-25,,has_valid_before_list_date,2016-10-12,2016-10-12,2026-05-07,,,1,
002817.SZ,黄山胶囊,L,2016-10-25,,has_valid_before_list_date,2016-10-13,2016-10-13,2026-05-07,,,1,
300502.SZ,新易盛,L,2016-03-03,,has_valid_before_list_date,2016-02-23,2016-02-23,2026-05-07,,,1,
300503.SZ,昊志机电,L,2016-03-09,,has_valid_before_list_date,2016-02-29,2016-02-29,2026-05-07,,,1,
300505.SZ,川金诺,L,2016-03-15,,has_valid_before_list_date,2016-03-04,2016-03-04,2026-05-07,,,1,
300517.SZ,海波重科,L,2016-07-19,,has_valid_before_list_date,2016-07-07,2016-07-07,2026-05-07,,,1,
300518.SZ,新迅达,L,2016-06-24,,has_valid_before_list_date,2016-06-15,2016-06-15,2026-05-07,,,1,
300519.SZ,新光药业,L,2016-06-24,,has_valid_before_list_date,2016-06-08,2016-06-08,2026-05-07,,,1,
300520.SZ,科大国创,L,2016-07-08,,has_valid_before_list_date,2016-06-28,2016-06-28,2026-05-07,,,1,
300521.SZ,爱司凯,L,2016-07-05,,has_valid_before_list_date,2016-06-24,2016-06-24,2026-05-07,,,1,
300522.SZ,世名科技,L,2016-07-05,,has_valid_before_list_date,2016-06-23,2016-06-23,2026-05-07,,,1,
300523.SZ,辰安科技,L,2016-07-26,,has_valid_before_list_date,2016-07-13,2016-07-13,2026-05-07,,,1,
300525.SZ,博思软件,L,2016-07-26,,has_valid_before_list_date,2016-07-15,2016-07-15,2026-05-07,,,1,
300526.SZ,中潜退(退),D,2016-08-02,2023-07-12,has_valid_before_list_date,2016-07-21,2016-07-21,2019-12-31,"5,30,60,90,120",,1,
300527.SZ,ST应急,L,2016-08-05,,has_valid_before_list_date,2016-07-25,2016-07-25,2026-05-07,,,1,
300528.SZ,幸福蓝海,L,2016-08-08,,has_valid_before_list_date,2016-07-26,2016-07-26,2026-05-07,,,1,
300529.SZ,健帆生物,L,2016-08-02,,has_valid_before_list_date,2016-07-22,2016-07-22,2026-05-07,,,1,
300530.SZ,领湃科技,L,2016-08-09,,has_valid_before_list_date,2016-07-29,2016-07-29,2026-05-07,,,1,
300531.SZ,优博讯,L,2016-08-09,,has_valid_before_list_date,2016-07-27,2016-07-27,2026-05-07,,,1,
300532.SZ,今天国际,L,2016-08-18,,has_valid_before_list_date,2016-08-05,2016-08-05,2026-05-07,,,1,
300533.SZ,冰川网络,L,2016-08-18,,has_valid_before_list_date,2016-08-09,2016-08-09,2026-05-07,,,1,
300534.SZ,陇神戎发,L,2016-09-13,,has_valid_before_list_date,2016-09-01,2016-09-01,2026-05-07,,,1,
300535.SZ,达威股份,L,2016-08-12,,has_valid_before_list_date,2016-08-01,2016-08-01,2026-05-07,,,"1,30,90",
300536.SZ,农尚环境,L,2016-09-20,,has_valid_before_list_date,2016-09-06,2016-09-06,2026-05-07,,,1,
300537.SZ,广信材料,L,2016-08-30,,has_valid_before_list_date,2016-08-17,2016-08-17,2026-05-07,,,1,
300538.SZ,同益股份,L,2016-08-26,,has_valid_before_list_date,2016-08-12,2016-08-12,2026-05-07,,,1,
300539.SZ,横河精密,L,2016-08-30,,has_valid_before_list_date,2016-08-19,2016-08-19,2026-05-07,,,1,
300540.SZ,蜀道装备,L,2016-08-23,,has_valid_before_list_date,2016-08-10,2016-08-10,2026-05-07,,,1,
300541.SZ,先进数通,L,2016-09-13,,has_valid_before_list_date,2016-09-02,2016-09-02,2026-05-07,,,1,
300542.SZ,新晨科技,L,2016-09-20,,has_valid_before_list_date,2016-09-05,2016-09-05,2026-05-07,,,"1,15",
300543.SZ,朗科智能,L,2016-09-08,,has_valid_before_list_date,2016-08-25,2016-08-25,2026-05-07,,,1,
300545.SZ,联得装备,L,2016-09-28,,has_valid_before_list_date,2016-09-14,2016-09-14,2026-05-07,,,1,
300546.SZ,雄帝科技,L,2016-09-28,,has_valid_before_list_date,2016-09-19,2016-09-19,2026-05-07,,,1,
300547.SZ,川环科技,L,2016-09-30,,has_valid_before_list_date,2016-09-21,2016-09-21,2026-05-07,,,1,
300548.SZ,长芯博创,L,2016-10-12,,has_valid_before_list_date,2016-09-26,2016-09-26,2026-05-07,,,1,
300549.SZ,优德精密,L,2016-09-30,,has_valid_before_list_date,2016-09-20,2016-09-20,2026-05-07,,,1,
300550.SZ,和仁科技,L,2016-10-18,,has_valid_before_list_date,2016-09-30,2016-09-30,2026-05-07,,,1,
300551.SZ,古鳌科技,L,2016-10-18,,has_valid_before_list_date,2016-09-28,2016-09-28,2026-05-07,,,1,
300552.SZ,万集科技,L,2016-10-21,,has_valid_before_list_date,2016-10-11,2016-10-11,2026-05-07,,,1,
300553.SZ,集智股份,L,2016-10-21,,has_valid_before_list_date,2016-10-10,2016-10-10,2026-05-07,,,"1,15",
300555.SZ,ST路通,L,2016-10-18,,has_valid_before_list_date,2016-09-29,2016-09-29,2026-05-07,,,1,
920001.BJ,纬达光电,L,2022-12-27,,has_valid_before_list_date,2021-11-15,2022-01-07,2026-05-07,,,"1,5,15,30,60,90,120",
920006.BJ,晟楠科技,L,2023-05-18,,has_valid_before_list_date,2021-11-15,2021-11-15,2026-05-07,,,"1,5,15,30,60,90,120",
920014.BJ,特瑞斯,L,2022-12-13,,has_valid_before_list_date,2021-11-15,2021-11-15,2026-05-07,,,"1,5,15,30,60,90,120",
920017.BJ,星昊医药,L,2023-05-31,,has_valid_before_list_date,2021-11-15,2021-11-15,2026-05-07,,,"1,5,15,30,60,90,120",
920023.BJ,田野股份,L,2023-02-02,,has_valid_before_list_date,2021-11-15,2021-11-15,2026-05-07,,,"1,5,15,30,60,90,120",
920033.BJ,康普化学,L,2022-12-21,,has_valid_before_list_date,2021-11-15,2021-11-15,2026-05-07,,,"1,5,15,30,60,90,120",
920046.BJ,亿能电力,L,2022-10-13,,has_valid_before_list_date,2021-11-15,2021-11-15,2026-05-07,,,"1,5,15,30,60,90,120",
920057.BJ,百甲科技,L,2023-03-14,,has_valid_before_list_date,2021-11-15,2021-11-15,2026-05-07,,,"1,5,15,30,60,90,120",
920058.BJ,华洋赛车,L,2023-08-10,,has_valid_before_list_date,2021-11-15,2021-11-15,2026-05-07,,,"1,5,15,30,60,90,120",
920061.BJ,西磁科技,L,2023-12-21,,has_valid_before_list_date,2021-11-15,2021-11-15,2026-05-07,,,"1,5,15,30,60,90,120",
920075.BJ,柏星龙,L,2022-12-14,,has_valid_before_list_date,2021-11-15,2021-11-15,2026-05-07,,,"1,5,15,30,60,90,120",
920087.BJ,秋乐种业,L,2022-12-07,,has_valid_before_list_date,2021-11-15,2021-11-15,2026-05-07,,,"1,5,15,30,60,90,120",
920110.BJ,雷特科技,L,2022-12-06,,has_valid_before_list_date,2021-11-15,2021-11-15,2026-05-07,,,"1,5,15,30,60,90,120",
920122.BJ,中纺标,L,2022-09-27,,has_valid_before_list_date,2021-11-15,2021-11-15,2026-05-07,,,"1,5,15,30,60,90,120",
920123.BJ,芭薇股份,L,2024-03-29,,has_valid_before_list_date,2021-11-15,2021-11-15,2026-05-07,,,"1,5,15,30,60,90,120",
920130.BJ,立方控股,L,2023-11-02,,has_valid_before_list_date,2021-11-15,2021-11-15,2026-05-07,,,"1,5,15,30,60,90,120",
920132.BJ,泰鹏智能,L,2023-11-16,,has_valid_before_list_date,2021-11-15,2021-12-15,2026-05-07,,,"1,5,15,30,60,90,120",
920139.BJ,华岭股份,L,2022-10-28,,has_valid_before_list_date,2021-11-15,2021-11-15,2026-05-07,,,"1,5,15,30,60,90,120",
920152.BJ,昆工科技,L,2022-09-01,,has_valid_before_list_date,2021-11-15,2021-11-15,2026-05-07,,,"1,5,15,30,60,90,120",
920175.BJ,东方碳素,L,2023-06-30,,has_valid_before_list_date,2021-11-15,2021-11-15,2026-05-07,,,"1,5,15,30,60,90,120",
920190.BJ,雷神科技,L,2022-12-23,,has_valid_before_list_date,2021-11-15,2021-11-15,2026-05-07,,,"1,5,15,30,60,90,120",
920195.BJ,三祥科技,L,2022-12-30,,has_valid_before_list_date,2021-11-15,2021-11-15,2026-05-07,,,"1,5,15,30,60,90,120",
920199.BJ,倍益康,L,2022-12-01,,has_valid_before_list_date,2021-11-15,2021-11-15,2026-05-07,,,"1,5,15,30,60,90,120",
920207.BJ,众诚科技,L,2022-09-23,,has_valid_before_list_date,2021-11-15,2021-11-15,2026-05-07,,,"1,5,15,30,60,90,120",
920208.BJ,青矩技术,L,2023-06-29,,has_valid_before_list_date,2021-11-15,2021-11-15,2026-05-07,,,"1,5,15,30,60,90,120",
920221.BJ,易实精密,L,2023-06-08,,has_valid_before_list_date,2021-11-15,2021-11-15,2026-05-07,,,"1,5,15,30,60,90,120",
920227.BJ,美登科技,L,2022-12-28,,has_valid_before_list_date,2021-11-15,2021-11-15,2026-05-07,,,"1,5,15,30,60,90,120",
920230.BJ,欧康医药,L,2022-12-09,,has_valid_before_list_date,2021-11-15,2021-11-15,2026-05-07,,,"1,5,15,30,60,90,120",
920237.BJ,力佳科技,L,2022-11-25,,has_valid_before_list_date,2021-11-15,2021-11-15,2026-05-07,,,"1,5,15,30,60,90,120",
920247.BJ,华密新材,L,2022-12-23,,has_valid_before_list_date,2021-11-15,2021-11-15,2026-05-07,,,"1,5,15,30,60,90,120",
920249.BJ,利尔达,L,2023-02-17,,has_valid_before_list_date,2021-11-15,2021-11-15,2026-05-07,,,"1,5,15,30,60,90,120",
920252.BJ,天宏锂电,L,2023-01-19,,has_valid_before_list_date,2021-11-15,2021-11-15,2026-05-07,,,"1,5,15,30,60,90,120",
920261.BJ,一诺威,L,2023-04-03,,has_valid_before_list_date,2021-11-15,2021-11-15,2026-05-07,,,"1,5,15,30,60,90,120",
920262.BJ,太湖雪,L,2022-12-30,,has_valid_before_list_date,2021-11-15,2021-11-15,2026-05-07,,,"1,5,15,30,60,90,120",
920270.BJ,天铭科技,L,2022-09-02,,has_valid_before_list_date,2021-11-15,2021-11-15,2026-05-07,,,"1,5,15,30,60,90,120",
920273.BJ,一致魔芋,L,2023-02-21,,has_valid_before_list_date,2021-11-15,2021-11-15,2026-05-07,,,"1,5,15,30,60,90,120",
920274.BJ,宏裕包材,L,2023-08-18,,has_valid_before_list_date,2021-11-15,2021-11-15,2026-05-07,,,"1,5,15,30,60,90,120",
920284.BJ,灵鸽科技,L,2023-12-19,,has_valid_before_list_date,2021-11-15,2021-11-15,2026-05-07,,,"1,5,15,30,60,90,120",
920300.BJ,辰光医疗,L,2022-12-07,,has_valid_before_list_date,2021-11-15,2021-11-15,2026-05-07,,,"1,5,15,30,60,90,120",
920304.BJ,迪尔化工,L,2023-04-18,,has_valid_before_list_date,2021-11-15,2021-11-15,2026-05-07,,,"1,5,15,30,60,90,120",
920339.BJ,恒太照明,L,2022-11-17,,has_valid_before_list_date,2021-11-15,2021-11-15,2026-05-07,,,"1,5,15,30,60,90,120",
920351.BJ,华光源海,L,2022-12-29,,has_valid_before_list_date,2021-11-15,2021-11-15,2026-05-07,,,"1,5,15,30,60,90,120",
920357.BJ,雅葆轩,L,2022-11-18,,has_valid_before_list_date,2021-11-15,2021-12-22,2026-05-07,,,"1,5,15,30,60,90,120",
920367.BJ,新赣江,L,2023-02-09,,has_valid_before_list_date,2021-11-15,2021-11-15,2026-05-07,,,"1,5,15,30,60,90,120",
920371.BJ,欧福蛋业,L,2023-01-18,,has_valid_before_list_date,2021-11-15,2022-03-29,2026-05-07,,,"1,5,15,30,60,90,120",
920374.BJ,云里物里,L,2022-11-29,,has_valid_before_list_date,2021-11-15,2021-11-15,2026-05-07,,,"1,5,15,30,60,90,120",
920375.BJ,派诺科技,L,2023-12-14,,has_valid_before_list_date,2021-11-15,2021-11-15,2026-05-07,,,"1,5,15,30,60,90,120",
920392.BJ,佳合科技,L,2022-12-30,,has_valid_before_list_date,2021-11-15,2021-11-15,2026-05-07,,,"1,5,15,30,60,90,120",
920394.BJ,民士达,L,2023-04-25,,has_valid_before_list_date,2021-11-15,2021-11-15,2026-05-07,,,"1,5,15,30,60,90,120",
920395.BJ,朗鸿科技,L,2022-09-01,,has_valid_before_list_date,2021-11-15,2021-11-15,2026-05-07,,,"1,5,15,30,60,90,120",
920402.BJ,硅烷科技,L,2022-09-28,,has_valid_before_list_date,2021-11-15,2021-11-15,2026-05-07,,,"1,5,15,30,60,90,120",
920403.BJ,康农种业,L,2024-01-18,,has_valid_before_list_date,2021-11-15,2021-11-15,2026-05-07,,,"1,5,15,30,60,90,120",
920407.BJ,驰诚股份,L,2023-02-16,,has_valid_before_list_date,2021-11-15,2021-11-15,2026-05-07,,,"1,5,15,30,60,90,120",
920414.BJ,欧普泰,L,2022-12-12,,has_valid_before_list_date,2021-11-15,2021-11-15,2026-05-07,,,"1,5,15,30,60,90,120",
920422.BJ,润普食品,L,2023-03-01,,has_valid_before_list_date,2021-11-15,2021-11-15,2026-05-07,,,"1,5,15,30,60,90,120",
920425.BJ,乐创技术,L,2023-01-30,,has_valid_before_list_date,2021-11-15,2021-11-15,2026-05-07,,,"1,5,15,30,60,90,120",
920429.BJ,康比特,L,2022-12-15,,has_valid_before_list_date,2021-11-15,2021-11-15,2026-05-07,,,"1,5,15,30,60,90,120",
920438.BJ,戈碧迦,L,2024-03-25,,has_valid_before_list_date,2021-11-15,2021-11-15,2026-05-07,,,"1,5,15,30,60,90,120",
920455.BJ,汇隆活塞,L,2023-06-21,,has_valid_before_list_date,2021-11-15,2021-11-15,2026-05-07,,,"1,5,15,30,60,90,120",
920469.BJ,富恒新材,L,2023-09-18,,has_valid_before_list_date,2021-11-15,2021-11-15,2026-05-07,,,"1,5,15,30,60,90,120",
920471.BJ,美邦科技,L,2023-05-25,,has_valid_before_list_date,2021-11-15,2021-11-15,2026-05-07,,,"1,5,15,30,60,90,120",
920476.BJ,海能技术,L,2022-10-14,,has_valid_before_list_date,2021-11-15,2021-11-15,2026-05-07,,,"1,5,15,30,60,90,120",
920478.BJ,峆一药业,L,2023-02-23,,has_valid_before_list_date,2021-11-15,2021-11-15,2026-05-07,,,"1,5,15,30,60,90,120",
920493.BJ,并行科技,L,2023-11-01,,has_valid_before_list_date,2021-11-15,2021-11-15,2026-05-07,,,"1,5,15,30,60,90,120",
920496.BJ,许昌智能,L,2024-01-26,,has_valid_before_list_date,2021-11-15,2021-11-15,2026-05-07,,,"1,5,15,30,60,90,120",
920504.BJ,博迅生物,L,2023-08-17,,has_valid_before_list_date,2021-11-15,2021-11-15,2026-05-07,,,"1,5,15,30,60,90,120",
920505.BJ,九菱科技,L,2022-12-21,,has_valid_before_list_date,2021-11-15,2021-11-15,2026-05-07,,,"1,5,15,30,60,90,120",
920519.BJ,万德股份,L,2023-09-15,,has_valid_before_list_date,2021-11-15,2021-11-15,2026-05-07,,,"1,5,15,30,60,90,120",
920522.BJ,纳科诺尔,L,2023-11-16,,has_valid_before_list_date,2021-11-15,2021-11-15,2026-05-07,,,"1,5,15,30,60,90,120",
920526.BJ,凯华材料,L,2022-12-22,,has_valid_before_list_date,2021-11-15,2021-11-15,2026-05-07,,,"1,5,15,30,60,90,120",
920527.BJ,夜光明,L,2022-10-27,,has_valid_before_list_date,2021-11-15,2021-11-15,2026-05-07,,,"1,5,15,30,60,90,120",
920541.BJ,铁大科技,L,2023-03-10,,has_valid_before_list_date,2021-11-15,2021-11-15,2026-05-07,,,"1,5,15,30,60,90,120",
920547.BJ,无锡晶海,L,2023-12-12,,has_valid_before_list_date,2021-11-15,2022-08-24,2026-05-07,,,"1,5,15,30,60,90,120",
920556.BJ,雅达股份,L,2023-03-17,,has_valid_before_list_date,2021-11-15,2021-11-15,2026-05-07,,,"1,5,15,30,60,90,120",
920570.BJ,坤博精工,L,2023-11-23,,has_valid_before_list_date,2021-11-15,2022-09-13,2026-05-07,,,"1,5,15,30,60,90,120",
920571.BJ,国航远洋,L,2022-12-15,,has_valid_before_list_date,2021-11-15,2021-11-15,2026-05-07,,,"1,5,15,30,60,90,120",
920575.BJ,康乐卫士,L,2023-03-15,,has_valid_before_list_date,2021-11-15,2021-11-15,2026-05-07,,,"1,5,15,30,60,90,120",
920576.BJ,天力复合,L,2023-07-12,,has_valid_before_list_date,2021-11-15,2021-11-15,2026-05-07,,,"1,5,15,30,60,90,120",
920578.BJ,巨能股份,L,2023-05-12,,has_valid_before_list_date,2021-11-15,2021-11-15,2026-05-07,,,"1,5,15,30,60,90,120",
920579.BJ,机科股份,L,2023-11-30,,has_valid_before_list_date,2021-11-15,2021-11-15,2026-05-07,,,"1,5,15,30,60,90,120",
920592.BJ,华信永道,L,2023-07-10,,has_valid_before_list_date,2021-11-15,2021-11-15,2026-05-07,,,"1,5,15,30,60,90,120",
920593.BJ,鼎智科技,L,2023-04-13,,has_valid_before_list_date,2021-11-15,2022-02-18,2026-05-07,,,"1,5,15,30,60,90,120",
920608.BJ,丰安股份,L,2022-12-16,,has_valid_before_list_date,2021-11-15,2021-11-15,2026-05-07,,,"1,5,15,30,60,90,120",
920627.BJ,力王股份,L,2023-09-07,,has_valid_before_list_date,2021-11-15,2021-11-15,2026-05-07,,,"1,5,15,30,60,90,120",
920634.BJ,新威凌,L,2022-11-24,,has_valid_before_list_date,2021-11-15,2021-11-15,2026-05-07,,,"1,5,15,30,60,90,120",
920641.BJ,格利尔,L,2022-12-02,,has_valid_before_list_date,2021-11-15,2021-11-15,2026-05-07,,,"1,5,15,30,60,90,120",
920651.BJ,天罡股份,L,2023-06-27,,has_valid_before_list_date,2021-11-15,2021-11-15,2026-05-07,,,"1,5,15,30,60,90,120",
920656.BJ,海昇药业,L,2024-02-02,,has_valid_before_list_date,2021-11-15,2021-11-15,2026-05-07,,,"1,5,15,30,60,90,120",
920662.BJ,方盛股份,L,2022-11-28,,has_valid_before_list_date,2021-11-15,2021-11-15,2026-05-07,,,"1,5,15,30,60,90,120",
920663.BJ,明阳科技,L,2023-03-15,,has_valid_before_list_date,2021-11-15,2021-11-15,2026-05-07,,,"1,5,15,30,60,90,120",
920665.BJ,科强股份,L,2023-09-26,,has_valid_before_list_date,2022-02-21,2022-02-21,2026-05-07,,,"1,5,15,30,60,90,120",
920685.BJ,新芝生物,L,2022-10-10,,has_valid_before_list_date,2021-11-15,2021-11-15,2026-05-07,,,"1,5,15,30,60,90,120",
920690.BJ,捷众科技,L,2024-01-05,,has_valid_before_list_date,2022-05-27,2022-05-27,2026-05-07,,,"1,5,15,30,60,90,120",
920694.BJ,中裕科技,L,2023-04-24,,has_valid_before_list_date,2021-11-15,2021-11-15,2026-05-07,,,"1,5,15,30,60,90,120",
920701.BJ,豪声电子,L,2023-07-19,,has_valid_before_list_date,2021-11-15,2021-11-15,2026-05-07,,,"1,5,15,30,60,90,120",
920706.BJ,铁拓机械,L,2024-03-08,,has_valid_before_list_date,2022-05-26,2022-05-27,2026-05-07,,,"1,5,15,30,60,90,120",
920717.BJ,瑞星股份,L,2023-07-03,,has_valid_before_list_date,2021-11-15,2021-11-15,2026-05-07,,,"1,5,15,30,60,90,120",
920718.BJ,合肥高科,L,2022-12-22,,has_valid_before_list_date,2021-11-15,2021-11-15,2026-05-07,,,"1,5,15,30,60,90,120",
920719.BJ,宁新新材,L,2023-05-26,,has_valid_before_list_date,2021-11-15,2021-11-15,2026-05-07,,,"1,5,15,30,60,90,120",
920725.BJ,惠丰钻石,L,2022-07-18,,has_valid_before_list_date,2021-11-15,2021-11-15,2026-05-07,,,"1,5,15,30,60,90,120",
920748.BJ,路桥信息,L,2023-08-16,,has_valid_before_list_date,2021-11-15,2021-11-15,2026-05-07,,,"1,5,15,30,60,90,120",
920751.BJ,惠同新材,L,2023-07-17,,has_valid_before_list_date,2021-11-15,2021-11-15,2026-05-07,,,"1,5,15,30,60,90,120",
920753.BJ,天纺标,L,2022-10-31,,has_valid_before_list_date,2021-11-15,2021-11-15,2026-05-07,,,"1,5,15,30,60,90,120",
920770.BJ,艾能聚,L,2023-02-28,,has_valid_before_list_date,2021-11-15,2021-11-15,2026-05-07,,,"1,5,15,30,60,90,120",
920779.BJ,武汉蓝电,L,2023-06-01,,has_valid_before_list_date,2021-11-15,2021-11-15,2026-05-07,,,"1,5,15,30,60,90,120",
920781.BJ,瑞奇智造,L,2022-12-26,,has_valid_before_list_date,2021-11-15,2021-11-15,2026-05-07,,,"1,5,15,30,60,90,120",
920786.BJ,骑士乳业,L,2023-10-13,,has_valid_before_list_date,2021-11-15,2021-11-15,2026-05-07,,,"1,5,15,30,60,90,120",
920790.BJ,联迪信息,L,2022-09-02,,has_valid_before_list_date,2021-11-15,2021-11-15,2026-05-07,,,"1,5,15,30,60,90,120",
920792.BJ,东和新材,L,2023-03-30,,has_valid_before_list_date,2021-11-15,2021-11-15,2026-05-07,,,"1,5,15,30,60,90,120",
920802.BJ,保丽洁,L,2023-02-06,,has_valid_before_list_date,2021-11-15,2021-11-15,2026-05-07,,,"1,5,15,30,60,90,120",
920807.BJ,奔朗新材,L,2022-12-20,,has_valid_before_list_date,2021-11-15,2021-11-15,2026-05-07,,,"1,5,15,30,60,90,120",
920808.BJ,曙光数创,L,2022-11-18,,has_valid_before_list_date,2021-11-15,2021-11-15,2026-05-07,,,"1,5,15,30,60,90,120",
920809.BJ,安达科技,L,2023-03-23,,has_valid_before_list_date,2021-11-15,2021-11-15,2026-05-07,,,"1,5,15,30,60,90,120",
920810.BJ,春光智能,L,2022-12-16,,has_valid_before_list_date,2021-11-15,2021-11-15,2026-05-07,,,"1,5,15,30,60,90,120",
920833.BJ,美心翼申,L,2023-11-08,,has_valid_before_list_date,2022-06-30,2022-06-30,2026-05-07,,,"1,5,15,30,60,90,120",
920834.BJ,三维装备,L,2022-08-22,,has_valid_before_list_date,2021-11-15,2021-11-15,2026-05-07,,,"1,5,15,30,60,90,120",
920837.BJ,华原股份,L,2023-05-15,,has_valid_before_list_date,2021-11-15,2022-06-06,2026-05-07,,,"1,5,15,30,60,90,120",
920855.BJ,浙江大农,L,2022-12-29,,has_valid_before_list_date,2021-11-15,2021-11-15,2026-05-07,,,"1,5,15,30,60,90,120",
920866.BJ,绿亨科技,L,2022-12-09,,has_valid_before_list_date,2021-11-15,2021-11-15,2026-05-07,,,"1,5,15,30,60,90,120",
920871.BJ,派特尔,L,2022-07-22,,has_valid_before_list_date,2021-11-15,2021-11-15,2026-05-07,,,"1,5,15,30,60,90,120",
920876.BJ,慧为智能,L,2022-11-09,,has_valid_before_list_date,2021-11-15,2021-11-15,2026-05-07,,,"1,5,15,30,60,90,120",
920879.BJ,基康技术,L,2022-12-20,,has_valid_before_list_date,2021-11-15,2021-11-15,2026-05-07,,,"1,5,15,30,60,90,120",
920895.BJ,花溪科技,L,2023-04-06,,has_valid_before_list_date,2021-11-15,2021-11-15,2026-05-07,,,"1,5,15,30,60,90,120",
920896.BJ,旺成科技,L,2023-04-19,,has_valid_before_list_date,2021-11-15,2021-11-15,2026-05-07,,,"1,5,15,30,60,90,120",
920906.BJ,舜宇精工,L,2023-02-22,,has_valid_before_list_date,2021-11-15,2021-11-15,2026-05-07,,,"1,5,15,30,60,90,120",
920914.BJ,远航精密,L,2022-11-11,,has_valid_before_list_date,2021-11-15,2021-11-15,2026-05-07,,,"1,5,15,30,60,90,120",
920931.BJ,无锡鼎邦,L,2024-04-08,,has_valid_before_list_date,2021-11-15,2021-11-15,2026-05-07,,,"1,5,15,30,60,90,120",
920942.BJ,恒立钻具,L,2022-12-08,,has_valid_before_list_date,2021-11-15,2021-11-15,2026-05-07,,,"1,5,15,30,60,90,120",
920957.BJ,汉维科技,L,2022-12-14,,has_valid_before_list_date,2021-11-15,2021-11-15,2026-05-07,,,"1,5,15,30,60,90,120",
920971.BJ,天马新材,L,2022-09-27,,has_valid_before_list_date,2021-11-15,2021-11-15,2026-05-07,,,"1,5,15,30,60,90,120",
920974.BJ,凯大催化,L,2023-03-08,,has_valid_before_list_date,2021-11-15,2021-11-15,2026-05-07,,,"1,5,15,30,60,90,120",
920976.BJ,视声智能,L,2023-09-01,,has_valid_before_list_date,2021-11-15,2021-11-15,2026-05-07,,,"1,5,15,30,60,90,120",
920978.BJ,开特股份,L,2023-09-28,,has_valid_before_list_date,2021-11-15,2021-11-15,2026-05-07,,,"1,5,15,30,60,90,120",
920982.BJ,锦波生物,L,2023-07-20,,has_valid_before_list_date,2021-11-15,2021-11-15,2026-05-07,,,"1,5,15,30,60,90,120",
920985.BJ,海泰新能,L,2022-08-08,,has_valid_before_list_date,2021-11-15,2021-11-15,2026-05-07,,,"1,5,15,30,60,90,120",
920992.BJ,中科美菱,L,2022-10-18,,has_valid_before_list_date,2021-11-15,2021-11-15,2026-05-07,,,"1,5,15,30,60,90,120",
601717.SH,中创智领,L,2010-08-03,,prelist_rows_invalid_only,2010-07-30,2010-08-03,2026-05-07,,,,1
920002.BJ,万达轴承,L,2024-05-30,,prelist_rows_invalid_only,2024-05-21,2024-05-30,2026-05-07,,,,"1,5,15,30,60,90,120"
920003.BJ,中诚咨询,L,2025-11-07,,prelist_rows_invalid_only,2025-10-28,2025-11-07,2026-05-07,,,,"1,5,15,30,60,90,120"
920005.BJ,鼎佳精密,L,2025-07-31,,prelist_rows_invalid_only,2025-07-22,2025-07-31,2026-05-07,,,,"1,5,15,30,60,90,120"
920007.BJ,酉立智能,L,2025-08-08,,prelist_rows_invalid_only,2025-07-29,2025-08-08,2026-05-07,,,,"1,5,15,30,60,90,120"
920008.BJ,成电光信,L,2024-08-29,,prelist_rows_invalid_only,2024-08-20,2024-08-29,2026-05-07,,,,"1,5,15,30,60,90,120"
920009.BJ,丹娜生物,L,2025-11-03,,prelist_rows_invalid_only,2025-10-22,2025-11-03,2026-05-07,,,,"1,5,15,30,60,90,120"
920015.BJ,锦华新材,L,2025-09-25,,prelist_rows_invalid_only,2025-09-16,2025-09-25,2026-05-07,,,,"1,5,15,30,60,90,120"
920016.BJ,中草香料,L,2024-09-13,,prelist_rows_invalid_only,2024-09-03,2024-09-13,2026-05-07,,,,"1,5,15,30,60,90,120"
920018.BJ,宏远股份,L,2025-08-20,,prelist_rows_invalid_only,2025-08-11,2025-08-20,2026-05-07,,,,"1,5,15,30,60,90,120"
920019.BJ,铜冠矿建,L,2024-10-11,,prelist_rows_invalid_only,2024-09-18,2024-10-11,2026-05-07,,,,"1,5,15,30,60,90,120"
920020.BJ,泰凯英,L,2025-10-28,,prelist_rows_invalid_only,2025-10-15,2025-10-28,2026-05-07,,,,"1,5,15,30,60,90,120"
920022.BJ,世昌股份,L,2025-09-19,,prelist_rows_invalid_only,2025-09-09,2025-09-19,2026-05-07,,,,"1,5,15,30,60,90,120"
920026.BJ,卓兆点胶,L,2023-10-19,,prelist_rows_invalid_only,2022-06-24,2023-10-19,2026-05-07,,,,"1,5,15,30,60,90,120"
920027.BJ,交大铁发,L,2025-06-10,,prelist_rows_invalid_only,2025-05-27,2025-06-10,2026-05-07,,,,"1,5,15,30,60,90,120"
920029.BJ,开发科技,L,2025-03-28,,prelist_rows_invalid_only,2025-03-18,2025-03-28,2026-05-07,,,,"1,5,15,30,60,90,120"
920037.BJ,广信科技,L,2025-06-26,,prelist_rows_invalid_only,2025-06-17,2025-06-26,2026-05-07,,,,"1,5,15,30,60,90,120"
920056.BJ,能之光,L,2025-08-22,,prelist_rows_invalid_only,2025-08-13,2025-08-22,2026-05-07,,,,"1,5,15,30,60,90,120"
920060.BJ,万源通,L,2024-11-19,,prelist_rows_invalid_only,2024-11-08,2024-11-19,2026-05-07,,,,"1,5,15,30,60,90,120"
920066.BJ,科拜尔,L,2024-10-31,,prelist_rows_invalid_only,2024-10-22,2024-10-31,2026-05-07,,,,"1,5,15,30,60,90,120"
920068.BJ,XD天工股,L,2025-05-13,,prelist_rows_invalid_only,2025-04-28,2025-05-13,2026-05-07,,,,"1,5,15,30,60,90,120"
920080.BJ,奥美森,L,2025-10-10,,prelist_rows_invalid_only,2025-09-22,2025-10-10,2026-05-07,,,,"1,5,15,30,60,90,120"
920082.BJ,方正阀门,L,2024-12-26,,prelist_rows_invalid_only,2024-12-17,2024-12-26,2026-05-07,,,,"1,5,15,30,60,90,120"
920088.BJ,科力股份,L,2024-10-29,,prelist_rows_invalid_only,2024-10-18,2024-10-29,2026-05-07,,,,"1,5,15,30,60,90,120"
920098.BJ,科隆新材,L,2024-12-05,,prelist_rows_invalid_only,2024-11-26,2024-12-05,2026-05-07,,,,"1,5,15,30,60,90,120"
920099.BJ,瑞华技术,L,2024-09-25,,prelist_rows_invalid_only,2024-09-10,2024-09-25,2026-05-07,,,,"1,5,15,30,60,90,120"
920100.BJ,三协电机,L,2025-09-08,,prelist_rows_invalid_only,2025-08-26,2025-09-08,2026-05-07,,,,"1,5,15,30,60,90,120"
920101.BJ,志高机械,L,2025-08-14,,prelist_rows_invalid_only,2025-08-05,2025-08-14,2026-05-07,,,,"1,5,15,30,60,90,120"
920106.BJ,林泰新材,L,2024-12-18,,prelist_rows_invalid_only,2024-12-10,2024-12-18,2026-05-07,,,,"1,5,15,30,60,90,120"
920108.BJ,宏海科技,L,2025-02-06,,prelist_rows_invalid_only,2025-01-17,2025-02-06,2026-05-07,,,,"1,5,15,30,60,90,120"
920111.BJ,聚星科技,L,2024-11-11,,prelist_rows_invalid_only,2024-10-29,2024-11-11,2026-05-07,,,,"1,5,15,30,60,90,120"
920112.BJ,巴兰仕,L,2025-08-28,,prelist_rows_invalid_only,2025-08-19,2025-08-28,2026-05-07,,,,"1,5,15,30,60,90,120"
920116.BJ,星图测控,L,2025-01-02,,prelist_rows_invalid_only,2024-12-24,2025-01-02,2026-05-07,,,,"1,5,15,30,60,90,120"
920118.BJ,太湖远大,L,2024-08-22,,prelist_rows_invalid_only,2024-08-13,2024-08-22,2026-05-07,,,,"1,5,15,30,60,90,120"
920128.BJ,胜业电气,L,2024-11-29,,prelist_rows_invalid_only,2024-11-18,2024-11-29,2026-05-07,,,,"1,5,15,30,60,90,120"
920158.BJ,长江能科,L,2025-10-16,,prelist_rows_invalid_only,2025-09-24,2025-10-16,2026-05-07,,,,"1,5,15,30,60,90,120"
920363.BJ,莱赛激光,L,2023-12-28,,prelist_rows_invalid_only,2021-11-15,2023-12-28,2026-05-07,,,,"1,5,15,30,60,90,120"
920679.BJ,前进科技,L,2023-11-10,,prelist_rows_invalid_only,2022-03-25,2023-11-10,2026-05-07,,,,"1,5,15,30,60,90,120"
920693.BJ,阿为特,L,2023-10-27,,prelist_rows_invalid_only,2022-06-16,2023-10-27,2026-05-07,,,,"1,5,15,30,60,90,120"
920699.BJ,海达尔,L,2023-05-09,,prelist_rows_invalid_only,2021-11-15,2023-05-09,2026-05-07,,,,"1,5,15,30,60,90,120"
920703.BJ,广厦环能,L,2023-12-05,,prelist_rows_invalid_only,2022-05-11,2023-12-05,2026-05-07,,,,"1,5,15,30,60,90,120"
920806.BJ,云星宇,L,2024-01-11,,prelist_rows_invalid_only,2022-08-18,2024-01-11,2026-05-07,,,,"1,5,15,30,60,90,120"
920926.BJ,鸿智科技,L,2023-08-08,,prelist_rows_invalid_only,2021-11-15,2023-08-08,2026-05-07,,,,"1,5,15,30,60,90,120"
920950.BJ,迅安科技,L,2023-01-11,,prelist_rows_invalid_only,2021-11-15,2023-01-11,2026-05-07,,,,"1,5,15,30,60,90,120"
920953.BJ,国子软件,L,2023-08-23,,prelist_rows_invalid_only,2021-11-15,2023-08-23,2026-05-07,,,,"1,5,15,30,60,90,120"
